1,-19.0
1,-19.0
1,-20.0
1,-19.0
2,-20.0
2,-20.0
2,-21.0
2,-21.0
3,-21.0
3,-20.0
3,-20.0
3,-20.0
4,-21.0
4,-21.0
4,-20.0
4,-21.0
5,-21.0
5,-21.0
5,-21.0
5,-20.0
6,-21.0
6,-21.0
6,-21.0
6,-20.0
7,-21.0
7,-21.0
7,-19.0
7,-21.0
8,-21.0
8,-18.0
8,-21.0
8,-20.0
9,-21.0
9,-20.0
9,-21.0
9,-19.0
10,-21.0
10,-20.0
10,-21.0
11,-21.0
10,-21.0
11,-20.0
11,-21.0
12,-21.0
11,-21.0
12,-21.0
12,-21.0
13,-20.0
12,-21.0
13,-21.0
13,-21.0
14,-21.0
13,-21.0
14,-21.0
14,-21.0
15,-21.0
14,-20.0
15,-21.0
15,-21.0
16,-21.0
15,-21.0
16,-20.0
16,-21.0
17,-20.0
16,-20.0
17,-19.0
17,-21.0
18,-20.0
17,-20.0
18,-20.0
18,-20.0
19,-20.0
18,-21.0
19,-21.0
19,-19.0
20,-20.0
19,-21.0
20,-21.0
20,-20.0
21,-21.0
21,-21.0
20,-21.0
21,-21.0
22,-20.0
21,-18.0
22,-18.0
22,-19.0
23,-21.0
23,-21.0
22,-20.0
24,-21.0
23,-21.0
23,-21.0
24,-20.0
25,-20.0
24,-20.0
24,-20.0
25,-20.0
26,-21.0
25,-21.0
25,-20.0
26,-21.0
27,-19.0
26,-20.0
27,-21.0
26,-19.0
28,-21.0
27,-19.0
28,-21.0
29,-20.0
27,-21.0
28,-21.0
28,-21.0
29,-21.0
30,-18.0
29,-21.0
29,-20.0
30,-20.0
31,-20.0
30,-18.0
30,-20.0
31,-20.0
32,-20.0
31,-21.0
31,-21.0
32,-19.0
33,-21.0
32,-20.0
32,-21.0
34,-20.0
33,-20.0
33,-20.0
33,-19.0
35,-19.0
34,-21.0
34,-21.0
34,-20.0
36,-20.0
35,-19.0
35,-20.0
35,-21.0
37,-18.0
36,-21.0
36,-21.0
36,-21.0
37,-21.0
38,-21.0
37,-20.0
37,-20.0
38,-19.0
39,-21.0
38,-20.0
38,-21.0
40,-20.0
39,-21.0
39,-21.0
39,-19.0
40,-21.0
41,-19.0
40,-21.0
40,-21.0
41,-20.0
41,-18.0
42,-19.0
41,-21.0
42,-21.0
43,-19.0
42,-19.0
42,-21.0
43,-21.0
43,-20.0
44,-18.0
43,-19.0
44,-21.0
44,-21.0
44,-20.0
45,-20.0
45,-20.0
45,-20.0
45,-21.0
46,-19.0
46,-21.0
46,-21.0
46,-21.0
47,-20.0
47,-19.0
47,-21.0
47,-20.0
48,-20.0
48,-21.0
48,-21.0
48,-21.0
49,-20.0
49,-19.0
49,-21.0
49,-21.0
50,-21.0
50,-20.0
50,-21.0
50,-19.0
51,-21.0
51,-21.0
51,-21.0
52,-20.0
51,-20.0
52,-21.0
52,-21.0
52,-21.0
53,-20.0
53,-21.0
53,-21.0
54,-21.0
53,-19.0
54,-21.0
54,-21.0
55,-20.0
55,-21.0
54,-21.0
55,-21.0
56,-21.0
56,-21.0
55,-20.0
56,-19.0
57,-21.0
57,-20.0
56,-19.0
58,-21.0
57,-21.0
58,-20.0
57,-20.0
59,-21.0
58,-20.0
59,-20.0
58,-20.0
60,-21.0
59,-20.0
60,-21.0
61,-21.0
59,-19.0
61,-21.0
60,-21.0
62,-21.0
60,-21.0
62,-18.0
61,-21.0
63,-20.0
61,-20.0
62,-21.0
63,-21.0
64,-21.0
62,-21.0
63,-21.0
64,-20.0
65,-21.0
63,-21.0
64,-21.0
65,-20.0
66,-19.0
64,-21.0
65,-21.0
66,-21.0
67,-20.0
65,-21.0
66,-20.0
67,-19.0
68,-21.0
66,-20.0
67,-21.0
68,-21.0
69,-19.0
67,-21.0
68,-19.0
69,-20.0
68,-21.0
70,-20.0
69,-21.0
70,-21.0
69,-21.0
70,-21.0
71,-19.0
71,-20.0
70,-21.0
71,-20.0
72,-21.0
72,-21.0
71,-19.0
72,-19.0
73,-21.0
73,-20.0
72,-20.0
74,-20.0
74,-21.0
73,-17.0
73,-21.0
75,-21.0
75,-20.0
74,-21.0
74,-20.0
76,-20.0
76,-20.0
75,-21.0
75,-20.0
77,-19.0
77,-20.0
76,-21.0
76,-21.0
78,-20.0
78,-21.0
77,-21.0
77,-20.0
79,-21.0
79,-21.0
78,-20.0
78,-19.0
80,-21.0
80,-20.0
79,-20.0
81,-21.0
79,-18.0
81,-21.0
80,-21.0
82,-21.0
82,-21.0
81,-21.0
80,-17.0
83,-21.0
82,-20.0
83,-19.0
81,-21.0
84,-21.0
83,-20.0
82,-21.0
85,-21.0
84,-20.0
84,-21.0
86,-21.0
83,-21.0
85,-21.0
85,-20.0
87,-21.0
86,-21.0
84,-21.0
88,-21.0
86,-20.0
87,-20.0
85,-20.0
89,-20.0
87,-21.0
86,-20.0
88,-21.0
90,-21.0
89,-19.0
87,-19.0
88,-19.0
91,-20.0
90,-20.0
88,-21.0
92,-21.0
89,-20.0
91,-20.0
89,-21.0
93,-21.0
90,-20.0
92,-21.0
90,-20.0
94,-20.0
91,-20.0
93,-21.0
91,-21.0
95,-21.0
92,-21.0
94,-20.0
92,-18.0
96,-20.0
93,-21.0
95,-19.0
93,-21.0
94,-21.0
97,-20.0
94,-19.0
95,-21.0
96,-21.0
98,-20.0
97,-21.0
95,-21.0
96,-21.0
99,-20.0
98,-21.0
96,-21.0
97,-21.0
100,-20.0
98,-21.0
99,-20.0
97,-20.0
101,-20.0
99,-21.0
100,-21.0
98,-19.0
102,-20.0
100,-21.0
99,-20.0
103,-21.0
101,-21.0
101,-21.0
100,-21.0
104,-21.0
102,-18.0
102,-21.0
101,-20.0
105,-21.0
103,-21.0
103,-21.0
102,-20.0
106,-19.0
104,-19.0
104,-21.0
103,-20.0
107,-21.0
105,-20.0
105,-21.0
108,-21.0
104,-21.0
106,-20.0
106,-21.0
109,-20.0
105,-21.0
107,-21.0
107,-21.0
110,-21.0
108,-20.0
106,-20.0
108,-21.0
111,-21.0
109,-20.0
107,-21.0
109,-21.0
112,-19.0
110,-20.0
108,-20.0
110,-20.0
113,-20.0
111,-21.0
109,-20.0
111,-21.0
114,-19.0
112,-21.0
110,-20.0
112,-19.0
113,-21.0
115,-19.0
111,-21.0
113,-19.0
114,-21.0
116,-20.0
112,-21.0
114,-17.0
115,-19.0
117,-19.0
113,-21.0
115,-20.0
114,-21.0
116,-20.0
118,-20.0
116,-21.0
115,-19.0
117,-20.0
119,-18.0
117,-21.0
118,-21.0
116,-21.0
120,-21.0
118,-21.0
117,-21.0
119,-19.0
121,-20.0
119,-21.0
118,-20.0
120,-21.0
122,-19.0
120,-20.0
121,-21.0
119,-20.0
123,-20.0
122,-19.0
121,-21.0
120,-20.0
124,-21.0
123,-20.0
122,-21.0
121,-20.0
125,-19.0
124,-20.0
123,-21.0
122,-20.0
126,-20.0
124,-21.0
125,-18.0
123,-20.0
127,-20.0
125,-19.0
124,-21.0
126,-20.0
128,-21.0
125,-21.0
126,-21.0
127,-21.0
129,-20.0
126,-21.0
127,-20.0
128,-19.0
130,-21.0
127,-21.0
131,-21.0
128,-20.0
129,-20.0
128,-19.0
132,-20.0
129,-21.0
130,-21.0
129,-20.0
133,-21.0
130,-20.0
131,-20.0
134,-21.0
130,-20.0
131,-21.0
132,-19.0
132,-20.0
135,-20.0
131,-20.0
133,-18.0
133,-21.0
136,-21.0
132,-20.0
134,-21.0
134,-20.0
137,-19.0
133,-21.0
135,-19.0
138,-21.0
135,-19.0
134,-21.0
136,-21.0
139,-19.0
135,-20.0
136,-18.0
137,-21.0
140,-20.0
136,-20.0
137,-20.0
138,-21.0
141,-21.0
137,-21.0
139,-21.0
138,-21.0
142,-21.0
138,-21.0
140,-21.0
139,-20.0
143,-21.0
139,-21.0
141,-20.0
140,-20.0
144,-21.0
140,-21.0
142,-21.0
141,-20.0
145,-21.0
141,-21.0
143,-21.0
146,-21.0
142,-19.0
142,-21.0
144,-21.0
147,-20.0
143,-21.0
143,-19.0
145,-21.0
148,-20.0
144,-20.0
146,-21.0
144,-20.0
149,-20.0
147,-21.0
145,-21.0
145,-20.0
150,-20.0
148,-21.0
146,-19.0
146,-21.0
151,-21.0
149,-20.0
147,-20.0
152,-21.0
147,-21.0
150,-21.0
153,-20.0
148,-21.0
148,-21.0
151,-20.0
154,-21.0
149,-21.0
149,-21.0
152,-21.0
150,-21.0
155,-19.0
150,-21.0
153,-21.0
151,-21.0
151,-20.0
156,-20.0
154,-21.0
152,-21.0
157,-21.0
152,-21.0
155,-21.0
153,-20.0
158,-20.0
156,-21.0
153,-21.0
154,-19.0
159,-19.0
157,-19.0
154,-19.0
155,-20.0
158,-20.0
160,-20.0
155,-21.0
159,-20.0
156,-19.0
161,-21.0
156,-18.0
162,-21.0
157,-21.0
160,-18.0
157,-20.0
163,-19.0
158,-21.0
161,-20.0
158,-21.0
159,-21.0
164,-21.0
159,-20.0
162,-21.0
160,-20.0
165,-21.0
160,-20.0
163,-21.0
161,-20.0
166,-20.0
161,-21.0
164,-21.0
167,-21.0
162,-21.0
162,-18.0
165,-21.0
168,-20.0
163,-19.0
163,-20.0
166,-20.0
169,-20.0
164,-20.0
164,-21.0
167,-21.0
170,-21.0
165,-20.0
165,-21.0
168,-21.0
171,-20.0
166,-21.0
169,-21.0
166,-21.0
167,-21.0
172,-20.0
170,-21.0
167,-19.0
173,-21.0
168,-19.0
171,-21.0
168,-20.0
169,-21.0
174,-19.0
172,-20.0
169,-21.0
170,-21.0
175,-21.0
173,-21.0
170,-21.0
171,-21.0
176,-21.0
171,-20.0
174,-20.0
172,-21.0
177,-20.0
172,-21.0
175,-21.0
173,-21.0
178,-21.0
173,-20.0
176,-19.0
179,-21.0
174,-20.0
174,-19.0
177,-21.0
180,-21.0
175,-19.0
175,-21.0
178,-19.0
181,-21.0
176,-20.0
176,-18.0
182,-20.0
179,-19.0
177,-19.0
183,-21.0
177,-21.0
180,-21.0
178,-21.0
178,-21.0
184,-21.0
181,-21.0
179,-19.0
179,-18.0
185,-20.0
182,-21.0
180,-21.0
180,-21.0
186,-21.0
183,-20.0
181,-20.0
187,-20.0
181,-20.0
184,-20.0
182,-19.0
188,-20.0
185,-20.0
182,-20.0
183,-21.0
189,-20.0
186,-21.0
183,-21.0
184,-21.0
190,-21.0
187,-21.0
184,-21.0
185,-21.0
191,-19.0
185,-20.0
188,-20.0
186,-21.0
192,-20.0
186,-19.0
189,-20.0
187,-20.0
193,-21.0
187,-21.0
190,-21.0
188,-20.0
194,-20.0
191,-20.0
188,-15.0
189,-20.0
192,-21.0
195,-19.0
190,-21.0
189,-19.0
193,-21.0
196,-19.0
191,-20.0
190,-21.0
194,-21.0
197,-21.0
191,-20.0
192,-20.0
195,-21.0
198,-21.0
192,-21.0
196,-19.0
193,-20.0
199,-20.0
193,-20.0
194,-21.0
197,-18.0
200,-21.0
194,-21.0
195,-21.0
201,-21.0
198,-20.0
195,-18.0
196,-21.0
202,-20.0
199,-18.0
196,-19.0
197,-20.0
203,-21.0
200,-20.0
198,-21.0
197,-20.0
204,-20.0
201,-21.0
199,-20.0
198,-20.0
205,-21.0
202,-19.0
200,-21.0
206,-21.0
199,-21.0
201,-21.0
203,-20.0
207,-19.0
200,-20.0
202,-21.0
201,-21.0
204,-21.0
208,-20.0
203,-20.0
202,-21.0
205,-21.0
209,-21.0
204,-20.0
203,-21.0
206,-21.0
205,-21.0
210,-18.0
204,-19.0
207,-21.0
206,-20.0
211,-21.0
208,-21.0
205,-21.0
207,-21.0
209,-18.0
212,-20.0
206,-19.0
208,-21.0
213,-21.0
210,-21.0
207,-21.0
209,-20.0
214,-19.0
208,-20.0
211,-17.0
210,-20.0
209,-21.0
215,-19.0
212,-20.0
211,-20.0
210,-18.0
213,-21.0
216,-21.0
212,-21.0
211,-21.0
214,-20.0
217,-21.0
213,-20.0
212,-21.0
215,-21.0
218,-19.0
214,-21.0
213,-21.0
216,-20.0
219,-21.0
215,-21.0
214,-18.0
220,-21.0
217,-21.0
216,-20.0
215,-21.0
218,-21.0
221,-19.0
217,-20.0
216,-20.0
219,-21.0
222,-21.0
218,-20.0
217,-20.0
220,-21.0
223,-20.0
219,-21.0
218,-21.0
221,-21.0
224,-21.0
220,-21.0
219,-21.0
222,-19.0
221,-21.0
225,-20.0
220,-20.0
223,-20.0
222,-18.0
226,-20.0
221,-20.0
224,-21.0
223,-21.0
227,-21.0
222,-21.0
225,-21.0
224,-20.0
228,-21.0
223,-19.0
226,-21.0
225,-20.0
229,-20.0
224,-21.0
227,-21.0
226,-20.0
230,-21.0
228,-19.0
225,-19.0
227,-20.0
231,-21.0
229,-20.0
226,-20.0
228,-21.0
232,-19.0
227,-21.0
230,-20.0
229,-21.0
233,-21.0
228,-17.0
231,-21.0
234,-19.0
230,-19.0
232,-21.0
229,-20.0
235,-21.0
231,-18.0
233,-21.0
236,-20.0
230,-20.0
232,-21.0
234,-21.0
237,-21.0
231,-20.0
233,-21.0
235,-21.0
238,-21.0
232,-20.0
234,-19.0
236,-21.0
239,-20.0
233,-21.0
235,-20.0
237,-21.0
240,-21.0
234,-20.0
236,-21.0
238,-19.0
241,-21.0
235,-17.0
237,-20.0
239,-21.0
242,-20.0
238,-20.0
236,-21.0
240,-21.0
243,-21.0
237,-21.0
239,-20.0
241,-21.0
244,-20.0
238,-20.0
240,-19.0
242,-21.0
245,-21.0
239,-19.0
241,-21.0
243,-20.0
246,-21.0
240,-21.0
242,-19.0
244,-21.0
247,-21.0
241,-21.0
245,-21.0
243,-21.0
248,-19.0
242,-21.0
244,-21.0
246,-20.0
249,-20.0
243,-21.0
245,-20.0
247,-21.0
250,-21.0
244,-21.0
246,-21.0
248,-21.0
251,-20.0
245,-21.0
247,-17.0
249,-20.0
252,-21.0
246,-20.0
248,-21.0
250,-21.0
253,-21.0
247,-19.0
249,-20.0
254,-21.0
251,-20.0
248,-21.0
250,-20.0
255,-21.0
252,-20.0
249,-19.0
256,-19.0
251,-20.0
253,-19.0
250,-21.0
257,-21.0
252,-19.0
254,-21.0
251,-19.0
258,-20.0
253,-20.0
255,-21.0
252,-21.0
259,-21.0
256,-20.0
254,-21.0
253,-21.0
260,-20.0
257,-21.0
255,-21.0
254,-20.0
261,-21.0
256,-21.0
258,-21.0
255,-21.0
262,-21.0
257,-20.0
259,-20.0
256,-19.0
263,-20.0
258,-19.0
260,-21.0
264,-20.0
257,-18.0
261,-20.0
259,-21.0
265,-20.0
258,-20.0
260,-21.0
262,-20.0
266,-21.0
259,-21.0
261,-21.0
267,-21.0
263,-18.0
260,-20.0
262,-21.0
268,-20.0
264,-21.0
261,-21.0
263,-20.0
269,-20.0
265,-21.0
262,-21.0
264,-21.0
270,-20.0
266,-21.0
263,-21.0
265,-19.0
271,-21.0
267,-18.0
264,-20.0
266,-19.0
272,-21.0
268,-20.0
265,-20.0
273,-20.0
267,-21.0
269,-21.0
266,-21.0
274,-21.0
268,-19.0
270,-19.0
267,-19.0
275,-20.0
269,-20.0
271,-21.0
276,-21.0
268,-21.0
270,-20.0
272,-20.0
277,-21.0
269,-20.0
271,-20.0
273,-20.0
278,-21.0
270,-19.0
272,-21.0
279,-21.0
274,-20.0
273,-21.0
271,-21.0
280,-21.0
275,-20.0
274,-21.0
272,-20.0
281,-20.0
276,-21.0
275,-21.0
273,-21.0
282,-19.0
277,-21.0
276,-20.0
274,-21.0
278,-20.0
283,-21.0
277,-21.0
275,-21.0
279,-21.0
284,-21.0
278,-20.0
276,-19.0
285,-19.0
280,-19.0
279,-21.0
277,-21.0
286,-21.0
281,-21.0
280,-20.0
278,-20.0
287,-21.0
282,-21.0
281,-21.0
279,-20.0
288,-18.0
283,-20.0
282,-20.0
280,-21.0
284,-20.0
283,-21.0
289,-18.0
281,-19.0
285,-20.0
284,-20.0
290,-21.0
282,-21.0
286,-21.0
285,-20.0
291,-20.0
283,-17.0
287,-21.0
286,-21.0
292,-19.0
288,-20.0
284,-19.0
287,-20.0
293,-21.0
289,-21.0
285,-21.0
288,-20.0
294,-21.0
290,-21.0
286,-20.0
289,-20.0
295,-21.0
291,-20.0
287,-20.0
296,-20.0
290,-20.0
288,-20.0
292,-19.0
297,-20.0
291,-21.0
289,-21.0
298,-21.0
292,-20.0
293,-20.0
290,-21.0
299,-20.0
293,-21.0
294,-19.0
291,-21.0
300,-21.0
294,-20.0
295,-21.0
292,-21.0
301,-21.0
295,-21.0
296,-20.0
293,-21.0
302,-20.0
296,-20.0
294,-21.0
297,-19.0
303,-18.0
297,-21.0
295,-21.0
298,-20.0
298,-21.0
304,-20.0
296,-21.0
299,-20.0
299,-21.0
297,-21.0
305,-21.0
300,-21.0
300,-21.0
306,-20.0
298,-20.0
301,-21.0
301,-20.0
307,-21.0
299,-20.0
302,-21.0
302,-21.0
308,-20.0
300,-21.0
303,-21.0
303,-20.0
309,-21.0
301,-21.0
304,-21.0
304,-21.0
310,-20.0
302,-21.0
305,-21.0
305,-20.0
311,-21.0
303,-21.0
306,-21.0
306,-21.0
312,-20.0
304,-21.0
307,-21.0
307,-21.0
313,-21.0
305,-20.0
308,-18.0
308,-21.0
314,-21.0
306,-20.0
309,-21.0
309,-21.0
315,-21.0
307,-21.0
310,-20.0
310,-20.0
316,-20.0
308,-20.0
311,-20.0
311,-20.0
317,-21.0
309,-19.0
312,-21.0
318,-21.0
312,-21.0
310,-20.0
313,-20.0
319,-21.0
313,-19.0
311,-21.0
320,-19.0
314,-21.0
314,-21.0
312,-21.0
321,-21.0
315,-21.0
315,-19.0
313,-19.0
322,-20.0
316,-21.0
316,-20.0
314,-21.0
323,-20.0
317,-21.0
317,-21.0
315,-19.0
324,-21.0
318,-20.0
318,-21.0
325,-21.0
316,-18.0
319,-21.0
319,-21.0
326,-21.0
320,-20.0
317,-19.0
320,-20.0
327,-20.0
321,-21.0
318,-20.0
321,-19.0
328,-21.0
322,-21.0
319,-20.0
322,-20.0
323,-21.0
329,-19.0
320,-20.0
323,-20.0
324,-21.0
330,-19.0
321,-21.0
324,-18.0
325,-21.0
331,-19.0
322,-20.0
326,-21.0
325,-20.0
332,-21.0
327,-20.0
323,-21.0
333,-20.0
326,-18.0
334,-21.0
324,-20.0
328,-19.0
327,-21.0
335,-20.0
325,-20.0
328,-21.0
329,-21.0
336,-21.0
326,-21.0
329,-20.0
330,-20.0
337,-19.0
327,-20.0
330,-20.0
331,-19.0
338,-20.0
331,-21.0
328,-21.0
332,-21.0
339,-20.0
332,-21.0
333,-19.0
329,-19.0
340,-21.0
333,-21.0
330,-21.0
334,-19.0
341,-20.0
334,-20.0
331,-21.0
335,-18.0
342,-21.0
335,-20.0
332,-20.0
336,-21.0
343,-21.0
336,-21.0
333,-21.0
337,-21.0
344,-20.0
337,-21.0
334,-21.0
338,-21.0
345,-21.0
335,-18.0
338,-18.0
339,-20.0
346,-21.0
336,-21.0
340,-21.0
339,-20.0
347,-19.0
337,-21.0
341,-21.0
340,-20.0
348,-19.0
342,-21.0
338,-21.0
341,-20.0
349,-21.0
343,-18.0
339,-20.0
342,-20.0
350,-20.0
344,-21.0
340,-21.0
343,-20.0
351,-19.0
345,-21.0
341,-18.0
344,-20.0
352,-21.0
346,-20.0
342,-21.0
345,-20.0
353,-21.0
347,-21.0
343,-19.0
346,-20.0
354,-21.0
348,-20.0
344,-21.0
347,-21.0
355,-21.0
349,-21.0
345,-20.0
356,-21.0
348,-19.0
350,-20.0
346,-21.0
357,-21.0
349,-20.0
351,-20.0
347,-21.0
358,-20.0
350,-21.0
352,-19.0
348,-20.0
359,-21.0
351,-20.0
353,-21.0
349,-21.0
360,-19.0
352,-20.0
354,-21.0
350,-21.0
361,-21.0
355,-21.0
353,-20.0
351,-21.0
356,-21.0
362,-21.0
354,-21.0
352,-21.0
357,-21.0
363,-21.0
355,-21.0
353,-21.0
358,-20.0
364,-21.0
354,-20.0
356,-20.0
359,-20.0
355,-20.0
365,-20.0
357,-19.0
360,-20.0
356,-20.0
366,-19.0
358,-19.0
361,-21.0
357,-21.0
367,-19.0
359,-21.0
362,-21.0
358,-20.0
368,-21.0
360,-20.0
363,-21.0
359,-21.0
361,-21.0
369,-20.0
364,-20.0
360,-21.0
362,-21.0
370,-20.0
365,-20.0
361,-21.0
363,-21.0
371,-20.0
366,-20.0
362,-21.0
372,-20.0
364,-18.0
367,-18.0
373,-21.0
363,-21.0
365,-21.0
368,-19.0
374,-21.0
364,-21.0
366,-21.0
375,-21.0
369,-21.0
365,-19.0
367,-21.0
376,-19.0
370,-21.0
366,-21.0
368,-20.0
371,-21.0
377,-19.0
367,-21.0
369,-21.0
372,-18.0
368,-20.0
378,-20.0
370,-20.0
373,-20.0
379,-21.0
369,-21.0
371,-20.0
374,-21.0
380,-20.0
370,-20.0
372,-20.0
375,-20.0
381,-20.0
371,-20.0
373,-21.0
376,-19.0
382,-21.0
372,-19.0
374,-21.0
383,-21.0
377,-18.0
375,-20.0
373,-21.0
384,-19.0
378,-21.0
376,-21.0
374,-19.0
385,-21.0
379,-20.0
377,-20.0
375,-20.0
380,-21.0
386,-21.0
378,-21.0
376,-21.0
387,-21.0
381,-21.0
379,-20.0
377,-19.0
388,-21.0
382,-18.0
380,-21.0
378,-21.0
389,-19.0
381,-20.0
383,-18.0
379,-20.0
390,-19.0
382,-20.0
384,-21.0
380,-21.0
391,-20.0
385,-21.0
383,-19.0
381,-20.0
392,-21.0
386,-21.0
384,-21.0
382,-20.0
387,-20.0
393,-20.0
385,-21.0
383,-21.0
388,-20.0
394,-17.0
386,-20.0
384,-21.0
389,-20.0
385,-21.0
387,-18.0
395,-19.0
390,-20.0
386,-20.0
396,-20.0
388,-21.0
391,-20.0
387,-19.0
397,-19.0
389,-21.0
392,-20.0
388,-20.0
398,-21.0
390,-19.0
393,-21.0
389,-21.0
399,-21.0
391,-21.0
394,-20.0
400,-21.0
390,-20.0
392,-20.0
395,-21.0
401,-21.0
391,-20.0
393,-21.0
396,-20.0
402,-19.0
394,-20.0
392,-21.0
397,-21.0
403,-20.0
393,-19.0
395,-20.0
398,-20.0
404,-21.0
396,-21.0
394,-21.0
399,-20.0
405,-20.0
397,-20.0
395,-20.0
400,-18.0
406,-20.0
396,-21.0
398,-20.0
401,-21.0
407,-20.0
397,-20.0
402,-21.0
399,-21.0
408,-19.0
398,-20.0
403,-20.0
400,-21.0
409,-20.0
399,-21.0
404,-20.0
401,-21.0
410,-20.0
400,-21.0
405,-21.0
402,-21.0
411,-21.0
401,-21.0
406,-20.0
403,-20.0
412,-21.0
402,-20.0
407,-21.0
404,-21.0
403,-21.0
413,-18.0
408,-20.0
405,-19.0
414,-21.0
404,-19.0
409,-21.0
406,-21.0
415,-21.0
405,-20.0
410,-21.0
407,-21.0
416,-19.0
406,-21.0
411,-19.0
408,-19.0
417,-19.0
407,-20.0
412,-20.0
409,-21.0
418,-19.0
408,-17.0
413,-21.0
410,-21.0
419,-20.0
414,-21.0
409,-19.0
411,-20.0
420,-20.0
415,-20.0
412,-21.0
410,-21.0
421,-21.0
416,-21.0
413,-21.0
411,-20.0
422,-21.0
417,-20.0
414,-20.0
412,-21.0
423,-19.0
418,-21.0
415,-21.0
413,-20.0
424,-20.0
419,-20.0
416,-19.0
414,-21.0
425,-21.0
420,-21.0
417,-19.0
415,-21.0
426,-18.0
421,-19.0
416,-21.0
418,-21.0
427,-21.0
422,-21.0
419,-20.0
417,-21.0
428,-21.0
423,-20.0
420,-21.0
418,-21.0
429,-21.0
419,-20.0
421,-21.0
424,-20.0
430,-21.0
420,-21.0
425,-20.0
422,-20.0
431,-20.0
421,-21.0
426,-21.0
423,-21.0
432,-20.0
422,-20.0
427,-18.0
424,-19.0
433,-19.0
423,-20.0
425,-20.0
428,-19.0
424,-21.0
434,-20.0
426,-20.0
429,-21.0
425,-20.0
435,-21.0
430,-20.0
427,-19.0
426,-20.0
436,-20.0
431,-21.0
428,-21.0
437,-21.0
427,-21.0
432,-21.0
429,-20.0
438,-20.0
428,-19.0
433,-21.0
430,-21.0
439,-21.0
434,-21.0
429,-20.0
440,-21.0
431,-20.0
435,-20.0
430,-21.0
441,-21.0
432,-20.0
436,-21.0
431,-21.0
442,-21.0
433,-20.0
437,-21.0
432,-19.0
443,-19.0
438,-21.0
434,-20.0
433,-20.0
444,-21.0
439,-20.0
435,-21.0
434,-20.0
445,-19.0
436,-21.0
440,-19.0
435,-19.0
446,-20.0
437,-21.0
441,-21.0
436,-21.0
447,-21.0
438,-19.0
442,-20.0
437,-19.0
448,-21.0
439,-21.0
443,-20.0
438,-21.0
449,-20.0
440,-21.0
444,-20.0
439,-21.0
450,-21.0
441,-21.0
445,-21.0
440,-21.0
451,-19.0
442,-19.0
446,-21.0
441,-20.0
443,-21.0
452,-19.0
447,-21.0
442,-20.0
444,-20.0
448,-19.0
453,-21.0
443,-20.0
449,-20.0
445,-19.0
454,-20.0
444,-20.0
450,-21.0
446,-21.0
455,-21.0
445,-21.0
451,-20.0
447,-21.0
456,-20.0
446,-21.0
448,-21.0
452,-20.0
457,-21.0
447,-21.0
449,-19.0
453,-20.0
458,-20.0
448,-20.0
454,-20.0
450,-21.0
459,-21.0
449,-21.0
455,-21.0
460,-21.0
451,-18.0
450,-21.0
461,-19.0
456,-19.0
451,-21.0
452,-21.0
462,-21.0
457,-21.0
453,-21.0
452,-18.0
463,-20.0
458,-21.0
454,-21.0
453,-19.0
464,-21.0
459,-21.0
455,-21.0
454,-20.0
460,-21.0
465,-21.0
456,-21.0
455,-21.0
461,-21.0
466,-21.0
457,-21.0
456,-20.0
462,-20.0
467,-21.0
458,-20.0
457,-21.0
463,-21.0
468,-20.0
458,-20.0
459,-19.0
464,-21.0
469,-21.0
459,-21.0
465,-21.0
460,-21.0
470,-21.0
466,-21.0
460,-19.0
461,-20.0
471,-20.0
467,-21.0
462,-20.0
461,-20.0
472,-20.0
468,-21.0
463,-21.0
473,-21.0
462,-21.0
469,-21.0
464,-21.0
474,-20.0
463,-20.0
470,-20.0
465,-20.0
475,-21.0
464,-21.0
471,-20.0
466,-21.0
465,-21.0
476,-21.0
472,-19.0
467,-21.0
466,-21.0
477,-19.0
473,-21.0
468,-21.0
467,-21.0
478,-21.0
474,-19.0
468,-21.0
469,-19.0
479,-20.0
475,-20.0
469,-19.0
470,-21.0
480,-21.0
476,-21.0
481,-21.0
471,-21.0
470,-20.0
477,-21.0
482,-20.0
471,-20.0
472,-21.0
478,-21.0
483,-20.0
473,-21.0
472,-21.0
479,-21.0
484,-21.0
474,-21.0
473,-20.0
480,-21.0
485,-20.0
475,-20.0
474,-20.0
481,-19.0
486,-21.0
476,-21.0
475,-20.0
482,-19.0
487,-19.0
477,-21.0
476,-20.0
483,-20.0
488,-21.0
478,-20.0
477,-19.0
484,-21.0
489,-18.0
479,-20.0
478,-20.0
485,-20.0
480,-20.0
490,-19.0
479,-21.0
486,-19.0
491,-21.0
481,-18.0
480,-20.0
487,-21.0
492,-21.0
482,-20.0
481,-21.0
488,-19.0
493,-21.0
483,-20.0
482,-20.0
489,-21.0
494,-21.0
484,-21.0
490,-21.0
483,-21.0
495,-20.0
485,-21.0
491,-21.0
484,-20.0
486,-20.0
496,-21.0
492,-21.0
485,-19.0
487,-20.0
497,-19.0
493,-20.0
486,-21.0
488,-20.0
498,-20.0
494,-21.0
487,-21.0
499,-21.0
489,-21.0
495,-21.0
488,-21.0
500,-21.0
490,-19.0
489,-21.0
496,-21.0
501,-20.0
491,-21.0
490,-20.0
497,-21.0
502,-20.0
492,-21.0
491,-19.0
498,-19.0
503,-21.0
493,-18.0
492,-21.0
499,-21.0
504,-21.0
493,-19.0
494,-19.0
505,-21.0
500,-20.0
494,-21.0
506,-19.0
501,-20.0
495,-19.0
507,-21.0
495,-20.0
502,-21.0
496,-21.0
508,-19.0
503,-21.0
497,-20.0
496,-20.0
509,-19.0
504,-20.0
498,-20.0
497,-19.0
510,-20.0
499,-21.0
498,-21.0
505,-18.0
511,-20.0
499,-21.0
500,-20.0
506,-21.0
512,-21.0
500,-21.0
501,-21.0
507,-20.0
513,-21.0
502,-20.0
501,-20.0
508,-21.0
514,-21.0
503,-21.0
502,-20.0
509,-21.0
503,-21.0
504,-20.0
515,-19.0
510,-20.0
504,-21.0
505,-21.0
516,-21.0
511,-20.0
505,-20.0
506,-21.0
517,-21.0
512,-21.0
518,-21.0
507,-21.0
506,-20.0
513,-21.0
508,-21.0
519,-21.0
507,-21.0
514,-21.0
509,-21.0
508,-21.0
520,-20.0
515,-21.0
510,-19.0
509,-20.0
521,-20.0
516,-20.0
511,-21.0
510,-19.0
522,-21.0
517,-21.0
512,-21.0
523,-21.0
511,-20.0
518,-20.0
524,-21.0
513,-21.0
512,-21.0
519,-21.0
525,-21.0
514,-21.0
513,-21.0
520,-20.0
526,-21.0
515,-21.0
514,-20.0
521,-20.0
516,-21.0
527,-20.0
515,-21.0
522,-21.0
517,-21.0
528,-21.0
516,-20.0
523,-21.0
529,-21.0
518,-21.0
517,-21.0
524,-21.0
530,-21.0
519,-21.0
518,-20.0
525,-18.0
531,-20.0
520,-20.0
519,-21.0
532,-20.0
526,-20.0
521,-19.0
520,-21.0
533,-20.0
527,-21.0
522,-21.0
521,-21.0
534,-20.0
528,-21.0
523,-19.0
522,-19.0
529,-20.0
535,-20.0
524,-20.0
523,-20.0
530,-21.0
536,-20.0
525,-21.0
524,-20.0
531,-20.0
537,-21.0
526,-19.0
525,-21.0
532,-20.0
538,-19.0
527,-20.0
526,-20.0
533,-20.0
528,-21.0
539,-20.0
527,-20.0
534,-21.0
529,-21.0
540,-20.0
528,-20.0
535,-21.0
530,-20.0
529,-20.0
541,-18.0
536,-20.0
531,-21.0
530,-20.0
542,-21.0
537,-20.0
532,-21.0
543,-21.0
531,-20.0
538,-19.0
533,-21.0
544,-20.0
532,-19.0
534,-21.0
539,-20.0
545,-20.0
533,-20.0
535,-20.0
540,-21.0
546,-21.0
534,-19.0
541,-21.0
536,-21.0
547,-20.0
535,-20.0
542,-21.0
537,-21.0
548,-20.0
536,-20.0
543,-21.0
538,-19.0
549,-20.0
537,-20.0
544,-19.0
539,-21.0
550,-21.0
538,-21.0
545,-20.0
540,-19.0
551,-20.0
539,-21.0
546,-19.0
541,-20.0
552,-20.0
540,-21.0
547,-21.0
542,-18.0
553,-21.0
541,-21.0
548,-21.0
554,-21.0
543,-20.0
542,-19.0
549,-21.0
555,-20.0
544,-20.0
543,-20.0
550,-20.0
556,-19.0
545,-21.0
544,-20.0
551,-20.0
546,-20.0
557,-18.0
545,-20.0
552,-21.0
547,-20.0
558,-20.0
546,-20.0
553,-17.0
548,-21.0
559,-21.0
547,-21.0
554,-21.0
549,-21.0
560,-20.0
548,-18.0
555,-20.0
550,-19.0
561,-21.0
549,-21.0
556,-20.0
562,-21.0
551,-21.0
550,-20.0
557,-21.0
563,-20.0
552,-20.0
551,-18.0
558,-21.0
564,-19.0
553,-20.0
552,-20.0
559,-21.0
565,-21.0
554,-21.0
560,-20.0
553,-21.0
566,-21.0
555,-19.0
561,-21.0
554,-21.0
567,-20.0
556,-21.0
562,-20.0
555,-20.0
568,-20.0
557,-21.0
563,-21.0
556,-20.0
558,-21.0
569,-21.0
564,-19.0
557,-20.0
559,-20.0
570,-20.0
565,-21.0
558,-21.0
571,-20.0
560,-20.0
566,-21.0
559,-19.0
572,-20.0
567,-21.0
561,-19.0
560,-21.0
573,-20.0
568,-20.0
562,-21.0
561,-17.0
569,-21.0
574,-19.0
563,-20.0
570,-21.0
562,-21.0
575,-21.0
564,-20.0
571,-19.0
576,-20.0
563,-20.0
565,-20.0
572,-21.0
564,-20.0
577,-20.0
566,-21.0
573,-20.0
578,-21.0
565,-20.0
567,-21.0
574,-21.0
579,-20.0
566,-21.0
568,-19.0
575,-20.0
580,-21.0
567,-19.0
569,-20.0
576,-20.0
581,-20.0
568,-20.0
570,-21.0
577,-20.0
582,-21.0
569,-21.0
571,-19.0
583,-20.0
578,-18.0
570,-21.0
572,-20.0
584,-19.0
571,-21.0
579,-21.0
573,-20.0
585,-21.0
572,-20.0
580,-21.0
574,-20.0
586,-19.0
573,-21.0
581,-21.0
575,-21.0
574,-19.0
587,-20.0
582,-20.0
576,-19.0
575,-19.0
588,-20.0
583,-20.0
577,-19.0
584,-21.0
589,-20.0
576,-19.0
578,-20.0
585,-20.0
590,-17.0
577,-20.0
579,-21.0
586,-21.0
578,-21.0
591,-20.0
580,-20.0
587,-21.0
579,-20.0
592,-21.0
581,-21.0
588,-21.0
580,-20.0
582,-21.0
593,-20.0
589,-20.0
581,-21.0
583,-20.0
594,-21.0
590,-20.0
582,-21.0
584,-20.0
595,-21.0
591,-21.0
583,-21.0
585,-19.0
596,-20.0
592,-21.0
584,-18.0
586,-21.0
597,-21.0
593,-21.0
585,-21.0
587,-20.0
598,-21.0
594,-18.0
586,-20.0
588,-20.0
599,-20.0
595,-20.0
587,-21.0
589,-21.0
600,-21.0
596,-20.0
588,-20.0
590,-20.0
601,-21.0
597,-21.0
589,-19.0
602,-21.0
591,-21.0
598,-21.0
603,-20.0
592,-20.0
590,-21.0
599,-19.0
604,-20.0
591,-21.0
593,-21.0
600,-18.0
605,-21.0
592,-20.0
594,-19.0
601,-20.0
606,-20.0
593,-20.0
595,-19.0
602,-21.0
607,-20.0
594,-21.0
596,-17.0
608,-21.0
603,-19.0
595,-21.0
609,-21.0
597,-20.0
604,-20.0
596,-20.0
610,-20.0
598,-20.0
605,-21.0
597,-16.0
611,-19.0
599,-21.0
606,-19.0
598,-17.0
612,-20.0
607,-21.0
600,-18.0
599,-21.0
608,-21.0
613,-20.0
601,-20.0
600,-20.0
609,-20.0
614,-21.0
602,-20.0
601,-20.0
615,-21.0
610,-20.0
603,-21.0
602,-20.0
611,-21.0
616,-20.0
604,-20.0
603,-21.0
612,-19.0
617,-21.0
605,-21.0
604,-20.0
613,-21.0
618,-20.0
606,-21.0
605,-19.0
619,-21.0
614,-21.0
607,-21.0
606,-19.0
620,-21.0
615,-20.0
608,-21.0
621,-21.0
607,-21.0
616,-19.0
609,-21.0
622,-21.0
608,-21.0
617,-21.0
610,-21.0
623,-19.0
609,-20.0
618,-21.0
611,-21.0
624,-21.0
619,-20.0
610,-21.0
612,-21.0
625,-21.0
620,-21.0
611,-20.0
613,-19.0
626,-20.0
621,-21.0
612,-21.0
614,-20.0
622,-21.0
627,-20.0
613,-21.0
615,-20.0
623,-21.0
628,-21.0
614,-21.0
629,-20.0
616,-21.0
624,-20.0
615,-21.0
617,-21.0
630,-20.0
625,-21.0
616,-20.0
626,-21.0
618,-19.0
631,-20.0
617,-19.0
627,-19.0
619,-21.0
632,-20.0
618,-21.0
628,-20.0
620,-20.0
633,-21.0
619,-21.0
629,-21.0
621,-20.0
634,-21.0
