2102,80.0,25.428348541259766,9.0
3206,35.0,35.87649345397949,4.0
4493,170.0,48.188878774642944,12.0
6610,160.0,68.13291811943054,14.0
8403,100.0,85.19167351722717,10.0
9384,30.0,94.84329843521118,3.0
10803,140.0,108.2141923904419,11.0
11777,35.0,117.5336365699768,5.0
13140,40.0,130.30457067489624,7.0
15247,365.0,149.9148087501526,13.0
17101,85.0,167.20591592788696,11.0
18591,195.0,181.35347437858582,16.0
19891,140.0,193.612154006958,14.0
21585,150.0,209.61069464683533,12.0
22889,50.0,222.02542328834534,6.0
24610,165.0,238.3518042564392,13.0
25617,50.0,247.83359670639038,4.0
26701,115.0,258.02316546440125,9.0
28900,215.0,278.63512992858887,16.0
29938,55.0,288.2111487388611,5.0
31694,215.0,304.4988639354706,13.0
33873,220.0,324.48419547080994,18.0
34841,110.0,333.4213979244232,7.0
36176,65.0,346.0379161834717,6.0
36962,60.0,353.10509848594666,4.0
38251,180.0,364.9662411212921,11.0
40620,405.0,386.5104305744171,18.0
41962,145.0,398.79015588760376,9.0
43057,35.0,408.6292645931244,3.0
45575,600.0,431.3227005004883,26.0
46609,35.0,440.8539390563965,4.0
47537,70.0,449.30576944351196,7.0
48807,185.0,460.9450526237488,12.0
50032,50.0,472.2577829360962,4.0
51673,180.0,487.11760354042053,11.0
52453,30.0,494.3118968009949,3.0
54167,155.0,510.23809361457825,10.0
55840,240.0,525.5950365066528,15.0
57967,335.0,544.9188044071198,23.0
59027,90.0,554.4797384738922,7.0
60498,90.0,568.1492605209351,9.0
61865,60.0,580.7919137477875,6.0
63181,60.0,592.9679434299469,8.0
64521,40.0,605.4457702636719,5.0
65577,55.0,615.0902898311615,5.0
66853,45.0,626.7689940929413,4.0
68206,110.0,639.2877576351166,7.0
69435,135.0,650.6231331825256,9.0
70467,65.0,660.1512136459351,7.0
71791,80.0,672.1993544101715,5.0
73010,55.0,683.3108503818512,5.0
73777,30.0,690.3175344467163,3.0
75901,160.0,709.9055075645447,11.0
76928,10.0,719.3046045303345,2.0
77597,10.0,725.4434208869934,2.0
78999,120.0,738.3526587486267,9.0
79691,80.0,744.5791730880737,6.0
80750,65.0,754.2096767425537,6.0
82547,225.0,770.4972801208496,14.0
83866,85.0,782.5997519493103,7.0
84742,50.0,790.6887168884277,6.0
85936,20.0,801.7467303276062,3.0
86761,25.0,809.287348985672,2.0
88558,215.0,825.9926960468292,14.0
89971,120.0,838.9103009700775,13.0
91005,20.0,848.4066126346588,3.0
92137,65.0,859.0060238838196,5.0
93884,165.0,875.4060924053192,12.0
94854,45.0,884.4587953090668,5.0
95741,55.0,892.6597759723663,5.0
97236,135.0,906.2237505912781,9.0
99330,460.0,925.2510433197021,18.0
101333,200.0,943.4977693557739,17.0
102085,30.0,950.378612279892,4.0
103594,225.0,964.33646941185,18.0
104621,65.0,973.6172752380371,6.0
106456,110.0,990.4385943412781,7.0
109359,415.0,1016.8723983764648,17.0
110386,55.0,1026.2706775665283,5.0
112245,190.0,1043.4019792079926,12.0
114616,675.0,1064.7725257873535,30.0
115597,20.0,1073.75288438797,3.0
117316,80.0,1089.1309337615967,8.0
118823,130.0,1102.8413593769073,8.0
120427,150.0,1117.5115566253662,10.0
121692,35.0,1129.0559973716736,4.0
123021,65.0,1141.15100979805,9.0
124238,85.0,1152.3840146064758,7.0
125290,105.0,1162.032573223114,6.0
126701,130.0,1175.0238208770752,9.0
128584,215.0,1192.5105774402618,14.0
129444,65.0,1200.4471535682678,5.0
130813,145.0,1212.8097207546234,9.0
132968,480.0,1232.5990648269653,23.0
134771,135.0,1249.017695426941,13.0
135975,150.0,1260.2643194198608,9.0
137353,125.0,1272.9180538654327,11.0
138762,40.0,1285.9592809677124,5.0
139556,65.0,1293.2279896736145,6.0
141907,280.0,1314.5749435424805,19.0
143371,345.0,1328.013065814972,13.0
144470,70.0,1338.0621056556702,7.0
147193,250.0,1363.0510413646698,21.0
148369,85.0,1373.7934174537659,9.0
149917,85.0,1387.7459924221039,7.0
152478,320.0,1411.2464218139648,22.0
153225,10.0,1418.0341701507568,2.0
154034,30.0,1425.5890896320343,3.0
156408,500.0,1447.850120306015,18.0
157695,120.0,1459.8608644008636,8.0
159704,330.0,1478.148883342743,10.0
161424,255.0,1493.8093047142029,17.0
163109,125.0,1509.30131483078,10.0
164697,370.0,1523.85555934906,14.0
166338,180.0,1538.758849143982,11.0
167217,75.0,1546.8067791461945,5.0
168509,120.0,1558.6896889209747,8.0
169808,65.0,1570.3434717655182,6.0
171447,140.0,1585.1967034339905,10.0
173091,140.0,1600.1135687828064,8.0
174333,60.0,1611.0616443157196,6.0
176961,320.0,1634.5366160869598,22.0
177888,30.0,1642.9248313903809,4.0
179289,75.0,1655.5170316696167,5.0
180752,185.0,1668.9112584590912,11.0
182083,95.0,1681.107849597931,8.0
183336,60.0,1692.5471622943878,6.0
184214,20.0,1700.4245340824127,3.0
185221,60.0,1709.7998456954956,6.0
186494,85.0,1721.5070054531097,8.0
188056,100.0,1736.2032296657562,9.0
188993,25.0,1744.844652891159,4.0
189998,35.0,1754.0477693080902,4.0
191037,75.0,1763.9623441696167,8.0
192199,60.0,1774.9549396038055,6.0
193077,40.0,1783.0854074954987,5.0
194938,145.0,1800.5667695999146,13.0
196980,260.0,1819.4823696613312,20.0
197744,30.0,1826.5562670230865,5.0
198515,40.0,1833.6039462089539,5.0
199771,155.0,1845.243016242981,10.0
200930,80.0,1855.9819054603577,8.0
201688,30.0,1863.104832649231,3.0
202979,75.0,1874.9653279781342,6.0
203932,50.0,1883.9201409816742,7.0
205164,70.0,1895.3030540943146,9.0
206426,90.0,1906.8917918205261,8.0
207621,80.0,1918.0269930362701,6.0
209172,60.0,1932.5228297710419,7.0
210124,20.0,1941.3554375171661,3.0
211451,110.0,1953.9462525844574,7.0
212246,50.0,1961.3472065925598,4.0
212974,55.0,1968.253924369812,5.0
214903,305.0,1986.2357223033905,20.0
215925,100.0,1995.6930193901062,8.0
217080,65.0,2006.3653237819672,6.0
218479,135.0,2019.2627439498901,9.0
220008,160.0,2033.3347234725952,11.0
221297,85.0,2045.4726774692535,7.0
222292,50.0,2054.9105865955353,6.0
224074,125.0,2071.472667694092,12.0
225123,50.0,2081.1719539165497,4.0
226363,30.0,2092.915142059326,3.0
227423,15.0,2102.761953830719,3.0
229519,300.0,2122.3023116588593,20.0
230516,115.0,2131.552175760269,10.0
231810,120.0,2143.6329305171967,12.0
232780,25.0,2152.735722064972,2.0
234733,440.0,2171.0433135032654,14.0
236138,55.0,2183.914632320404,7.0
237264,35.0,2194.347979068756,4.0
239525,305.0,2215.046779155731,21.0
240870,65.0,2227.717611312866,7.0
242406,110.0,2241.8217837810516,12.0
243279,35.0,2249.990308523178,4.0
244713,80.0,2263.258983373642,7.0
245968,135.0,2274.693992614746,10.0
247285,165.0,2286.7197725772858,11.0
248807,180.0,2300.5246028900146,15.0
250322,120.0,2314.2231664657593,12.0
251174,35.0,2321.9879727363586,4.0
253553,340.0,2343.54811668396,22.0
255477,205.0,2360.858431816101,15.0
257804,375.0,2382.121005296707,26.0
260118,225.0,2403.1205925941467,18.0
260824,25.0,2409.6640903949738,1.0
261725,25.0,2418.0654702186584,4.0
262901,35.0,2429.011109828949,4.0
263751,105.0,2436.935588121414,6.0
265044,105.0,2448.905117034912,9.0
266533,135.0,2462.650618314743,9.0
268181,120.0,2478.2327909469604,10.0
270128,175.0,2496.5176033973694,14.0
270817,15.0,2503.0715322494507,2.0
271779,85.0,2512.2048201560974,7.0
273555,225.0,2529.1680307388306,14.0
274629,120.0,2539.424968957901,8.0
275768,115.0,2550.2349758148193,9.0
278033,490.0,2571.4678406715393,19.0
279148,110.0,2582.018306016922,9.0
280610,140.0,2595.612425804138,11.0
281897,130.0,2607.8161146640778,10.0
282856,55.0,2617.0085546970367,5.0
283958,135.0,2627.495189666748,9.0
285089,15.0,2637.9946897029877,2.0
286846,200.0,2654.530585050583,14.0
287927,115.0,2664.4316301345825,10.0
289889,455.0,2682.8004162311554,18.0
290918,40.0,2692.1900622844696,5.0
292754,270.0,2708.8289091587067,19.0
293609,50.0,2716.6935720443726,5.0
295017,130.0,2729.578706264496,10.0
296008,120.0,2738.4488382339478,9.0
297035,105.0,2747.941714525223,12.0
298424,180.0,2760.5538918972015,15.0
299709,165.0,2772.6568846702576,15.0
302204,260.0,2795.74693441391,21.0
303399,70.0,2806.9732778072357,6.0
304984,75.0,2821.7662031650543,7.0
306512,130.0,2835.918894290924,10.0
307501,85.0,2845.199313879013,8.0
308722,60.0,2856.6162900924683,6.0
310338,75.0,2871.4877984523773,9.0
312210,155.0,2888.6940138339996,15.0
313818,140.0,2903.8963556289673,11.0
314731,50.0,2912.5600368976593,4.0
315993,40.0,2924.1566162109375,3.0
317224,95.0,2935.5313906669617,9.0
318920,155.0,2951.101697206497,15.0
321101,410.0,2971.133490085602,17.0
322689,155.0,2985.556239128113,10.0
323751,80.0,2995.4078838825226,6.0
325018,80.0,3007.131873369217,7.0
326080,180.0,3016.555326938629,11.0
327715,165.0,3031.3256018161774,14.0
328558,30.0,3039.1400184631348,3.0
329368,20.0,3046.5609605312347,3.0
330469,70.0,3056.5461173057556,7.0
331496,65.0,3065.7566969394684,7.0
333718,220.0,3086.0230584144592,15.0
335027,115.0,3097.9646470546722,10.0
336106,45.0,3107.9477529525757,5.0
337023,55.0,3116.3214893341064,3.0
338604,175.0,3131.0168323516846,13.0
339638,110.0,3140.5408551692963,7.0
341028,165.0,3153.2729597091675,13.0
341815,30.0,3160.457549095154,3.0
343492,195.0,3175.85635137558,13.0
345421,215.0,3193.197905778885,13.0
347404,340.0,3210.9618752002716,23.0
348373,40.0,3219.670430421829,5.0
349916,220.0,3233.451107740402,16.0
351304,135.0,3246.299147129059,12.0
352451,90.0,3256.93132519722,8.0
353951,315.0,3270.7101554870605,12.0
354909,55.0,3279.6303679943085,6.0
356176,160.0,3291.146376848221,14.0
357935,225.0,3307.142207145691,14.0
359305,230.0,3319.7392621040344,16.0
360708,190.0,3332.6723709106445,14.0
362024,40.0,3345.1159975528717,4.0
363541,100.0,3359.2774193286896,9.0
364386,50.0,3367.338866710663,5.0
365385,60.0,3376.8009519577026,4.0
366773,315.0,3389.8403005599976,12.0
369143,285.0,3411.4990282058716,19.0
370893,145.0,3427.1787559986115,11.0
372223,80.0,3439.2140328884125,7.0
374005,185.0,3455.174102783203,13.0
375304,25.0,3467.2549629211426,4.0
377043,265.0,3483.5102190971375,19.0
377826,30.0,3490.7858893871307,4.0
378702,40.0,3498.8700449466705,5.0
379975,100.0,3510.3930304050446,10.0
381275,170.0,3522.245671749115,14.0
382317,40.0,3531.8024430274963,5.0
383607,60.0,3543.669376373291,6.0
385755,165.0,3563.441953897476,13.0
389127,645.0,3594.752701282501,30.0
390494,280.0,3607.6107659339905,10.0
391910,100.0,3620.8897166252136,9.0
393205,80.0,3633.007198572159,9.0
394667,140.0,3646.6649696826935,10.0
395823,35.0,3657.276875972748,5.0
397707,365.0,3674.560443878174,22.0
400043,420.0,3695.7084288597107,27.0
401264,160.0,3706.7507247924805,12.0
403639,360.0,3728.627946138382,23.0
404881,70.0,3740.0535078048706,6.0
405734,55.0,3747.9018733501434,5.0
406929,50.0,3758.621486186981,6.0
408506,245.0,3772.8459022045135,20.0
409502,65.0,3781.782042503357,6.0
410384,90.0,3789.6516902446747,6.0
412318,100.0,3806.8430330753326,9.0
413800,105.0,3819.887750864029,12.0
414743,55.0,3828.2749259471893,5.0
416010,130.0,3839.7428574562073,13.0
417020,25.0,3848.81241774559,4.0
418145,50.0,3858.764713048935,4.0
419618,220.0,3871.9134402275085,16.0
420618,75.0,3880.910015106201,8.0
422791,185.0,3900.329482316971,12.0
424076,95.0,3911.8030338287354,8.0
425178,90.0,3921.5792722702026,7.0
427305,310.0,3940.6410670280457,21.0
429248,290.0,3958.030554294586,20.0
430043,15.0,3965.339287996292,2.0
431054,15.0,3974.484893798828,3.0
432472,165.0,3987.453411102295,11.0
434090,130.0,4002.0229427814484,12.0
435184,110.0,4011.6706788539886,7.0
436134,55.0,4020.163855075836,3.0
437421,150.0,4031.700042247772,10.0
438255,40.0,4039.1751635074615,5.0
440913,330.0,4062.927449941635,25.0
441859,15.0,4071.4965522289276,2.0
443106,50.0,4082.6084315776825,6.0
444431,60.0,4094.5315387248993,8.0
445822,95.0,4106.727863550186,10.0
446505,50.0,4112.892893791199,4.0
448702,315.0,4132.995772600174,23.0
449537,60.0,4140.519667387009,6.0
450897,190.0,4152.913985967636,15.0
451641,70.0,4159.648769855499,7.0
452628,45.0,4168.484954833984,5.0
453613,90.0,4177.432553052902,9.0
454824,80.0,4188.496954441071,6.0
456144,70.0,4200.47515296936,8.0
457451,90.0,4212.093366146088,8.0
458362,65.0,4220.273050069809,4.0
459170,20.0,4227.454347610474,3.0
459910,35.0,4234.167397737503,4.0
461272,135.0,4246.376846790314,12.0
462518,110.0,4257.870415210724,10.0
463534,75.0,4267.060700178146,7.0
464301,30.0,4273.927754878998,4.0
467654,670.0,4304.339898109436,31.0
470181,285.0,4327.355974435806,20.0
471406,90.0,4338.51837015152,8.0
472578,100.0,4349.3797788619995,8.0
474474,180.0,4366.833703756332,14.0
476257,145.0,4383.37703537941,12.0
477068,20.0,4390.84548330307,3.0
478041,50.0,4399.72602891922,4.0
479337,70.0,4411.473313093185,7.0
481296,170.0,4429.390070676804,14.0
482583,90.0,4441.09618639946,8.0
484228,165.0,4455.733810901642,11.0
485663,125.0,4468.69532418251,10.0
487195,275.0,4482.644538640976,9.0
488559,125.0,4495.166433811188,12.0
490891,350.0,4516.33823800087,22.0
492350,140.0,4529.544089794159,13.0
493915,125.0,4543.796931505203,10.0
495584,240.0,4559.1672949790955,18.0
496563,115.0,4568.183439254761,11.0
498102,185.0,4582.121240139008,15.0
498731,10.0,4587.814991474152,2.0
500957,305.0,4608.1235275268555,22.0
501987,100.0,4617.527070522308,10.0
503216,130.0,4628.6348288059235,12.0
504486,75.0,4640.150544881821,8.0
506308,100.0,4656.91413974762,10.0
508614,155.0,4678.086887598038,12.0
509835,105.0,4689.295192241669,7.0
510599,50.0,4696.4264459609985,4.0
512989,400.0,4718.684753417969,27.0
513804,30.0,4726.122486114502,5.0
514820,65.0,4735.146296977997,6.0
516129,50.0,4747.032725095749,6.0
517269,140.0,4757.215885639191,10.0
518601,100.0,4769.221511125565,9.0
519854,95.0,4780.569615364075,8.0
520985,75.0,4791.066078901291,7.0
522254,75.0,4802.449166059494,8.0
523045,50.0,4809.483833789825,4.0
524291,70.0,4820.628302335739,7.0
525829,95.0,4834.215610980988,9.0
526941,110.0,4843.994693040848,9.0
528831,170.0,4861.0219757556915,16.0
530071,125.0,4871.939068555832,10.0
531221,65.0,4882.026275873184,7.0
532509,25.0,4893.50460267067,4.0
534025,200.0,4907.160886764526,14.0
535337,180.0,4918.948999643326,12.0
537180,135.0,4935.412393331528,11.0
539087,325.0,4953.416534900665,23.0
540123,55.0,4963.671519041061,5.0
541129,40.0,4973.4715304374695,5.0
542963,175.0,4993.2801425457,11.0
544571,175.0,5010.976005077362,13.0
546512,235.0,5033.21372127533,19.0
547167,15.0,5041.307581663132,2.0
548529,105.0,5056.824541568756,9.0
550094,80.0,5075.915408849716,7.0
551227,85.0,5091.627510070801,8.0
552533,190.0,5110.255425691605,14.0
554555,200.0,5140.345063924789,17.0
555378,45.0,5152.950500011444,5.0
557191,130.0,5182.056836605072,12.0
558445,25.0,5203.437571287155,3.0
559614,55.0,5224.926115989685,6.0
560687,5.0,5245.932265281677,1.0
562451,95.0,5281.296730041504,9.0
563168,55.0,5296.781973838806,4.0
564217,35.0,5319.247771978378,4.0
565575,85.0,5350.651248693466,8.0
566649,65.0,5374.63232588768,6.0
567894,125.0,5401.377750635147,11.0
570116,255.0,5452.603219985962,19.0
571249,100.0,5478.230575084686,8.0
572383,80.0,5504.3912007808685,7.0
573815,140.0,5537.22990322113,10.0
576073,325.0,5590.295663356781,21.0
577430,90.0,5626.231108188629,9.0
578307,45.0,5649.067364692688,6.0
579835,230.0,5688.565158128738,16.0
581516,310.0,5731.503242254257,21.0
583573,225.0,5782.758718252182,15.0
585277,270.0,5823.124366044998,17.0
587338,290.0,5870.169396162033,18.0
588671,130.0,5900.8830354213715,11.0
589476,35.0,5920.292756795883,3.0
591011,135.0,5959.090881824493,12.0
591764,35.0,5978.130072593689,5.0
593332,250.0,6015.3967072963715,17.0
594709,85.0,6047.633284568787,8.0
597105,515.0,6108.129540920258,21.0
598525,145.0,6145.274490594864,15.0
600337,155.0,6192.169994592667,13.0
602075,100.0,6235.748826742172,9.0
603572,220.0,6271.77737736702,17.0
605127,135.0,6309.936050415039,12.0
606700,245.0,6347.817888259888,17.0
607733,85.0,6373.647633314133,9.0
608860,80.0,6400.116452455521,9.0
610099,70.0,6428.53716635704,7.0
612003,275.0,6474.7581214904785,19.0
613920,165.0,6520.579708814621,15.0
615018,105.0,6546.3448574543,9.0
615756,30.0,6564.527416467667,4.0
616914,90.0,6593.0743017196655,8.0
618756,170.0,6638.436426401138,13.0
619577,50.0,6658.768876075745,4.0
620980,145.0,6693.724273920059,12.0
622214,130.0,6724.5633199214935,10.0
623693,185.0,6761.33697104454,13.0
625697,270.0,6810.843878030777,20.0
626929,75.0,6841.210059642792,8.0
628265,120.0,6873.653078317642,12.0
629838,190.0,6911.976035356522,15.0
631875,475.0,6964.081094503403,20.0
633033,95.0,6992.835295915604,7.0
634095,65.0,7019.370152235031,7.0
635342,120.0,7049.6724152565,11.0
636676,305.0,7083.633330583572,12.0
638474,255.0,7126.948533296585,19.0
640308,190.0,7172.206146478653,15.0
641280,85.0,7195.918626070023,7.0
642305,95.0,7221.78976392746,8.0
643372,50.0,7247.898307085037,6.0
644138,5.0,7267.147029876709,1.0
645391,50.0,7298.022531509399,5.0
646324,75.0,7321.584204673767,6.0
647124,15.0,7342.211172819138,2.0
648041,10.0,7364.277491569519,2.0
650795,660.0,7431.769912958145,30.0
651928,45.0,7459.449177265167,6.0
653388,40.0,7493.272481918335,4.0
654837,160.0,7527.881036043167,12.0
656370,215.0,7564.625507354736,17.0
657618,70.0,7593.075026035309,8.0
658364,60.0,7610.66105556488,6.0
659717,135.0,7642.646516799927,10.0
661393,130.0,7684.706192731857,13.0
662493,80.0,7716.175822019577,7.0
664076,100.0,7759.442251205444,11.0
665791,285.0,7808.073920726776,19.0
667718,325.0,7858.804006814957,24.0
669887,540.0,7916.54199385643,23.0
671543,290.0,7960.804811239243,7.0
672903,155.0,7994.2295179367065,14.0
673807,40.0,8016.363340616226,4.0
675347,185.0,8055.032429218292,14.0
676472,65.0,8083.703149557114,7.0
677734,50.0,8116.148118972778,6.0
679516,165.0,8162.1079959869385,12.0
681023,135.0,8199.75749540329,9.0
683122,160.0,8252.45652794838,13.0
684999,265.0,8299.229182720184,19.0
685866,25.0,8320.55008840561,4.0
687023,35.0,8349.05947971344,4.0
688475,155.0,8384.990727901459,13.0
690182,175.0,8428.454724311829,15.0
691091,100.0,8450.931620121002,8.0
692177,60.0,8478.115113735199,5.0
693938,145.0,8523.429265260696,11.0
695819,160.0,8571.40135550499,13.0
698076,490.0,8630.117466926575,22.0
699338,125.0,8662.29715681076,9.0
700606,125.0,8694.55659198761,9.0
701896,20.0,8726.423736333847,3.0
703034,50.0,8754.981262207031,4.0
704144,20.0,8782.705221891403,3.0
705012,45.0,8804.817604780197,5.0
706379,130.0,8837.40636754036,9.0
708443,205.0,8886.079080104828,16.0
710805,565.0,8940.714162111282,25.0
711573,15.0,8958.656020641327,3.0
712846,115.0,8990.567067861557,11.0
714247,120.0,9025.815151453018,11.0
714976,30.0,9044.140606164932,5.0
715647,20.0,9061.660178899765,3.0
717280,145.0,9104.179956197739,11.0
718522,150.0,9137.470814228058,11.0
719344,35.0,9159.067705869675,4.0
720704,140.0,9194.878441095352,11.0
721456,30.0,9215.467099666595,3.0
722208,55.0,9235.64311504364,5.0
723904,330.0,9281.679388999939,23.0
725004,75.0,9310.912336349487,9.0
726637,225.0,9351.428656816483,17.0
729199,260.0,9412.424702882767,17.0
730837,100.0,9450.340027093887,10.0
733312,460.0,9508.72249674797,28.0
734117,50.0,9527.578269958496,4.0
736399,225.0,9585.713542222977,14.0
737898,145.0,9624.488678693771,12.0
739525,180.0,9662.559906959534,15.0
741419,220.0,9705.981184959412,16.0
742795,65.0,9739.118113994598,7.0
743902,100.0,9769.07631278038,9.0
745317,180.0,9807.848974227905,14.0
747129,175.0,9857.072687625885,16.0
747909,30.0,9876.918406248093,2.0
751119,550.0,9958.342790842056,22.0
752156,105.0,9982.74897646904,11.0
753521,90.0,10016.857076406479,11.0
754600,80.0,10044.449018001556,7.0
757094,230.0,10104.557507038116,18.0
758140,60.0,10130.204844236374,8.0
760130,460.0,10179.19962310791,21.0
761725,335.0,10219.93786072731,11.0
763214,170.0,10256.907495737076,15.0
764872,145.0,10295.134801387787,12.0
766159,135.0,10325.512789011002,9.0
768290,415.0,10375.957293748856,26.0
769247,40.0,10399.666068077087,5.0
770651,130.0,10435.028266429901,12.0
771367,70.0,10453.212149620056,7.0
772565,105.0,10483.69365811348,8.0
774787,315.0,10539.40696310997,21.0
776542,160.0,10583.298986911774,12.0
778211,270.0,10624.716868400574,19.0
779484,90.0,10656.98676776886,10.0
780814,140.0,10692.122072696686,11.0
783227,535.0,10754.380375623703,22.0
784553,365.0,10788.444813966751,13.0
785539,45.0,10813.178973674774,6.0
786626,130.0,10840.500531196594,8.0
788490,140.0,10887.719193220139,10.0
789771,105.0,10920.66016459465,10.0
790754,105.0,10945.301803350449,9.0
791577,110.0,10965.547313690186,9.0
792462,10.0,10988.35831451416,2.0
793308,50.0,11009.962936878204,4.0
794998,155.0,11052.091818332672,16.0
796813,225.0,11097.254855632782,17.0
797934,75.0,11124.624437093735,8.0
799028,50.0,11151.201849460602,5.0
800786,170.0,11191.436097621918,14.0
801812,60.0,11216.3715031147,7.0
804472,270.0,11279.047665119171,21.0
805451,85.0,11302.536975622177,8.0
806909,45.0,11339.239376306534,6.0
807755,30.0,11360.202491760254,3.0
809710,475.0,11410.554963350296,18.0
810910,55.0,11441.307597398758,7.0
813256,245.0,11501.946382522583,18.0
813981,25.0,11521.085622787476,4.0
815844,225.0,11569.025223255157,17.0
817139,50.0,11599.497149467468,7.0
818119,30.0,11623.20275092125,5.0
819360,100.0,11654.595036268234,11.0
820528,90.0,11683.323446035385,9.0
821531,35.0,11709.295603752136,5.0
823039,340.0,11746.400297641754,14.0
824273,35.0,11778.51742720604,5.0
825298,10.0,11805.224345445633,2.0
826313,20.0,11831.40875840187,3.0
827043,20.0,11850.017316102982,3.0
829050,285.0,11900.958535671234,20.0
830737,130.0,11944.396155118942,11.0
832639,360.0,11991.357456684113,14.0
833488,55.0,12012.75121641159,5.0
835258,220.0,12057.362942934036,16.0
836869,155.0,12097.422190904617,15.0
837632,30.0,12116.182235479355,4.0
839862,250.0,12172.658542394638,18.0
841199,135.0,12205.190092802048,11.0
842477,65.0,12235.99745965004,7.0
843435,35.0,12260.401257753372,3.0
844851,90.0,12297.430202007294,9.0
845626,90.0,12317.243815422058,7.0
847599,270.0,12367.340933084488,19.0
848648,70.0,12393.438079357147,7.0
849871,60.0,12422.71641945839,6.0
850832,35.0,12446.812092781067,4.0
851687,55.0,12467.452942609787,5.0
852968,40.0,12499.606746435165,6.0
855083,385.0,12550.586662769318,18.0
856049,100.0,12573.325296640396,8.0
858308,505.0,12627.022470712662,21.0
859040,100.0,12643.996397972107,8.0
860584,115.0,12682.908009529114,12.0
861993,35.0,12718.386513233185,4.0
863315,115.0,12751.445712566376,9.0
864583,85.0,12783.949633598328,9.0
866179,350.0,12824.278370380402,11.0
867052,0.0,12846.043276071548,0.0
868068,100.0,12871.176934480667,10.0
868792,100.0,12888.996777772903,8.0
871028,435.0,12946.769982099533,18.0
872560,100.0,12984.934360265732,10.0
873897,50.0,13018.55377292633,7.0
874916,70.0,13043.906304836273,7.0
876335,160.0,13079.568922519684,12.0
878078,235.0,13123.260601758957,16.0
879935,145.0,13166.512998819351,13.0
882155,225.0,13217.561980724335,16.0
884445,220.0,13273.270497322083,14.0
886252,125.0,13316.920934200287,10.0
888137,290.0,13361.02768087387,20.0
889064,30.0,13382.50187587738,2.0
890253,80.0,13410.899607419968,8.0
891487,100.0,13442.303510189056,7.0
892800,155.0,13475.307235240936,12.0
893958,50.0,13504.844867944717,6.0
895028,80.0,13532.068794488907,9.0
896752,70.0,13575.65680217743,7.0
898116,180.0,13609.942214012146,12.0
899038,35.0,13633.812039852142,4.0
899802,30.0,13653.257794618607,3.0
900979,60.0,13683.11003446579,8.0
902383,55.0,13719.63621211052,7.0
903603,85.0,13749.803812742233,7.0
904436,35.0,13769.970843076706,5.0
905429,65.0,13793.60736322403,7.0
907351,345.0,13840.6807076931,22.0
909178,220.0,13884.817811250687,16.0
910623,145.0,13920.385660886765,13.0
911999,60.0,13954.462630748749,8.0
913098,30.0,13980.669890642166,5.0
914574,190.0,14017.201314687729,17.0
915362,30.0,14036.395356178284,4.0
916530,165.0,14065.559428691864,11.0
918225,110.0,14107.273131132126,12.0
920009,310.0,14149.638805150986,22.0
921334,110.0,14182.24395608902,7.0
922635,90.0,14214.571852445602,9.0
924484,170.0,14260.469496250153,15.0
925963,115.0,14297.628714323044,11.0
926804,75.0,14317.6841878891,5.0
928062,60.0,14349.02467417717,5.0
928967,30.0,14370.989040851593,4.0
930200,125.0,14399.94411277771,9.0
931163,20.0,14421.870109796524,3.0
932320,160.0,14450.391352653503,11.0
933561,135.0,14481.651153087616,11.0
934891,75.0,14514.144976615906,8.0
936231,110.0,14546.116517066956,7.0
937560,85.0,14578.754284858704,8.0
938433,30.0,14600.522536039352,4.0
940232,475.0,14645.365802288055,21.0
941465,160.0,14675.717408895493,13.0
942513,20.0,14700.852262496948,4.0
944452,365.0,14745.496515750885,15.0
945831,45.0,14779.519419670105,6.0
947790,125.0,14827.067456245422,11.0
949236,170.0,14861.604244709015,13.0
951341,285.0,14909.445781230927,21.0
952962,115.0,14947.160672664642,10.0
955215,270.0,15000.342897891998,17.0
956969,230.0,15043.983481407166,16.0
958672,160.0,15083.921827316284,14.0
960280,110.0,15123.044605731964,10.0
961312,55.0,15150.676131010056,5.0
962340,55.0,15177.663672685623,6.0
963979,195.0,15220.165763139725,14.0
964943,30.0,15246.641924142838,4.0
966815,150.0,15296.112957954407,13.0
968589,275.0,15338.065423250198,19.0
970257,60.0,15377.702992677689,6.0
972651,320.0,15435.869960069656,22.0
974011,130.0,15472.864904642105,10.0
974772,35.0,15494.154482364655,5.0
975511,35.0,15514.777333974838,5.0
976819,105.0,15547.152204751968,7.0
978449,215.0,15585.801928043365,16.0
979467,55.0,15613.020292520523,4.0
981645,225.0,15670.301275968552,16.0
982322,60.0,15688.537784576416,7.0
984733,190.0,15749.840340137482,14.0
986103,55.0,15785.499314069748,8.0
987278,70.0,15816.143650054932,5.0
988718,110.0,15853.39931678772,10.0
990178,180.0,15891.245748281479,14.0
991216,65.0,15917.73821735382,6.0
992915,370.0,15959.657403945923,22.0
995004,235.0,16008.951978445053,18.0
997096,190.0,16057.612339496613,15.0
998221,100.0,16085.811501979828,8.0
999482,100.0,16117.655689239502,10.0
1000967,155.0,16153.452757358551,14.0
1002330,105.0,16185.64770078659,11.0
1004220,120.0,16230.271876811981,12.0
1005773,210.0,16270.503249645233,15.0
1007037,125.0,16303.20392537117,12.0
1008495,125.0,16341.066611766815,9.0
1009568,75.0,16368.734850883484,7.0
1011981,465.0,16429.57706594467,21.0
1013277,115.0,16461.66888332367,12.0
1014982,145.0,16503.024505853653,13.0
1015999,120.0,16528.033910512924,10.0
1017420,105.0,16563.813143491745,11.0
1019049,140.0,16603.516448497772,10.0
1020125,105.0,16630.082181453705,9.0
1021665,95.0,16668.275249242783,9.0
1023665,105.0,16717.96382522583,11.0
1025492,240.0,16760.93501973152,17.0
1027547,300.0,16809.765954256058,21.0
1028264,55.0,16826.90265440941,5.0
1029321,55.0,16851.163197040558,5.0
1030275,30.0,16874.88018846512,2.0
1032527,545.0,16931.047836065292,23.0
1034119,130.0,16967.72970175743,12.0
1035399,95.0,16997.600120544434,9.0
1037951,355.0,17060.442008972168,24.0
1039342,155.0,17096.202427387238,13.0
1040276,0.0,17119.689579963684,0.0
1042213,240.0,17168.867542266846,15.0
1043471,100.0,17200.102784633636,11.0
1044574,55.0,17226.752706050873,7.0
1045608,55.0,17252.36661696434,5.0
1047566,205.0,17302.39188671112,17.0
1049000,345.0,17338.529138803482,14.0
1050023,60.0,17364.511522054672,6.0
1051162,75.0,17392.867295980453,8.0
1052062,30.0,17414.99702143669,5.0
1053289,250.0,17445.39440560341,7.0
1054272,120.0,17468.868027210236,11.0
1055992,185.0,17511.13441348076,13.0
1057139,50.0,17539.288254499435,4.0
1059043,160.0,17586.38694667816,15.0
1061143,215.0,17635.835800886154,17.0
1062773,155.0,17675.538901805878,11.0
1064152,110.0,17709.31262779236,11.0
1066002,160.0,17753.48149704933,12.0
1067255,40.0,17782.45755672455,5.0
1068527,70.0,17813.508073568344,5.0
1069410,95.0,17835.177285432816,9.0
1071906,270.0,17900.63984656334,21.0
1074554,320.0,17970.021092176437,22.0
1076223,100.0,18010.391907453537,11.0
1077494,145.0,18040.090156555176,11.0
1078502,60.0,18064.109394073486,5.0
1079861,165.0,18100.18230366707,12.0
1080862,25.0,18125.94217801094,4.0
1083038,325.0,18184.544923067093,22.0
1083755,25.0,18204.732659578323,4.0
1085806,170.0,18261.45271062851,11.0
1087886,275.0,18319.452923297882,20.0
1089077,85.0,18353.862674474716,9.0
1090218,125.0,18384.705728292465,9.0
1091390,110.0,18416.629519462585,12.0
1092695,185.0,18451.354748487473,14.0
1094814,475.0,18506.033066511154,20.0
1095653,35.0,18527.635951280594,3.0
1096937,85.0,18560.112724542618,11.0
1098416,75.0,18595.669865131378,8.0
1100461,210.0,18646.75357723236,16.0
1101926,335.0,18681.825778722763,11.0
1102930,25.0,18705.239849567413,4.0
1104096,20.0,18734.440190315247,3.0
1106095,200.0,18782.409304618835,16.0
1107765,200.0,18822.12903881073,14.0
1109057,165.0,18852.25210738182,14.0
1110437,220.0,18885.041860342026,17.0
1111435,85.0,18911.09796142578,7.0
1112225,25.0,18933.37017583847,4.0
1113056,50.0,18957.135481119156,4.0
1114447,135.0,18994.540864229202,10.0
1115698,220.0,19029.573085546494,16.0
1117530,465.0,19080.888105869293,22.0
1118431,135.0,19104.678503990173,8.0
1119817,150.0,19140.458092212677,13.0
1121548,140.0,19184.72996377945,11.0
1122577,130.0,19210.652839899063,11.0
1124955,350.0,19271.277774572372,22.0
1126268,135.0,19304.68952846527,10.0
1127563,90.0,19337.16487979889,9.0
1129090,230.0,19375.55503487587,17.0
1130655,165.0,19416.165374279022,13.0
1132985,165.0,19475.767165660858,12.0
1134310,75.0,19508.87621498108,9.0
1136014,130.0,19550.924225091934,12.0
1137341,120.0,19582.981424570084,11.0
1139024,130.0,19625.004716157913,13.0
1141469,500.0,19686.0826151371,31.0
1142642,175.0,19715.74499106407,12.0
1143887,110.0,19746.411380052567,10.0
1145193,65.0,19779.677935123444,6.0
1146981,540.0,19825.53695821762,22.0
1148075,60.0,19853.785351514816,6.0
1149352,115.0,19886.505591869354,11.0
1151600,190.0,19942.492621183395,14.0
1153336,255.0,19983.220123767853,17.0
1154125,70.0,20001.51500725746,6.0
1155104,60.0,20024.795663833618,6.0
1156729,165.0,20066.367605686188,13.0
1157689,35.0,20090.308125257492,4.0
1159076,125.0,20125.734929084778,12.0
1160220,105.0,20155.24177646637,9.0
1162979,570.0,20225.51726603508,26.0
1164773,360.0,20269.99245738983,16.0
1166416,310.0,20311.368312597275,12.0
1167306,45.0,20333.743517398834,6.0
1169065,365.0,20375.427583932877,13.0
1169757,15.0,20392.361621379852,2.0
1170736,50.0,20417.329060316086,4.0
1171863,45.0,20445.99807024002,5.0
1173430,135.0,20485.978615522385,11.0
1175556,365.0,20539.633635759354,25.0
1177643,255.0,20592.969718933105,19.0
1178299,25.0,20609.071914196014,4.0
1180250,475.0,20657.10660791397,21.0
1181459,80.0,20687.8606300354,8.0
1182758,160.0,20720.984178066254,14.0
1183746,120.0,20746.988935709,8.0
1185880,235.0,20802.10737347603,17.0
1187214,170.0,20836.096502542496,13.0
1189265,370.0,20890.768842935562,15.0
1190578,115.0,20924.638974666595,12.0
1191259,35.0,20942.484257936478,5.0
1193179,180.0,20991.100959539413,14.0
1194158,20.0,21017.354243516922,3.0
1195449,130.0,21051.60621023178,10.0
1197142,215.0,21094.33071088791,15.0
1198582,130.0,21131.277777194977,14.0
1199315,45.0,21149.73339653015,5.0
1200436,65.0,21179.621383428574,7.0
1201895,55.0,21217.27091193199,7.0
1203197,140.0,21249.588808774948,12.0
1204239,45.0,21275.930011034012,5.0
1205979,250.0,21318.51247406006,18.0
1208274,470.0,21372.088628530502,18.0
1210564,375.0,21425.23671603203,22.0
1211693,170.0,21452.561517953873,12.0
1213384,135.0,21491.217044115067,13.0
1214875,225.0,21528.440009355545,17.0
1215841,80.0,21552.70780491829,6.0
1217092,145.0,21584.01939511299,11.0
1218574,170.0,21621.17237496376,12.0
1219493,20.0,21644.37895512581,3.0
1222080,395.0,21706.508259773254,23.0
1223143,50.0,21733.260805368423,5.0
1224726,120.0,21771.367086172104,11.0
1225683,90.0,21795.160495758057,9.0
1226944,155.0,21827.2761554718,13.0
1228268,190.0,21861.48440885544,14.0
1229472,120.0,21892.262546539307,8.0
1230542,75.0,21919.75577735901,8.0
1231317,80.0,21940.1174864769,8.0
1232030,60.0,21958.440361261368,5.0
1233035,90.0,21983.328251838684,8.0
1235221,360.0,22036.66547012329,23.0
1236485,125.0,22068.872100114822,12.0
1237503,75.0,22094.033718824387,9.0
1238586,80.0,22121.48422384262,7.0
1239523,35.0,22145.378244638443,2.0
1241423,250.0,22191.28008365631,15.0
1242576,150.0,22217.930948019028,11.0
1243317,80.0,22235.42118048668,6.0
1244502,80.0,22265.10955762863,8.0
1245711,140.0,22296.30436873436,15.0
1247281,160.0,22335.296868801117,10.0
1248179,90.0,22357.357647418976,7.0
1249418,40.0,22388.05879998207,5.0
1251113,265.0,22430.991008996964,19.0
1253298,185.0,22485.63327074051,16.0
1254303,65.0,22508.50532245636,6.0
1255480,135.0,22535.87207388878,10.0
1256969,160.0,22569.695882320404,15.0
1257911,120.0,22592.04117321968,9.0
1259313,100.0,22624.469808340073,10.0
1260523,180.0,22653.852887392044,11.0
1261561,90.0,22681.7597117424,7.0
1263529,150.0,22734.078632593155,14.0
1265542,195.0,22783.9899289608,14.0
1266554,105.0,22810.933708429337,10.0
1267688,120.0,22840.271635055542,8.0
1268734,70.0,22866.77821135521,6.0
1269742,140.0,22891.955028295517,11.0
1272424,350.0,22955.986124038696,22.0
1273380,40.0,22980.52946281433,5.0
1274459,135.0,23006.362620830536,9.0
1275488,130.0,23031.40197610855,9.0
1276478,45.0,23056.31022453308,5.0
1278404,300.0,23103.60765171051,19.0
1279486,80.0,23132.7594332695,6.0
1280300,60.0,23153.890065670013,5.0
1281430,175.0,23181.39682173729,13.0
1283056,235.0,23223.309143543243,19.0
1284594,75.0,23259.534406661987,8.0
1285519,80.0,23283.57673215866,7.0
1286398,15.0,23305.80333185196,2.0
1288652,260.0,23359.062917232513,17.0
1290044,150.0,23394.3959274292,12.0
1291609,155.0,23432.822790145874,15.0
1293480,205.0,23477.799287557602,16.0
1294302,30.0,23498.029675006866,3.0
1295508,65.0,23528.742436170578,6.0
1296648,95.0,23558.41681408882,9.0
1297937,90.0,23590.56683897972,10.0
1300294,365.0,23651.674523353577,24.0
1301274,80.0,23677.216071605682,8.0
1302534,140.0,23709.674665927887,13.0
1303240,60.0,23728.383393526077,6.0
1304587,215.0,23763.254890203476,15.0
1306259,155.0,23805.648164510727,15.0
1308301,215.0,23855.94105911255,15.0
1309701,205.0,23890.885100126266,15.0
1311239,145.0,23929.52404141426,14.0
1312729,195.0,23967.44937968254,16.0
1313872,75.0,23996.2332341671,8.0
1314662,65.0,24015.82053375244,6.0
1315880,145.0,24045.416390419006,12.0
1317635,240.0,24086.795289993286,19.0
1320208,470.0,24148.366025209427,28.0
1321495,60.0,24181.117954969406,7.0
1322570,195.0,24207.938972234726,15.0
1324172,85.0,24245.866374492645,8.0
1326758,620.0,24308.92631173134,18.0
1329393,585.0,24371.174915790558,26.0
1330620,45.0,24402.509128808975,4.0
1332355,445.0,24448.30882668495,20.0
1333902,155.0,24488.663890361786,11.0
1334808,35.0,24512.736665964127,5.0
1336215,160.0,24548.53680086136,14.0
1337578,135.0,24582.65827536583,12.0
1338313,50.0,24600.98839855194,6.0
1339250,10.0,24624.48685836792,2.0
1340242,80.0,24648.401958942413,6.0
1341653,200.0,24682.294265031815,15.0
1343098,175.0,24718.036157369614,15.0
1344299,155.0,24748.657496213913,13.0
1345559,125.0,24780.222170591354,11.0
1347977,335.0,24841.006089925766,23.0
1349746,260.0,24884.720733642578,19.0
1351494,175.0,24927.636135816574,13.0
1352924,190.0,24964.153057575226,15.0
1354171,130.0,24995.526793718338,11.0
1355444,75.0,25026.587898492813,7.0
1356163,40.0,25045.302319526672,6.0
1358191,155.0,25095.228896856308,13.0
1359196,85.0,25120.652014255524,5.0
1359949,25.0,25139.689239263535,1.0
1361105,50.0,25168.421743392944,4.0
1362820,150.0,25210.006336927414,14.0
1363901,45.0,25235.464671850204,6.0
1364879,80.0,25258.89351463318,8.0
1366769,245.0,25306.086642742157,18.0
1368275,200.0,25343.48261809349,15.0
1369561,190.0,25375.564226150513,16.0
1370728,155.0,25403.90716767311,10.0
1372843,210.0,25455.575325489044,16.0
1374352,210.0,25493.650216579437,12.0
1375367,90.0,25519.71783399582,9.0
1376724,120.0,25554.006968975067,11.0
1378250,90.0,25590.649264097214,10.0
1380295,200.0,25641.895887851715,15.0
1382175,190.0,25687.731256961823,14.0
1384122,305.0,25733.311197280884,21.0
1385995,170.0,25776.87846970558,12.0
1386856,60.0,25797.695506095886,6.0
1388525,160.0,25836.80942773819,15.0
1390308,155.0,25881.40936732292,16.0
1391660,130.0,25914.830013513565,13.0
1393543,335.0,25961.634224891663,23.0
1395816,265.0,26019.069595575333,21.0
1397131,105.0,26049.835852861404,11.0
1399129,440.0,26097.863848924637,20.0
1400105,55.0,26122.892066955566,7.0
1401453,110.0,26156.58368086815,10.0
1402283,75.0,26177.262950897217,5.0
1403606,55.0,26208.666487693787,8.0
1404882,185.0,26238.548165798187,12.0
1406602,315.0,26277.056059598923,20.0
1408463,180.0,26319.45414352417,17.0
1409907,75.0,26353.155259370804,7.0
1410981,135.0,26380.88690805435,12.0
1411867,10.0,26403.723816871643,2.0
1413390,110.0,26441.713712215424,10.0
1414532,75.0,26470.953598737717,8.0
1415822,180.0,26503.76202225685,16.0
1416858,95.0,26528.502130031586,8.0
1418960,225.0,26578.25892853737,14.0
1419622,50.0,26593.788902521133,6.0
1420837,130.0,26623.799153089523,11.0
1421865,170.0,26649.199679374695,14.0
1422974,135.0,26677.68493628502,10.0
1425290,285.0,26737.193570375443,20.0
1426447,260.0,26765.5017015934,17.0
1427156,20.0,26782.14614367485,3.0
1427908,60.0,26800.003434181213,6.0
1429248,115.0,26831.6624481678,12.0
1430259,135.0,26855.618371009827,8.0
1431436,110.0,26885.35387468338,11.0
1432353,70.0,26908.898710250854,6.0
1433743,185.0,26943.37099838257,15.0
1434626,25.0,26965.827080488205,2.0
1435920,130.0,26998.657240629196,13.0
1437564,145.0,27040.69417309761,12.0
1439470,350.0,27088.40175127983,25.0
1440914,185.0,27123.45949101448,16.0
1443262,275.0,27178.752584934235,18.0
1444878,160.0,27217.0909409523,12.0
1446023,110.0,27244.80819416046,10.0
1447614,200.0,27283.711799383163,15.0
1448909,125.0,27315.94867706299,12.0
1450182,160.0,27347.556326389313,15.0
1451407,165.0,27377.525135993958,15.0
1452409,35.0,27403.06448149681,4.0
1453183,80.0,27421.152002096176,6.0
1455088,280.0,27465.519263744354,19.0
1456167,95.0,27491.805199623108,7.0
1458469,340.0,27550.95486140251,24.0
1459168,70.0,27568.959169387817,6.0
1460361,45.0,27598.20528268814,5.0
1461558,70.0,27628.395750284195,8.0
1462430,10.0,27650.5782186985,2.0
1463253,50.0,27671.135269641876,6.0
1464447,35.0,27700.141902923584,4.0
1465822,155.0,27733.45007419586,14.0
1466755,105.0,27755.39122581482,6.0
1468011,100.0,27785.171008110046,11.0
1469982,240.0,27832.525992631912,20.0
1471855,275.0,27877.09582877159,21.0
1473823,230.0,27927.03007888794,17.0
1475010,45.0,27958.255573034286,6.0
1476738,320.0,28002.67909169197,12.0
1478407,240.0,28042.797809123993,16.0
1480060,260.0,28084.071496725082,19.0
1480978,35.0,28108.27623939514,5.0
1482763,170.0,28154.950528860092,13.0
1484062,180.0,28187.814296007156,15.0
1485120,100.0,28213.701464653015,10.0
1485898,20.0,28233.354026556015,3.0
1487243,135.0,28267.322879314423,14.0
1489463,490.0,28320.798268079758,30.0
1491544,335.0,28372.815901517868,23.0
1493716,430.0,28429.690856456757,29.0
1494768,130.0,28456.750644207,10.0
1495597,30.0,28478.002107143402,4.0
1496867,110.0,28511.99191212654,11.0
1498059,140.0,28543.302822589874,10.0
1500058,305.0,28591.854594945908,20.0
1501459,160.0,28625.11719751358,13.0
1503527,285.0,28676.620582580566,19.0
1504883,165.0,28710.287889957428,14.0
1506972,140.0,28761.39165496826,11.0
1508316,150.0,28795.07482624054,13.0
1509213,100.0,28817.061374902725,10.0
1510295,185.0,28843.81003022194,13.0
1511717,220.0,28878.86033821106,17.0
1512720,140.0,28903.084007501602,10.0
1514029,140.0,28935.341967344284,11.0
1515999,250.0,28984.124938249588,19.0
1517804,210.0,29028.288995981216,16.0
1519017,90.0,29058.170003652573,9.0
1519857,35.0,29078.65126800537,4.0
1520586,60.0,29096.536711215973,5.0
1521401,25.0,29115.99184322357,4.0
1522658,135.0,29146.76182103157,11.0
1524035,145.0,29181.167797088623,13.0
1524733,50.0,29198.827478647232,4.0
1525939,75.0,29229.08262848854,6.0
1528055,405.0,29283.46149468422,27.0
1529874,290.0,29328.618000268936,21.0
1530916,60.0,29354.57817530632,5.0
1532192,80.0,29386.164782762527,8.0
1534346,305.0,29438.779644966125,20.0
1536002,320.0,29480.11157798767,24.0
1537256,95.0,29511.55174803734,9.0
1538168,60.0,29533.42646932602,7.0
1540083,245.0,29579.561186552048,18.0
1542298,275.0,29632.933521986008,18.0
1543773,90.0,29669.87104177475,9.0
1545113,90.0,29702.958844661713,10.0
1547358,440.0,29756.924040317535,18.0
1548498,115.0,29784.803283452988,12.0
1551084,835.0,29847.10108613968,30.0
1553037,165.0,29894.06543159485,15.0
1554324,65.0,29924.93702030182,6.0
1555239,140.0,29947.511838197708,11.0
1557413,210.0,29999.430642843246,19.0
1558683,125.0,30030.36128473282,11.0
1560450,185.0,30073.769897460938,17.0
1562491,230.0,30123.289967536926,15.0
1563447,60.0,30145.91867160797,6.0
1564403,65.0,30168.834765672684,8.0
1565905,150.0,30204.026515722275,15.0
1566965,120.0,30229.832592487335,9.0
1568219,110.0,30260.46568751335,9.0
1569994,240.0,30302.77704834938,19.0
1571884,320.0,30348.10695552826,22.0
1573173,105.0,30377.67392373085,10.0
1574208,145.0,30401.358072042465,12.0
1574963,45.0,30419.0244243145,6.0
1577229,270.0,30472.21396946907,18.0
1578792,185.0,30507.88717675209,16.0
1581109,680.0,30566.31767654419,31.0
1581817,65.0,30584.91947412491,5.0
1584475,595.0,30656.435072898865,18.0
1586633,450.0,30714.140028953552,19.0
1587886,120.0,30747.56689476967,10.0
1588770,70.0,30771.297967672348,9.0
1590255,160.0,30810.015287160873,14.0
1592593,425.0,30867.698396921158,27.0
1593825,175.0,30896.983122587204,13.0
1595510,275.0,30940.593636989594,19.0
1597678,460.0,30995.40181350708,29.0
1599159,120.0,31031.86193752289,11.0
1600629,455.0,31070.83806538582,18.0
1602812,470.0,31126.21778011322,21.0
1605016,355.0,31181.086906194687,25.0
1606316,145.0,31214.732278108597,12.0
1608186,245.0,31260.81009030342,18.0
1609856,270.0,31301.009939670563,18.0
1611219,115.0,31336.721943855286,12.0
1612522,145.0,31371.726920604706,13.0
1614412,200.0,31416.220319986343,17.0
1615724,80.0,31448.525393247604,7.0
1618526,425.0,31514.483877897263,27.0
1619497,70.0,31541.474129915237,7.0
1620415,40.0,31566.246104240417,6.0
1622021,130.0,31609.37040257454,12.0
1623050,60.0,31635.545999526978,7.0
1624462,110.0,31669.922362089157,13.0
1626127,145.0,31712.233179092407,11.0
1626994,40.0,31734.55757331848,6.0
1628349,110.0,31769.410898447037,11.0
1630188,475.0,31816.081151247025,21.0
1632084,285.0,31864.08630132675,20.0
1632877,35.0,31883.951640367508,3.0
1634754,205.0,31930.252410650253,16.0
1636175,130.0,31964.863001346588,10.0
1637109,130.0,31987.635310173035,11.0
1640181,580.0,32060.32149195671,26.0
1641427,100.0,32091.45959186554,11.0
1642421,125.0,32116.12669658661,13.0
1644603,230.0,32171.24028491974,15.0
1645360,20.0,32189.93293070793,3.0
1646625,135.0,32222.06911087036,10.0
1648360,390.0,32262.663262605667,14.0
1650014,280.0,32303.047600507736,18.0
1651237,90.0,32334.65090727806,9.0
1652301,45.0,32362.692919015884,5.0
1654481,340.0,32418.61394882202,23.0
1656742,310.0,32478.273315668106,19.0
1658000,105.0,32509.336793899536,11.0
1659331,40.0,32544.28819823265,6.0
1661174,475.0,32591.15912747383,22.0
1663074,435.0,32642.3295211792,19.0
1664199,105.0,32672.644346237183,8.0
1666291,395.0,32722.648447990417,26.0
1667549,215.0,32751.809213876724,16.0
1669126,235.0,32788.82296156883,16.0
1671089,225.0,32838.01258420944,17.0
1672251,80.0,32866.400872945786,9.0
1673035,55.0,32885.58663535118,5.0
1675488,315.0,32948.23405265808,22.0
1676837,170.0,32982.501098394394,12.0
1678083,130.0,33014.1928319931,10.0
1680044,210.0,33064.692833423615,16.0
1681341,115.0,33097.66165971756,12.0
1682194,50.0,33120.01008582115,6.0
1684122,185.0,33170.552146196365,14.0
1686230,195.0,33225.540221214294,15.0
1686975,20.0,33244.54068279266,3.0
1689021,285.0,33293.93499660492,20.0
1690688,200.0,33335.30216598511,14.0
1692301,220.0,33376.27727985382,19.0
1693578,215.0,33408.24062561989,16.0
1695783,415.0,33462.36377453804,27.0
1697981,275.0,33515.454944610596,20.0
1699251,125.0,33546.36373615265,9.0
1700149,15.0,33567.78502869606,3.0
1701644,435.0,33604.16908431053,19.0
1702446,35.0,33624.04042673111,4.0
1703590,135.0,33651.93930363655,9.0
1704247,95.0,33668.492264032364,7.0
1705949,270.0,33710.38702750206,19.0
1707074,185.0,33737.99202251434,13.0
1708604,235.0,33777.34138131142,15.0
1710100,175.0,33812.95632863045,16.0
1711396,130.0,33842.79047346115,11.0
1713508,335.0,33891.590224027634,24.0
1715182,230.0,33931.245321273804,17.0
1716437,160.0,33961.9894759655,13.0
1717933,220.0,33997.362376213074,19.0
1720208,330.0,34050.975945949554,22.0
1721489,145.0,34081.87998819351,14.0
1722249,45.0,34099.20129585266,5.0
1723929,170.0,34143.63718628883,13.0
1725097,150.0,34175.96910619736,12.0
1726549,205.0,34214.784853458405,17.0
1727850,185.0,34248.6100769043,16.0
1728938,150.0,34276.877621889114,10.0
1729762,110.0,34298.61878991127,7.0
1731481,325.0,34342.81390786171,23.0
1733570,295.0,34395.01166701317,21.0
1735020,165.0,34431.45984888077,13.0
1736708,340.0,34474.886046648026,23.0
1737766,50.0,34501.712466955185,6.0
1739396,305.0,34543.85303282738,20.0
1740422,90.0,34569.003813028336,7.0
1741913,285.0,34605.90128946304,20.0
1742820,115.0,34629.65880012512,10.0
1744172,150.0,34663.877623319626,11.0
1745299,95.0,34691.01729750633,9.0
1747440,210.0,34742.83542537689,15.0
1748623,135.0,34771.310811042786,11.0
1749740,75.0,34797.37630176544,8.0
1751268,200.0,34832.641033649445,16.0
1752719,195.0,34867.75952863693,13.0
1754030,165.0,34902.04110646248,13.0
1754771,25.0,34921.01059341431,4.0
1756667,345.0,34965.83731150627,13.0
1758537,355.0,35010.63024330139,25.0
1759553,125.0,35034.533276319504,10.0
1761385,235.0,35081.16472482681,18.0
1762179,120.0,35102.021533727646,10.0
1763160,125.0,35127.870641708374,12.0
1764807,345.0,35170.09147191048,24.0
1766414,80.0,35212.70878648758,9.0
1767581,45.0,35243.30666470528,5.0
1768369,45.0,35264.13893842697,5.0
1769154,55.0,35284.11569285393,5.0
1771185,435.0,35336.52448654175,28.0
1772210,130.0,35363.316608428955,11.0
1773365,190.0,35392.60725092888,13.0
1774649,140.0,35425.27418065071,13.0
1777296,495.0,35493.123032808304,31.0
1778511,145.0,35525.384850263596,14.0
1780527,345.0,35576.09124541283,23.0
1781953,135.0,35611.65811038017,12.0
1783796,225.0,35656.945548057556,16.0
1784557,5.0,35676.44117617607,1.0
1786188,435.0,35717.52722406387,20.0
1787706,315.0,35754.875876665115,22.0
1788586,80.0,35776.393243312836,9.0
1790509,320.0,35824.27524113655,22.0
1791237,30.0,35843.259319067,4.0
1793151,405.0,35892.87640404701,27.0
1795149,285.0,35944.16528272629,22.0
1796146,95.0,35969.42885804176,11.0
1796898,45.0,35988.69146966934,5.0
1797875,105.0,36013.50088572502,9.0
1799159,285.0,36045.96824836731,16.0
1801086,245.0,36094.62694621086,19.0
1802956,465.0,36142.34578323364,20.0
1804630,275.0,36185.52289938927,21.0
1805608,120.0,36210.61338996887,10.0
1807275,195.0,36250.32694029808,17.0
1808286,130.0,36274.51675796509,13.0
1810236,315.0,36320.52088856697,21.0
1812006,375.0,36363.52805709839,15.0
1814118,345.0,36415.29275727272,24.0
1816271,350.0,36468.43632411957,21.0
1817512,180.0,36499.438007593155,15.0
1818833,115.0,36531.609850645065,12.0
1820485,280.0,36572.717618227005,20.0
1821517,135.0,36597.39775133133,12.0
1822841,140.0,36630.540707826614,11.0
1824055,160.0,36661.20227146149,14.0
1826574,385.0,36724.471363544464,26.0
1828024,190.0,36760.5052587986,15.0
1829062,35.0,36786.70761299133,5.0
1829772,50.0,36804.58494472504,4.0
1831528,250.0,36849.89506196976,17.0
1833076,270.0,36888.28824496269,20.0
1834389,135.0,36920.670401096344,11.0
1836415,345.0,36970.932888269424,22.0
1837756,180.0,37004.52700138092,15.0
1840336,670.0,37068.43851208687,28.0
1842077,445.0,37108.95399951935,20.0
1844021,185.0,37157.792202711105,14.0
1845291,190.0,37189.722739458084,14.0
1846348,5.0,37216.60899209976,1.0
1848409,240.0,37267.745486974716,18.0
1850401,320.0,37317.849724531174,23.0
1851939,295.0,37355.97418618202,20.0
1853810,270.0,37401.81121850014,20.0
1855161,155.0,37435.85720586777,15.0
1856715,270.0,37474.92395734787,19.0
1858656,345.0,37521.30662226677,22.0
1860660,345.0,37568.40851044655,24.0
1861485,50.0,37587.49005198479,6.0
1863379,395.0,37636.89943218231,26.0
1864502,95.0,37667.58417081833,11.0
1866024,265.0,37708.835767269135,20.0
1867090,105.0,37738.13239121437,11.0
1868850,365.0,37784.31442594528,24.0
1870578,240.0,37829.21742224693,18.0
1872350,360.0,37876.157948732376,24.0
1874158,225.0,37922.90782546997,17.0
1874821,80.0,37940.07301402092,9.0
1876540,270.0,37985.3901348114,20.0
1877402,80.0,38008.64381337166,7.0
1878987,360.0,38051.1632130146,15.0
1880183,135.0,38083.25101542473,9.0
1882343,270.0,38143.312707424164,18.0
1883865,205.0,38183.53793025017,17.0
1885594,310.0,38231.18394732475,21.0
1887369,265.0,38277.07390332222,21.0
1888093,60.0,38296.30869936943,6.0
1889797,195.0,38341.354699373245,16.0
1890639,20.0,38364.85967493057,3.0
1891487,40.0,38388.316882133484,6.0
1892954,190.0,38423.552267074585,15.0
1895174,365.0,38476.69091677666,23.0
1896524,280.0,38508.135880470276,21.0
1898546,280.0,38556.73428988457,21.0
1899861,195.0,38591.7722530365,15.0
1901202,160.0,38627.88390636444,14.0
1902536,155.0,38663.264479875565,12.0
1904329,430.0,38710.16265940666,18.0
1905658,165.0,38745.61658358574,12.0
1906688,85.0,38771.732241630554,9.0
1908774,200.0,38824.33898329735,15.0
1910795,400.0,38873.48030042648,18.0
1912381,305.0,38912.1791946888,20.0
1914302,380.0,38957.21275115013,26.0
1915847,260.0,38996.57453370094,20.0
1916816,60.0,39019.57761383057,5.0
1918802,325.0,39070.03909134865,22.0
1921093,535.0,39131.665538311005,24.0
1921991,100.0,39153.02220058441,10.0
1923407,365.0,39187.33759355545,16.0
1924396,100.0,39210.74542236328,10.0
1926467,190.0,39261.647232055664,15.0
1927886,100.0,39297.587183237076,10.0
1929430,275.0,39337.0161011219,20.0
1930707,165.0,39369.16348481178,15.0
1932563,420.0,39415.745332956314,19.0
1934826,375.0,39472.15219664574,25.0
1935970,55.0,39500.42961359024,7.0
1937928,225.0,39548.85075592995,16.0
1939768,170.0,39593.58462142944,13.0
1941264,120.0,39629.22303748131,11.0
1943143,310.0,39673.973702669144,21.0
1944761,195.0,39712.85390210152,17.0
1946707,315.0,39758.57990694046,21.0
1947849,60.0,39786.05324411392,8.0
1949590,295.0,39828.913738012314,21.0
1951289,285.0,39874.2480738163,21.0
1952749,230.0,39914.310630083084,19.0
1953838,120.0,39943.53894853592,13.0
1955155,195.0,39979.742429971695,16.0
1956212,180.0,40007.021203279495,15.0
1957424,95.0,40036.635405540466,9.0
1958658,160.0,40069.09006857872,15.0
1960759,700.0,40124.460802316666,32.0
1962517,190.0,40168.82716536522,15.0
1964113,230.0,40208.90339803696,19.0
1965842,260.0,40253.44280338287,19.0
1967570,470.0,40297.29847240448,21.0
1969075,170.0,40335.64423704147,17.0
1970923,280.0,40379.90149688721,18.0
1971971,195.0,40404.268240213394,16.0
1973419,240.0,40438.19686412811,19.0
1974689,175.0,40467.93571615219,16.0
1976832,655.0,40518.64966392517,29.0
1978406,480.0,40554.026057720184,20.0
1980085,440.0,40592.336332559586,20.0
1982770,600.0,40654.15685939789,35.0
1984445,275.0,40693.902551174164,20.0
1986101,325.0,40738.12969493866,22.0
1987986,375.0,40796.24107527733,26.0
1991121,600.0,40888.080075740814,35.0
1992552,165.0,40928.67827653885,10.0
1994473,285.0,40980.6645154953,20.0
1996108,260.0,41023.91888999939,19.0
1997310,155.0,41055.82259392738,15.0
1998304,170.0,41082.24373936653,14.0
1999418,110.0,41109.70093154907,11.0
2000856,140.0,41146.28754591942,10.0
2001631,45.0,41166.24929356575,5.0
2002874,135.0,41198.43204641342,14.0
2004681,365.0,41243.955339193344,22.0
2005659,150.0,41268.061584472656,14.0
2006578,95.0,41291.25965094566,11.0
2008318,275.0,41334.85911488533,19.0
2010033,290.0,41377.06866264343,22.0
2011510,195.0,41413.678154706955,15.0
2013295,330.0,41458.30854701996,22.0
2015127,290.0,41503.12277007103,18.0
2016308,145.0,41531.98526954651,13.0
2018580,375.0,41587.3038020134,25.0
2020925,350.0,41646.593052864075,24.0
2023121,385.0,41701.81575202942,26.0
2025073,555.0,41750.16174674034,24.0
2026501,205.0,41785.706906080246,16.0
2028434,355.0,41831.96060347557,22.0
2029892,230.0,41865.80539274216,18.0
2031494,265.0,41905.1776304245,19.0
2033364,495.0,41949.48111104965,22.0
2035708,315.0,42005.69498825073,22.0
2037527,385.0,42048.52226161957,25.0
2039466,260.0,42094.759597063065,18.0
2042003,925.0,42153.34379339218,34.0
2043133,120.0,42179.29592990875,11.0
2043929,120.0,42197.70321416855,12.0
2045263,220.0,42229.00068092346,18.0
2047276,400.0,42276.15320277214,26.0
2048049,65.0,42294.027421712875,6.0
2049472,160.0,42327.31857633591,14.0
2051899,805.0,42384.904336214066,29.0
2053476,165.0,42426.27004432678,14.0
2054602,115.0,42461.09597015381,11.0
2056639,300.0,42522.62477517128,21.0
2057320,20.0,42541.519921541214,3.0
2058377,145.0,42569.729804992676,11.0
2060186,545.0,42612.97519159317,24.0
2062296,410.0,42670.503106594086,26.0
2063542,150.0,42701.953481674194,11.0
2065697,520.0,42760.12412619591,21.0
2067896,355.0,42820.40697813034,23.0
2069270,175.0,42857.99638128281,14.0
2071156,240.0,42908.84185171127,20.0
2072630,235.0,42947.579704761505,18.0
2074548,290.0,42994.52214765549,21.0
2075292,55.0,43014.33399057388,5.0
2076751,215.0,43050.28943824768,16.0
2078645,340.0,43095.12232089043,22.0
2080992,415.0,43156.56741166115,18.0
2083688,265.0,43227.697269916534,20.0
2084817,120.0,43255.88580727577,11.0
2085852,125.0,43280.404834508896,11.0
2087028,180.0,43308.87920808792,16.0
2088751,300.0,43354.28079485893,22.0
2090197,215.0,43391.617262363434,15.0
2092245,370.0,43443.00360774994,23.0
2094143,270.0,43491.18867778778,20.0
2097034,900.0,43564.85807013512,33.0
2098233,115.0,43595.55021095276,10.0
2100143,365.0,43644.30547428131,25.0
2101434,150.0,43676.43795776367,12.0
2103382,370.0,43726.57121539116,24.0
2105327,470.0,43775.02970767021,20.0
2107623,400.0,43831.705936193466,26.0
2109553,510.0,43879.72359752655,22.0
2111406,340.0,43926.71246790886,22.0
2112178,70.0,43944.653057575226,8.0
2114196,530.0,43992.37726163864,24.0
2115658,210.0,44027.50516986847,18.0
2118033,345.0,44085.21394133568,23.0
2119441,155.0,44117.96327280998,14.0
2121462,375.0,44167.768543958664,26.0
2123681,400.0,44219.83499455452,27.0
2125561,300.0,44264.52479338646,22.0
2127033,250.0,44298.388432979584,18.0
2128040,70.0,44323.50209283829,9.0
2130411,300.0,44381.583329916,19.0
2131853,190.0,44418.46053338051,14.0
2133801,305.0,44467.86396765709,21.0
2135347,195.0,44505.33398127556,16.0
2136144,130.0,44524.450103998184,12.0
2137580,150.0,44559.49254012108,15.0
2138611,100.0,44586.3727312088,9.0
2139721,110.0,44614.797090530396,10.0
2140793,65.0,44643.60180592537,9.0
2142589,235.0,44689.33086323738,18.0
2143933,195.0,44724.08400607109,15.0
2145304,295.0,44757.875039577484,20.0
2146662,165.0,44790.72971510887,15.0
2148310,250.0,44831.31472182274,19.0
2150195,285.0,44878.601414203644,21.0
2152763,640.0,44939.21803879738,29.0
2154082,180.0,44970.54498672485,15.0
2155805,390.0,45011.44019269943,25.0
2156998,100.0,45043.14751768112,10.0
2158272,190.0,45077.69697356224,15.0
2159574,190.0,45113.46151971817,17.0
2161139,290.0,45155.843943595886,21.0
2162246,140.0,45186.297280073166,13.0
2163608,150.0,45224.0313501358,15.0
2165476,245.0,45274.153713703156,21.0
2168088,445.0,45342.778044462204,29.0
2170286,450.0,45400.47810578346,29.0
2171561,160.0,45433.79570770264,14.0
2172954,220.0,45468.36207437515,18.0
2173948,95.0,45492.28635048866,8.0
2175304,155.0,45526.999442100525,13.0
2177559,360.0,45584.06204867363,25.0
2179552,265.0,45632.516245126724,20.0
2181109,150.0,45670.71322751045,14.0
2183076,300.0,45722.27345633507,22.0
2187257,880.0,45826.717993974686,55.0
2188566,180.0,45860.16000342369,15.0
2190374,350.0,45907.05767560005,21.0
2192866,545.0,45969.32461833954,32.0
2194226,260.0,46003.06238818169,18.0
2196460,380.0,46058.61353516579,26.0
2198182,255.0,46101.33548402786,18.0
2198975,45.0,46121.11645698547,6.0
2201200,350.0,46175.97163486481,25.0
2202220,85.0,46201.15210866928,9.0
2204138,275.0,46247.305250406265,19.0
2205863,335.0,46290.02624964714,22.0
2207821,425.0,46339.820959329605,27.0
2209630,370.0,46385.23896980286,25.0
2211333,310.0,46427.12597823143,21.0
2212393,120.0,46455.334975004196,11.0
2213692,95.0,46489.51694393158,10.0
2215407,215.0,46532.07003188133,15.0
2216144,20.0,46550.83846235275,3.0
2218073,315.0,46597.87209320068,23.0
2219279,180.0,46627.78340601921,16.0
2220705,205.0,46662.7367374897,16.0
2222074,100.0,46694.83773398399,11.0
2224144,570.0,46748.31122279167,24.0
2226400,330.0,46804.49150967598,24.0
2227599,240.0,46835.81629943848,15.0
2228779,135.0,46865.465203762054,12.0
2229709,120.0,46888.623509168625,13.0
2230894,175.0,46917.69399023056,15.0
2232440,295.0,46956.30376315117,20.0
2234297,280.0,47000.959023714066,19.0
2235799,175.0,47038.16154003143,16.0
2237920,300.0,47090.28567862511,22.0
2239317,260.0,47125.529973983765,21.0
2240370,110.0,47151.683403491974,12.0
2241747,185.0,47187.97860479355,16.0
2243020,130.0,47221.076008319855,12.0
2245042,265.0,47273.89486646652,19.0
2246084,105.0,47300.40259504318,7.0
2247186,155.0,47326.2689204216,14.0
2248152,85.0,47348.154942035675,9.0
2249562,210.0,47381.85381388664,19.0
2251493,375.0,47430.29554581642,25.0
2252966,265.0,47464.471997737885,19.0
2254869,290.0,47509.42386555672,19.0
2256969,320.0,47558.2151157856,21.0
2259313,295.0,47614.25927901268,23.0
2260651,145.0,47646.2264816761,12.0
2262838,420.0,47698.69111943245,27.0
2263837,130.0,47722.680016994476,14.0
2265163,110.0,47757.76599860191,11.0
2266838,195.0,47798.779860019684,17.0
2267884,155.0,47825.11534571648,15.0
2268798,105.0,47848.424433231354,11.0
2270155,110.0,47882.0191257,10.0
2271663,150.0,47918.78195524216,13.0
2272652,55.0,47942.503640413284,7.0
2273973,140.0,47975.61519408226,13.0
2275870,165.0,48021.58095908165,12.0
2276549,70.0,48038.17459177971,8.0
2277552,85.0,48062.12006211281,10.0
2279028,175.0,48095.57010650635,15.0
2280322,195.0,48123.883575201035,16.0
2282043,250.0,48161.788967847824,20.0
2284068,455.0,48206.44551181793,29.0
2284956,75.0,48225.60134911537,9.0
2286370,130.0,48256.405076265335,13.0
2287980,260.0,48290.419803619385,21.0
2289742,330.0,48327.22380423546,24.0
2291732,320.0,48366.64308285713,23.0
2293941,345.0,48408.72152042389,24.0
2294947,85.0,48427.41870689392,11.0
2297849,480.0,48480.61346459389,30.0
2299402,245.0,48510.05410718918,17.0
2301131,225.0,48541.27467370033,16.0
2302508,165.0,48566.404258966446,14.0
2304787,480.0,48607.50669026375,30.0
2306509,190.0,48636.27212929726,16.0
2308111,455.0,48662.8169336319,20.0
2309352,105.0,48680.75331020355,12.0
2311290,440.0,48705.1358525753,29.0
2312201,65.0,48715.78609919548,8.0
2314641,350.0,48743.5509352684,23.0
2316310,330.0,48762.16116452217,23.0
2317798,230.0,48778.77983927727,18.0
2319768,305.0,48799.31439614296,21.0
2321661,315.0,48818.64145278931,22.0
2323813,430.0,48839.9166367054,28.0
2325598,335.0,48856.41981744766,24.0
2326840,145.0,48867.92356848717,15.0
2328083,225.0,48879.258536577225,16.0
2330364,435.0,48900.146686553955,28.0
2331540,100.0,48911.018146038055,10.0
2333310,560.0,48926.94365310669,27.0
2336412,540.0,48954.1037607193,33.0
2338477,300.0,48972.258925914764,22.0
2340315,305.0,48988.002656936646,23.0
2341060,70.0,48994.39599728584,8.0
2342855,410.0,49009.831305503845,17.0
2345654,345.0,49033.94261240959,24.0
2346628,85.0,49042.31809735298,11.0
2348928,495.0,49062.200216293335,31.0
2350708,340.0,49077.524859666824,24.0
2352064,170.0,49089.38708734512,14.0
2353321,165.0,49100.35855174065,16.0
2356001,495.0,49123.46563053131,31.0
2357346,140.0,49135.19244146347,14.0
2359010,350.0,49149.508041381836,23.0
2360597,450.0,49163.267397642136,20.0
2362669,790.0,49180.9373357296,27.0
2364232,260.0,49194.39363384247,21.0
2366706,280.0,49215.90036082268,19.0
2368476,430.0,49231.44550919533,28.0
2370152,335.0,49246.25429558754,22.0
2371193,160.0,49255.52437233925,11.0
2373082,350.0,49272.07027935982,23.0
2374145,160.0,49281.22024393082,14.0
2376105,410.0,49297.99678969383,26.0
2377045,110.0,49306.275832653046,10.0
2378101,180.0,49315.47159600258,14.0
2381214,545.0,49342.89726138115,33.0
2382775,160.0,49356.67127132416,13.0
2384882,460.0,49375.44201087952,28.0
2386814,490.0,49392.40912151337,21.0
2389183,445.0,49413.30123901367,29.0
2391427,590.0,49433.184226989746,27.0
2392805,245.0,49445.32009315491,20.0
2395316,490.0,49467.194489479065,31.0
2397049,280.0,49482.58625984192,19.0
2399066,390.0,49500.162657260895,25.0
2400125,110.0,49509.42032408714,10.0
2401305,155.0,49519.91201758385,16.0
2402087,110.0,49526.754066705704,9.0
2403315,180.0,49537.46918773651,14.0
2405898,395.0,49560.17472195625,27.0
2408068,345.0,49579.382971286774,24.0
2408803,95.0,49585.86492919922,9.0
2409923,170.0,49595.83957743645,12.0
2411331,380.0,49608.247577667236,16.0
2413242,290.0,49625.05492424965,20.0
2414838,245.0,49638.86232876778,20.0
2416891,305.0,49656.528443813324,20.0
2419495,615.0,49678.99382996559,29.0
2421231,350.0,49693.87281227112,24.0
2422396,175.0,49703.83637881279,13.0
2423974,230.0,49717.35841321945,18.0
2426116,450.0,49735.68691825867,29.0
2427704,430.0,49749.408573150635,18.0
2429784,245.0,49767.06467318535,19.0
2431769,380.0,49783.858924388885,24.0
2433832,420.0,49801.48701930046,28.0
2435054,205.0,49812.27837371826,16.0
2435931,115.0,49819.9277818203,11.0
2437226,220.0,49831.207639694214,17.0
2438287,85.0,49840.51066184044,10.0
2439738,230.0,49853.378166913986,17.0
2441390,320.0,49867.99378204346,21.0
2443775,465.0,49888.96174907684,30.0
2446851,550.0,49915.71707391739,33.0
2447882,190.0,49924.659631967545,15.0
2449499,305.0,49938.58103251457,20.0
2450983,260.0,49951.41892313957,19.0
2451680,50.0,49957.390156030655,6.0
2453217,390.0,49970.87935590744,26.0
2455328,280.0,49989.086926698685,21.0
2457487,375.0,50007.717928647995,24.0
2458376,170.0,50015.428330898285,12.0
2460084,465.0,50030.1864259243,28.0
2461076,130.0,50038.82090997696,11.0
2462064,185.0,50047.43920922279,16.0
2463349,205.0,50058.81506562233,17.0
2465409,295.0,50076.79948806763,23.0
2466965,315.0,50090.359961509705,23.0
2468510,170.0,50103.87907624245,13.0
2469921,245.0,50116.185935497284,20.0
2471441,210.0,50129.32576131821,19.0
2472941,270.0,50142.36570930481,20.0
2474364,220.0,50154.93773651123,17.0
2475731,210.0,50167.02497315407,19.0
2477896,370.0,50186.00283932686,25.0
2479427,240.0,50199.35586261749,20.0
2481297,445.0,50215.64784526825,29.0
2482282,95.0,50224.32524728775,11.0
2483748,255.0,50237.19621324539,20.0
2484565,90.0,50244.284595012665,9.0
2487398,585.0,50269.06493186951,34.0
2488546,130.0,50278.96697092056,13.0
2490881,410.0,50299.21352148056,28.0
2491701,80.0,50306.3931620121,9.0
2492789,200.0,50315.80664038658,16.0
2494088,190.0,50327.19707131386,17.0
2496074,475.0,50344.39218902588,30.0
2497758,395.0,50359.06623673439,25.0
2498663,185.0,50366.94147491455,13.0
2500150,200.0,50379.87649559975,16.0
2501368,160.0,50390.449874162674,13.0
2502950,295.0,50404.16197133064,22.0
2504401,220.0,50416.861164331436,19.0
2505562,185.0,50427.08856844902,13.0
2507304,165.0,50442.51312184334,12.0
2508908,195.0,50456.58320450783,15.0
2510635,380.0,50471.83305120468,25.0
2511922,255.0,50483.33593583107,17.0
2513829,360.0,50500.131877183914,25.0
2515790,275.0,50517.466349601746,18.0
2517211,125.0,50529.85420680046,12.0
2518978,385.0,50545.456523895264,23.0
2520242,220.0,50556.55696606636,19.0
2521899,230.0,50570.86859583855,17.0
2522881,170.0,50579.24407315254,15.0
2523721,150.0,50586.516372442245,12.0
2525545,185.0,50602.144114494324,15.0
2527885,460.0,50622.490731716156,29.0
2528881,105.0,50631.25716614723,10.0
2530655,270.0,50646.80192685127,20.0
2531626,200.0,50655.22968220711,17.0
2533719,335.0,50673.18864774704,24.0
2535930,350.0,50692.18091726303,24.0
2536928,185.0,50700.777067899704,16.0
2537716,55.0,50707.465675115585,8.0
2538818,160.0,50716.80233669281,13.0
2539935,155.0,50726.3599050045,12.0
2541730,345.0,50741.95053720474,24.0
2542750,175.0,50750.87586712837,15.0
2543713,235.0,50759.17649722099,15.0
2545528,415.0,50774.951028585434,26.0
2547027,220.0,50787.91498208046,18.0
2548360,275.0,50799.333789110184,22.0
2550578,355.0,50818.902267456055,25.0
2552152,395.0,50832.64255475998,16.0
2553800,495.0,50847.021760463715,21.0
2555438,325.0,50861.36453318596,22.0
2556965,585.0,50874.60032367706,26.0
2557767,125.0,50881.57918334007,12.0
2559099,105.0,50893.210074424744,11.0
2561643,415.0,50915.63361096382,27.0
2562570,120.0,50923.77178931236,10.0
2564536,225.0,50941.31598353386,19.0
2565366,90.0,50948.62373423576,10.0
2566495,190.0,50958.39082098007,14.0
2568058,315.0,50971.815150260925,23.0
2569792,360.0,50986.73497867584,21.0
2571225,250.0,50999.178025484085,19.0
2572478,230.0,51010.098153829575,15.0
2573206,95.0,51016.409883737564,9.0
2574981,380.0,51031.82321333885,25.0
2576804,355.0,51047.798588991165,25.0
2578274,250.0,51060.68142938614,20.0
2580244,375.0,51077.98237013817,25.0
2581517,155.0,51089.09580159187,13.0
2582599,90.0,51098.544672489166,9.0
2583739,205.0,51108.54589796066,16.0
2584411,90.0,51114.39047861099,10.0
2586192,520.0,51129.94386482239,23.0
2587526,160.0,51141.38822579384,13.0
2588499,180.0,51149.858362436295,16.0
2590203,580.0,51164.74528479576,25.0
2592671,455.0,51186.135464668274,29.0
2594374,395.0,51200.75764751434,25.0
2596537,395.0,51219.28169798851,26.0
2598619,350.0,51237.177387714386,25.0
2600187,185.0,51250.83059716225,16.0
2601724,230.0,51264.175997018814,15.0
2604122,575.0,51285.0137193203,34.0
2604811,60.0,51291.12883782387,6.0
2605922,175.0,51300.71707057953,16.0
2607992,370.0,51318.544974803925,26.0
2611318,710.0,51347.09626531601,44.0
2612357,195.0,51356.3514714241,15.0
2613824,285.0,51369.245347738266,21.0
2614960,185.0,51379.3412129879,15.0
2616832,385.0,51395.48100090027,25.0
2617643,85.0,51402.63453555107,9.0
2618920,210.0,51413.974905729294,16.0
2620164,150.0,51424.85654783249,16.0
2622205,380.0,51442.87266254425,26.0
2623612,225.0,51455.31378221512,14.0
2625794,460.0,51474.407272815704,30.0
2627101,195.0,51485.86083674431,15.0
2629097,360.0,51503.24482655525,26.0
2630624,275.0,51516.68865633011,20.0
2632970,270.0,51537.10669922829,19.0
2634222,215.0,51547.810544490814,18.0
2635954,390.0,51562.90999627113,27.0
2637332,260.0,51574.740661621094,20.0
2639611,500.0,51594.76963996887,31.0
2641920,355.0,51614.96745181084,24.0
2643313,235.0,51627.04330205917,17.0
2645556,230.0,51646.54455780983,16.0
2647062,260.0,51659.57254934311,19.0
2648979,425.0,51676.06252646446,27.0
2651569,515.0,51698.33937931061,31.0
2653389,550.0,51714.213228702545,23.0
2654713,145.0,51725.66222119331,13.0
2656566,350.0,51741.72081232071,16.0
2657550,100.0,51750.22724699974,10.0
2658907,155.0,51761.893230199814,13.0
2660278,255.0,51773.74668216705,19.0
2661827,280.0,51787.17961215973,20.0
2663619,280.0,51802.9257645607,20.0
2664481,135.0,51810.50289797783,12.0
2666095,305.0,51824.571142196655,21.0
2667657,245.0,51838.09969949722,20.0
2668367,30.0,51844.24192261696,3.0
2670222,310.0,51860.28363275528,22.0
2672316,335.0,51878.53070259094,24.0
2674196,220.0,51894.92104649544,18.0
2676661,460.0,51916.75277733803,30.0
2677789,160.0,51926.50987100601,15.0
2678816,110.0,51935.48993945122,10.0
2680457,150.0,51949.76493573189,13.0
2681991,235.0,51963.148062467575,16.0
2684047,380.0,51981.21932244301,26.0
2686449,395.0,52002.39340257645,25.0
2687922,170.0,52015.53370451927,12.0
2689518,175.0,52029.756798028946,13.0
2691022,270.0,52042.971655368805,19.0
2692861,315.0,52059.21916270256,21.0
2693934,85.0,52068.53828907013,9.0
2695518,205.0,52082.442277908325,16.0
2696221,80.0,52088.55302405357,7.0
2697867,390.0,52102.95465755463,26.0
2699164,120.0,52114.23834609985,12.0
2700276,135.0,52123.92397427559,13.0
2702159,385.0,52140.401532411575,26.0
2702875,55.0,52146.8414683342,7.0
2704561,475.0,52161.55128502846,23.0
2706651,385.0,52180.01267409325,27.0
2708369,275.0,52195.40585398674,20.0
2709777,215.0,52207.89976143837,19.0
2711585,210.0,52223.94799351692,19.0
2713486,380.0,52240.782108306885,26.0
2715392,305.0,52257.576233148575,23.0
2716762,240.0,52269.734290361404,21.0
2718404,310.0,52284.31776547432,20.0
2719369,100.0,52292.677866220474,12.0
2721119,370.0,52308.096331357956,26.0
2722821,245.0,52323.10045313835,18.0
2724002,95.0,52333.37391805649,10.0
2725451,205.0,52346.21208381653,17.0
2726558,135.0,52356.01631164551,11.0
2727337,90.0,52363.11732316017,10.0
2728673,200.0,52374.961104393005,16.0
2730278,245.0,52389.31960558891,20.0
2731603,175.0,52400.80271100998,16.0
2732608,125.0,52409.48241519928,13.0
2734319,180.0,52424.310809373856,14.0
2735481,130.0,52434.341740846634,11.0
2738350,525.0,52459.2300760746,32.0
2740452,390.0,52477.64107179642,26.0
2742834,435.0,52498.31651067734,29.0
2745011,375.0,52517.112612724304,26.0
2746811,345.0,52532.72077560425,25.0
2748522,275.0,52547.31429076195,21.0
2750030,290.0,52560.213918209076,21.0
2751850,315.0,52575.67499947548,21.0
2754644,505.0,52599.677429676056,31.0
2756042,310.0,52611.665692806244,13.0
2757389,165.0,52623.26224184036,14.0
2759380,365.0,52640.39162492752,22.0
2760634,130.0,52651.07491993904,12.0
2761321,125.0,52657.047015190125,9.0
2763242,305.0,52673.49709868431,20.0
2765910,675.0,52696.67979288101,30.0
2767515,365.0,52710.665048122406,16.0
2768833,195.0,52722.24852228165,16.0
2769579,85.0,52728.62004947662,9.0
2770581,150.0,52737.24236154556,14.0
2772419,400.0,52753.071258068085,27.0
2774207,530.0,52768.577847480774,24.0
2775570,260.0,52780.418625593185,20.0
2777342,130.0,52796.19325184822,11.0
2778866,210.0,52809.75519824028,17.0
2779657,35.0,52816.7915828228,5.0
2781541,290.0,52833.34573316574,22.0
2783771,410.0,52853.26382088661,27.0
2784784,165.0,52862.408900499344,15.0
2786452,235.0,52877.204416036606,19.0
2788395,480.0,52894.16671204567,23.0
2789546,140.0,52904.12820339203,13.0
2791255,325.0,52918.815279722214,23.0
2793132,300.0,52934.91282963753,21.0
2795694,605.0,52956.583726882935,35.0
2797511,415.0,52972.31890153885,27.0
2798916,140.0,52984.52514672279,13.0
2800968,420.0,53002.072937488556,27.0
2801716,90.0,53008.43383526802,10.0
2802388,65.0,53014.218291282654,6.0
2804067,275.0,53028.60928416252,19.0
2805501,265.0,53040.668087244034,21.0
2807261,270.0,53055.63997197151,22.0
2809439,390.0,53073.95417881012,23.0
2810752,240.0,53085.35886335373,19.0
2813173,660.0,53106.1630821228,31.0
2815059,380.0,53122.19964814186,26.0
2816427,265.0,53134.119577646255,21.0
2818541,555.0,53152.52872848511,26.0
2821399,615.0,53177.638082265854,28.0
2822753,90.0,53189.52451515198,11.0
2824312,275.0,53203.18970870972,21.0
2825699,175.0,53215.506724357605,17.0
2827885,260.0,53234.483662843704,18.0
2829979,365.0,53253.060482263565,25.0
2831446,375.0,53266.051748752594,17.0
2832965,255.0,53279.425246715546,19.0
2835652,545.0,53303.15651154518,33.0
2837537,345.0,53319.854932546616,22.0
2840134,300.0,53342.871542453766,21.0
2841829,415.0,53357.927542448044,28.0
2845068,645.0,53386.10439634323,37.0
2846971,380.0,53402.88878297806,25.0
2849055,375.0,53421.13551092148,25.0
2851544,485.0,53442.87750697136,31.0
2853065,145.0,53455.915004491806,14.0
2855009,380.0,53472.64086699486,26.0
2856857,355.0,53488.65481328964,24.0
2858898,565.0,53506.43529033661,27.0
2860721,305.0,53522.07198524475,23.0
2862968,540.0,53541.3467874527,24.0
2864614,465.0,53555.79731488228,29.0
2865338,110.0,53562.1223590374,8.0
2867381,440.0,53579.8796248436,29.0
2868462,140.0,53589.08209872246,11.0
2870918,405.0,53609.89359307289,27.0
2872844,285.0,53626.552152872086,22.0
2873946,165.0,53636.02267885208,15.0
2874972,95.0,53644.94702267647,11.0
2877270,360.0,53664.77607798576,25.0
2878499,235.0,53675.310140132904,15.0
2880272,320.0,53690.463195085526,23.0
2882164,325.0,53706.47254252434,24.0
2883116,110.0,53714.544246435165,12.0
2885101,420.0,53731.63393115997,27.0
2886975,290.0,53747.84455561638,22.0
2888815,395.0,53763.6541454792,26.0
2890708,350.0,53780.228608608246,23.0
2892072,135.0,53792.07106137276,11.0
2894217,350.0,53810.41832470894,26.0
2895630,155.0,53822.42386865616,14.0
2896333,105.0,53828.395824193954,9.0
2897788,220.0,53840.8771276474,19.0
2898967,215.0,53850.89870142937,17.0
2900295,215.0,53862.117770433426,17.0
2902355,375.0,53880.045916080475,26.0
2904794,820.0,53901.24216866493,29.0
2906356,245.0,53914.97608089447,18.0
2907187,120.0,53922.25167989731,11.0
2908906,260.0,53937.39950799942,21.0
2910957,350.0,53955.407935380936,24.0
2911888,105.0,53963.57308912277,11.0
2913194,175.0,53974.878391742706,16.0
2915673,540.0,53996.5458419323,32.0
2917197,200.0,54009.830443143845,15.0
2918754,315.0,54023.544245004654,23.0
2920503,380.0,54038.76626133919,25.0
2922257,310.0,54054.1599612236,21.0
2923576,190.0,54065.623052597046,16.0
2925622,350.0,54083.46319961548,24.0
2927081,125.0,54096.18075847626,12.0
2928139,55.0,54105.161457538605,7.0
2930343,380.0,54124.09844207764,26.0
2932434,380.0,54141.994948625565,25.0
2934464,550.0,54159.19392633438,26.0
2936245,350.0,54174.5337266922,23.0
2937625,205.0,54186.39085769653,16.0
2939656,490.0,54204.02127933502,31.0
2942045,590.0,54224.66248989105,27.0
2944235,270.0,54243.51168394089,18.0
2945130,120.0,54251.22372984886,8.0
2946162,155.0,54259.95946574211,12.0
2948430,460.0,54279.24062228203,29.0
2949757,295.0,54290.71644115448,23.0
2952073,415.0,54310.679047584534,28.0
2954064,300.0,54327.99251675606,22.0
2956512,395.0,54349.08397436142,27.0
2959275,600.0,54373.236701488495,35.0
2961710,465.0,54394.36841726303,30.0
2962435,40.0,54400.77418541908,5.0
2963178,125.0,54407.3069331646,11.0
2964895,230.0,54422.28199720383,19.0
2966556,160.0,54436.72734808922,14.0
2968373,285.0,54452.599657058716,23.0
2970583,580.0,54471.613486766815,27.0
2972302,515.0,54486.31339097023,23.0
2973923,390.0,54500.22949934006,25.0
2975166,160.0,54510.749051094055,15.0
2978234,500.0,54537.14559793472,31.0
2978952,90.0,54543.33899283409,9.0
2980187,255.0,54554.123935222626,19.0
2981118,150.0,54562.25624513626,12.0
2982701,200.0,54576.06149482727,17.0
2984222,355.0,54589.25430750847,25.0
2986227,265.0,54606.59630393982,21.0
2987809,235.0,54620.20854187012,18.0
2990452,515.0,54643.50268173218,32.0
2992731,525.0,54663.706176280975,23.0
2994259,235.0,54677.314336538315,19.0
2995505,210.0,54688.13094162941,15.0
2997575,405.0,54706.05307650566,27.0
2999253,230.0,54720.435029268265,19.0
3000265,50.0,54729.25415062904,7.0
3002164,245.0,54745.55540776253,20.0
3003612,135.0,54758.10682821274,13.0
3005845,460.0,54777.43762111664,29.0
3006842,165.0,54786.09382939339,13.0
3008352,235.0,54798.978351831436,18.0
3010489,660.0,54817.25935149193,31.0
3012502,390.0,54834.5286052227,27.0
3013964,260.0,54847.03899908066,18.0
3015810,260.0,54862.762799263,20.0
3018277,520.0,54883.71346068382,32.0
3020176,345.0,54899.957631111145,22.0
3022269,360.0,54917.689529418945,23.0
3023210,180.0,54925.717940568924,13.0
3025529,495.0,54945.89877939224,31.0
3028211,310.0,54969.01473617554,22.0
3029904,310.0,54983.633107185364,24.0
3030732,140.0,54990.75975704193,11.0
3033345,370.0,55013.62991285324,25.0
3034626,185.0,55024.824491500854,16.0
3036767,345.0,55043.154161930084,22.0
3037838,175.0,55052.32570171356,16.0
3039634,355.0,55067.68277168274,24.0
3040697,145.0,55076.97780585289,13.0
3042061,210.0,55088.72476410866,18.0
3043829,255.0,55103.91566181183,20.0
3045848,540.0,55121.296607494354,33.0
3047144,295.0,55132.41477608681,21.0
3048141,140.0,55141.059061050415,14.0
3049602,155.0,55153.62474131584,14.0
3051125,410.0,55166.64740180969,18.0
3052707,295.0,55180.3490729332,20.0
3055003,340.0,55200.245946884155,24.0
3056567,240.0,55213.74436712265,20.0
3058232,340.0,55228.140354156494,25.0
3059169,90.0,55236.19876027107,10.0
3060214,140.0,55245.09333562851,11.0
3061607,255.0,55257.02330851555,19.0
3063444,280.0,55272.91397309303,22.0
3064938,195.0,55285.68575358391,17.0
3066046,140.0,55295.21837806702,11.0
3067860,275.0,55310.85940861702,21.0
3068822,155.0,55319.07542562485,12.0
3070965,440.0,55337.55379986763,28.0
3072019,85.0,55346.632095336914,9.0
3072711,65.0,55352.63082957268,7.0
3075114,535.0,55373.65980005264,32.0
3078239,555.0,55400.9790263176,33.0
3080488,410.0,55420.82107639313,27.0
3082797,560.0,55441.08867454529,25.0
3084141,190.0,55452.560117959976,18.0
3086555,280.0,55473.231753110886,22.0
3087647,145.0,55482.61326932907,13.0
3088319,30.0,55488.338265657425,4.0
3089984,215.0,55502.60766172409,17.0
3090683,55.0,55508.577387332916,5.0
3091688,175.0,55517.24731659889,14.0
3092458,65.0,55523.959344387054,9.0
3093999,300.0,55537.32287669182,22.0
3095824,435.0,55552.97828388214,20.0
3098014,620.0,55571.769037008286,29.0
3099464,265.0,55584.1376516819,22.0
3101348,320.0,55600.24471926689,22.0
3102683,175.0,55611.63730072975,16.0
3104542,310.0,55627.229454517365,22.0
3106223,225.0,55641.426716566086,19.0
3108282,255.0,55659.11087656021,19.0
3110273,400.0,55676.13427066803,27.0
3111684,250.0,55688.28064894676,21.0
3114278,380.0,55710.53108930588,25.0
3116096,370.0,55726.21312403679,26.0
3117396,185.0,55737.310799598694,14.0
3119230,495.0,55753.040544748306,29.0
3121393,570.0,55771.604874134064,27.0
3122673,235.0,55782.64331865311,19.0
3123649,115.0,55790.82728457451,9.0
3125187,370.0,55803.97845411301,14.0
3126908,370.0,55818.959356069565,25.0
3129197,470.0,55838.99479460716,29.0
3131508,525.0,55859.19680428505,32.0
3133056,240.0,55872.55109500885,17.0
3134576,320.0,55885.96228814125,23.0
3136811,425.0,55905.46989631653,28.0
3138738,450.0,55922.29026031494,29.0
3140373,365.0,55936.49845123291,14.0
3141709,205.0,55947.97504258156,18.0
3143800,450.0,55966.1540312767,29.0
3145090,155.0,55977.41055774689,15.0
3148248,740.0,56004.96323847771,33.0
3150354,260.0,56023.20934963226,20.0
3153136,500.0,56047.17877674103,30.0
3155445,430.0,56066.981603860855,27.0
3156571,260.0,56076.71662712097,20.0
3158317,170.0,56091.97155737877,13.0
3160901,520.0,56114.62157082558,32.0
3162537,170.0,56128.79109787941,16.0
3164573,325.0,56146.434050798416,24.0
3167035,395.0,56167.95300936699,26.0
3168558,180.0,56181.540266513824,14.0
3170715,370.0,56200.46959018707,26.0
3171985,135.0,56211.628059864044,13.0
3174005,360.0,56229.366584300995,26.0
3176019,275.0,56247.038169384,20.0
3177747,340.0,56262.18277382851,25.0
3179393,360.0,56276.55034995079,25.0
3180444,110.0,56285.763110399246,10.0
3182379,330.0,56302.9171769619,23.0
3183252,100.0,56310.63152170181,10.0
3185522,540.0,56330.95616364479,32.0
3187142,240.0,56345.51184272766,19.0
3188992,195.0,56362.0571873188,18.0
3191377,390.0,56383.4354763031,26.0
3192764,160.0,56395.69193196297,15.0
3194669,350.0,56412.77751111984,25.0
3197519,545.0,56438.427154541016,33.0
3200180,440.0,56461.955387592316,29.0
3201957,215.0,56477.88752412796,16.0
3202682,45.0,56484.36448717117,5.0
3204784,330.0,56503.312361717224,24.0
3207467,605.0,56527.36889767647,35.0
3209599,285.0,56546.47324037552,22.0
3211234,215.0,56561.17704796791,18.0
3212998,320.0,56576.84371185303,22.0
3213719,90.0,56583.16427278519,9.0
3215927,270.0,56602.58180141449,20.0
3217682,320.0,56618.119024038315,24.0
3220152,430.0,56640.06380724907,28.0
3221677,285.0,56653.49348759651,21.0
3222489,130.0,56660.65136432648,13.0
3223513,135.0,56669.79328775406,12.0
3224852,245.0,56681.63047456741,19.0
3225824,185.0,56690.18069219589,16.0
3228433,600.0,56712.78153157234,35.0
3229979,235.0,56726.39925694466,19.0
3231290,140.0,56737.927431344986,13.0
3233062,290.0,56753.22900176048,20.0
3234947,540.0,56769.56708598137,25.0
3237172,635.0,56788.65730667114,29.0
3238766,370.0,56802.62469100952,25.0
3239525,80.0,56809.29488110542,9.0
3241431,430.0,56825.6667971611,28.0
3243673,425.0,56844.734686136246,28.0
3245569,395.0,56861.14395618439,25.0
3247622,430.0,56878.90933942795,28.0
3248635,85.0,56887.76857328415,10.0
3249477,105.0,56894.9427216053,10.0
3252254,775.0,56918.936218738556,35.0
3254116,345.0,56934.95523810387,23.0
3255588,280.0,56947.7944316864,21.0
3256646,175.0,56956.87915015221,15.0
3258695,450.0,56974.259842157364,28.0
3259656,145.0,56982.45465064049,14.0
3261107,250.0,56994.833706855774,20.0
3262890,310.0,57009.958886384964,22.0
3265213,390.0,57029.875036239624,27.0
3266769,255.0,57043.31066393852,20.0
3268984,435.0,57062.40415120125,28.0
3271896,745.0,57087.55962944031,34.0
3273617,295.0,57102.55678510666,22.0
3274922,270.0,57113.928141117096,21.0
3276220,195.0,57125.29839682579,16.0
3277789,275.0,57139.031870126724,19.0
3280691,600.0,57164.32964968681,35.0
3282328,240.0,57178.3657784462,20.0
3284762,720.0,57199.25344467163,33.0
3286916,325.0,57218.26696944237,24.0
3288251,245.0,57229.73662185669,19.0
3290214,375.0,57245.28044962883,26.0
3291499,170.0,57255.57827138901,14.0
3293184,295.0,57268.45287132263,22.0
3295249,445.0,57282.49392604828,29.0
3296886,495.0,57292.27284908295,23.0
3298344,245.0,57300.86039972305,16.0
3300307,375.0,57312.538838386536,26.0
3302403,345.0,57324.93766665459,25.0
3303484,145.0,57331.39294075966,13.0
3304985,235.0,57340.30150723457,19.0
3307295,590.0,57353.93139767647,27.0
3308816,280.0,57362.84456682205,19.0
3310630,330.0,57373.52473449707,21.0
3312074,130.0,57382.05006599426,13.0
3314275,550.0,57394.86219906807,26.0
3315675,275.0,57403.020771980286,21.0
3317132,295.0,57411.57630252838,22.0
3318601,255.0,57420.166863679886,18.0
3320412,355.0,57430.85863161087,24.0
3322888,460.0,57445.514427900314,30.0
3324730,345.0,57456.42733502388,25.0
3326393,415.0,57466.27036499977,28.0
3328130,385.0,57476.53279590607,27.0
3329579,140.0,57485.12579035759,15.0
3331254,305.0,57495.03758454323,22.0
3332630,295.0,57503.12262773514,23.0
3334658,400.0,57515.049371004105,25.0
3335485,55.0,57519.928888082504,7.0
3338991,830.0,57540.7151453495,37.0
3341737,420.0,57556.81689238548,28.0
3343146,255.0,57565.108540058136,20.0
3345128,405.0,57576.871438741684,27.0
3347488,570.0,57590.83643770218,34.0
3349505,310.0,57602.90534567833,21.0
