1,18.0,0.24248838424682617,18
2,39.0,0.5375242233276367,57
3,45.0,0.8782970905303955,102
4,21.0,1.0377750396728516,123
5,30.0,1.2652723789215088,153
6,10.0,1.3415756225585938,163
7,15.0,1.45583176612854,178
8,18.0,1.592301368713379,196
9,17.0,1.721517562866211,213
10,14.0,1.8278844356536865,227
11,12.0,1.9187681674957275,239
12,18.0,2.054767608642578,257
13,14.0,2.1611084938049316,271
14,10.0,2.2371675968170166,281
15,11.0,2.3208987712860107,292
16,21.0,2.480337619781494,313
17,12.0,2.571932077407837,325
18,17.0,2.700974702835083,342
19,18.0,2.8384041786193848,360
20,77.0,3.4212985038757324,437
21,43.0,3.74684476852417,480
22,14.0,3.8533759117126465,494
23,9.0,3.9220008850097656,503
24,15.0,4.036203145980835,518
25,32.0,4.278440475463867,550
26,17.0,4.40809178352356,567
27,47.0,4.763755559921265,614
28,27.0,4.9685773849487305,641
29,12.0,5.059909105300903,653
30,22.0,5.227232456207275,675
31,44.0,5.560364007949829,719
32,12.0,5.651716470718384,731
33,18.0,5.789209365844727,749
34,17.0,5.9185967445373535,766
35,13.0,6.0176801681518555,779
36,13.0,6.116615533828735,792
37,25.0,6.30696702003479,817
38,18.0,6.443912982940674,835
39,18.0,6.581110239028931,853
40,96.0,7.310473680496216,949
41,25.0,7.500726699829102,974
42,21.0,7.65985631942749,995
43,24.0,7.842031717300415,1019
44,16.0,7.963794469833374,1035
45,17.0,8.092922449111938,1052
46,50.0,8.472106456756592,1102
47,30.0,8.69961404800415,1132
48,19.0,8.844111680984497,1151
49,11.0,8.928065538406372,1162
50,40.0,9.230749607086182,1202
51,15.0,9.345027923583984,1217
52,17.0,9.474116802215576,1234
53,40.0,9.776883602142334,1274
54,47.0,10.132940530776978,1321
55,15.0,10.246623516082764,1336
56,14.0,10.353699207305908,1350
57,60.0,10.807563543319702,1410
58,20.0,10.959305047988892,1430
59,54.0,11.367778778076172,1484
60,25.0,11.557188272476196,1509
61,15.0,11.670985221862793,1524
62,46.0,12.019604921340942,1570
63,16.0,12.14102029800415,1586
64,27.0,12.345372438430786,1613
65,27.0,12.549726009368896,1640
66,12.0,12.641090869903564,1652
67,17.0,12.76999306678772,1669
68,26.0,12.967052459716797,1695
69,42.0,13.285118103027344,1737
70,25.0,13.475032329559326,1762
71,10.0,13.551219940185547,1772
72,40.0,13.854822874069214,1812
73,50.0,14.23271894454956,1862
74,15.0,14.3469820022583,1877
75,31.0,14.581870079040527,1908
76,19.0,14.725966691970825,1927
77,30.0,14.953781604766846,1957
78,19.0,15.097986221313477,1976
79,26.0,15.295337915420532,2002
80,17.0,15.424806118011475,2019
81,73.0,15.976945877075195,2092
82,24.0,16.15937328338623,2116
83,15.0,16.2736873626709,2131
84,26.0,16.4706928730011,2157
85,15.0,16.584755420684814,2172
86,35.0,16.850316047668457,2207
87,10.0,16.926756143569946,2217
88,23.0,17.101086139678955,2240
89,14.0,17.20751190185547,2254
90,32.0,17.45047664642334,2286
91,14.0,17.55718231201172,2300
92,40.0,17.860203742980957,2340
93,13.0,17.959016799926758,2353
94,13.0,18.057799577713013,2366
95,16.0,18.179399251937866,2382
96,33.0,18.429901123046875,2415
97,34.0,18.68758726119995,2449
98,26.0,18.88511848449707,2475
99,34.0,19.142987966537476,2509
100,21.0,19.30250310897827,2530
101,20.0,19.454115867614746,2550
102,20.0,19.605827808380127,2570
103,22.0,19.772425413131714,2592
104,26.0,19.96915364265442,2618
105,26.0,20.16629385948181,2644
106,21.0,20.3255774974823,2665
107,12.0,20.417020559310913,2677
108,44.0,20.75007152557373,2721
109,35.0,21.014840364456177,2756
110,19.0,21.158822059631348,2775
111,45.0,21.49921417236328,2820
112,37.0,21.77938938140869,2857
113,27.0,21.984103679656982,2884
114,21.0,22.143388748168945,2905
115,14.0,22.24969458580017,2919
116,40.0,22.55223059654236,2959
117,29.0,22.771864891052246,2988
118,16.0,22.894026041030884,3004
119,30.0,23.121357917785645,3034
120,34.0,23.379095554351807,3068
121,27.0,23.58404779434204,3095
122,59.0,24.031179904937744,3154
123,12.0,24.122501611709595,3166
124,20.0,24.27447748184204,3186
125,27.0,24.4788658618927,3213
126,48.0,24.84153437614441,3261
127,28.0,25.05371618270874,3289
128,24.0,25.235848426818848,3313
129,24.0,25.41770887374878,3337
130,27.0,25.622170209884644,3364
131,47.0,25.97847318649292,3411
132,20.0,26.130383729934692,3431
133,24.0,26.312135219573975,3455
134,18.0,26.449150800704956,3473
135,34.0,26.70633554458618,3507
136,65.0,27.19871973991394,3572
137,17.0,27.328043460845947,3589
138,13.0,27.42670750617981,3602
139,39.0,27.72284770011902,3641
140,50.0,28.10216236114502,3691
141,12.0,28.19330072402954,3703
142,14.0,28.300013065338135,3717
143,10.0,28.376157999038696,3727
144,75.0,28.944297075271606,3802
145,15.0,29.058382272720337,3817
146,19.0,29.202511310577393,3836
147,29.0,29.421945333480835,3865
148,31.0,29.65736961364746,3896
149,14.0,29.763917446136475,3910
150,72.0,30.309473514556885,3982
151,13.0,30.40820074081421,3995
152,57.0,30.84032368659973,4052
153,27.0,31.045212268829346,4079
154,40.0,31.34880495071411,4119
155,28.0,31.56075692176819,4147
156,19.0,31.7051899433136,4166
157,38.0,31.993253469467163,4204
158,22.0,32.160622358322144,4226
159,10.0,32.2368483543396,4236
160,47.0,32.593313217163086,4283
161,16.0,32.7150297164917,4299
162,13.0,32.81337070465088,4312
163,53.0,33.214158058166504,4365
164,20.0,33.36616778373718,4385
165,74.0,33.926196575164795,4459
166,17.0,34.055309772491455,4476
167,23.0,34.22933554649353,4499
168,18.0,34.366063356399536,4517
169,29.0,34.58582401275635,4546
170,12.0,34.67712926864624,4558
171,44.0,35.01024293899536,4602
172,21.0,35.17009162902832,4623
173,23.0,35.34456396102905,4646
174,24.0,35.5268919467926,4670
175,29.0,35.74719262123108,4699
176,56.0,36.17142605781555,4755
177,66.0,36.67206287384033,4821
178,13.0,36.77070689201355,4834
179,72.0,37.31690859794617,4906
180,20.0,37.46855592727661,4926
181,16.0,37.590179443359375,4942
182,51.0,37.976529121398926,4993
183,10.0,38.05278515815735,5003
184,29.0,38.27253460884094,5032
185,63.0,38.74969434738159,5095
186,10.0,38.82581567764282,5105
187,72.0,39.37046504020691,5177
188,39.0,39.66578388214111,5216
189,13.0,39.764490365982056,5229
190,32.0,40.00718379020691,5261
191,23.0,40.18176007270813,5284
192,28.0,40.393749713897705,5312
193,15.0,40.50767636299133,5327
194,14.0,40.61410856246948,5341
195,36.0,40.88759684562683,5377
196,18.0,41.02487587928772,5395
197,19.0,41.16936540603638,5414
198,21.0,41.32960295677185,5435
199,47.0,41.68786644935608,5482
200,43.0,42.01385760307312,5525
201,13.0,42.11258602142334,5538
202,27.0,42.31794714927673,5565
203,36.0,42.5913302898407,5601
204,21.0,42.751038789749146,5622
205,31.0,42.98611497879028,5653
206,40.0,43.28913855552673,5693
207,17.0,43.41792941093445,5710
208,14.0,43.52460432052612,5724
209,14.0,43.630881786346436,5738
210,15.0,43.744566679000854,5753
211,76.0,44.319623947143555,5829
212,12.0,44.41100311279297,5841
213,15.0,44.525078535079956,5856
214,28.0,44.73700666427612,5884
215,24.0,44.919371128082275,5908
216,46.0,45.268038511276245,5954
217,30.0,45.495736837387085,5984
218,18.0,45.632713079452515,6002
219,91.0,46.320637941360474,6093
220,20.0,46.472238302230835,6113
221,69.0,46.994749546051025,6182
222,47.0,47.35154604911804,6229
223,42.0,47.668500900268555,6271
224,64.0,48.15331983566284,6335
225,23.0,48.32758855819702,6358
226,16.0,48.44891381263733,6374
227,28.0,48.66070818901062,6402
228,48.0,49.024810552597046,6450
229,42.0,49.34286189079285,6492
230,26.0,49.539788246154785,6518
231,52.0,49.933412313461304,6570
232,16.0,50.05517601966858,6586
233,16.0,50.17619609832764,6602
234,9.0,50.244792461395264,6611
235,42.0,50.56252098083496,6653
236,37.0,50.84276247024536,6690
237,21.0,51.00250291824341,6711
238,72.0,51.54599142074585,6783
239,58.0,51.98525333404541,6841
240,29.0,52.20489811897278,6870
241,35.0,52.4696478843689,6905
242,16.0,52.59170627593994,6921
243,32.0,52.834033250808716,6953
244,38.0,53.121015787124634,6991
245,29.0,53.34093976020813,7020
246,31.0,53.57563257217407,7051
247,17.0,53.705026149749756,7068
248,18.0,53.84153652191162,7086
249,69.0,54.36379027366638,7155
250,15.0,54.47754716873169,7170
251,42.0,54.795268535614014,7212
252,128.0,55.763763666152954,7340
253,83.0,56.39188766479492,7423
254,19.0,56.53619956970215,7442
255,54.0,56.944936752319336,7496
256,20.0,57.096787452697754,7516
257,59.0,57.54321837425232,7575
258,66.0,58.043253660202026,7641
259,16.0,58.165066719055176,7657
260,46.0,58.51346564292908,7703
261,23.0,58.687814712524414,7726
262,15.0,58.80162167549133,7741
263,14.0,58.90810751914978,7755
264,36.0,59.18137836456299,7791
265,61.0,59.64240074157715,7852
266,67.0,60.149237871170044,7919
267,34.0,60.40678787231445,7953
268,43.0,60.73405122756958,7996
269,20.0,60.88621711730957,8016
270,82.0,61.50694251060486,8098
271,24.0,61.68862962722778,8122
272,41.0,61.999067306518555,8163
273,31.0,62.23383045196533,8194
274,31.0,62.46878719329834,8225
275,15.0,62.58270883560181,8240
276,86.0,63.23412537574768,8326
277,13.0,63.332799673080444,8339
278,11.0,63.41655468940735,8350
279,82.0,64.03696537017822,8432
280,28.0,64.24940609931946,8460
281,22.0,64.41644501686096,8482
282,9.0,64.48547196388245,8491
283,45.0,64.82635545730591,8536
284,17.0,64.95513033866882,8553
285,61.0,65.41794753074646,8614
286,22.0,65.58474826812744,8636
287,24.0,65.76731610298157,8660
288,19.0,65.91186213493347,8679
289,46.0,66.260817527771,8725
290,43.0,66.58728837966919,8768
291,17.0,66.71645045280457,8785
292,20.0,66.86869072914124,8805
293,39.0,67.16380739212036,8844
294,30.0,67.3912181854248,8874
295,45.0,67.73137760162354,8919
296,74.0,68.29057121276855,8993
297,58.0,68.72969245910645,9051
298,13.0,68.82821297645569,9064
299,20.0,68.97989177703857,9084
300,91.0,69.66631746292114,9175
301,153.0,70.82250046730042,9328
302,58.0,71.26128506660461,9386
303,31.0,71.4958803653717,9417
304,83.0,72.12415671348572,9500
305,18.0,72.26043200492859,9518
306,18.0,72.39710021018982,9536
307,12.0,72.48837113380432,9548
308,35.0,72.75342106819153,9583
309,13.0,72.85224199295044,9596
310,68.0,73.36645078659058,9664
311,25.0,73.5559732913971,9689
312,93.0,74.25990962982178,9782
313,60.0,74.71394729614258,9842
314,38.0,75.00359582901001,9880
315,22.0,75.17050266265869,9902
316,25.0,75.36036014556885,9927
317,28.0,75.57174229621887,9955
318,33.0,75.82155084609985,9988
319,15.0,75.93539524078369,10003
320,42.0,76.25304293632507,10045
321,15.0,76.36674642562866,10060
322,22.0,76.53210043907166,10082
323,11.0,76.61573481559753,10093
324,33.0,76.86552476882935,10126
325,35.0,77.13029670715332,10161
326,17.0,77.25915551185608,10178
327,96.0,77.98546957969666,10274
328,15.0,78.09970259666443,10289
329,42.0,78.41736125946045,10331
330,82.0,79.03798174858093,10413
331,69.0,79.56149888038635,10482
332,15.0,79.67507600784302,10497
333,21.0,79.83449578285217,10518
334,54.0,80.24293112754822,10572
335,23.0,80.41719937324524,10595
336,9.0,80.48579740524292,10604
337,17.0,80.6144540309906,10621
338,42.0,80.9322738647461,10663
339,38.0,81.22023797035217,10701
340,47.0,81.57687330245972,10748
341,18.0,81.71365165710449,10766
342,20.0,81.86496090888977,10786
343,59.0,82.31307435035706,10845
344,14.0,82.41929221153259,10859
345,24.0,82.6012351512909,10883
346,34.0,82.85909032821655,10917
347,29.0,83.07854175567627,10946
348,19.0,83.22218585014343,10965
349,21.0,83.38117504119873,10986
350,27.0,83.58571362495422,11013
351,43.0,83.91089463233948,11056
352,19.0,84.05517530441284,11075
353,59.0,84.5013997554779,11134
354,27.0,84.70643043518066,11161
355,27.0,84.9112856388092,11188
356,38.0,85.19838333129883,11226
357,16.0,85.32016038894653,11242
358,22.0,85.48694586753845,11264
359,57.0,85.91797065734863,11321
360,51.0,86.30472350120544,11372
361,80.0,86.91129541397095,11452
362,31.0,87.14606857299805,11483
363,13.0,87.24518394470215,11496
364,37.0,87.52535152435303,11533
365,37.0,87.80536651611328,11570
366,40.0,88.10802268981934,11610
367,11.0,88.19188356399536,11621
368,102.0,88.96366167068481,11723
369,17.0,89.0929307937622,11740
370,18.0,89.22991156578064,11758
371,41.0,89.54021763801575,11799
372,15.0,89.65435838699341,11814
373,15.0,89.76907205581665,11829
374,152.0,90.9177360534668,11981
375,29.0,91.13732123374939,12010
376,22.0,91.3039014339447,12032
377,29.0,91.52305030822754,12061
378,17.0,91.65203547477722,12078
379,33.0,91.90202045440674,12111
380,42.0,92.21934843063354,12153
381,42.0,92.53613376617432,12195
382,54.0,92.94416880607605,12249
383,13.0,93.0434730052948,12262
384,10.0,93.11940360069275,12272
385,44.0,93.45278906822205,12316
386,18.0,93.58976936340332,12334
387,25.0,93.77956652641296,12359
388,30.0,94.00711345672607,12389
389,20.0,94.15863156318665,12409
390,78.0,94.7510097026825,12487
391,33.0,95.00124788284302,12520
392,18.0,95.1378562450409,12538
393,29.0,95.35789632797241,12567
394,18.0,95.49433207511902,12585
395,15.0,95.60814714431763,12600
396,36.0,95.88036274909973,12636
397,55.0,96.2961094379425,12691
398,37.0,96.5764696598053,12728
399,34.0,96.83476543426514,12762
400,49.0,97.20601415634155,12811
401,85.0,97.84953665733337,12896
402,35.0,98.11591339111328,12931
403,36.0,98.38849997520447,12967
404,60.0,98.84238600730896,13027
405,38.0,99.1301109790802,13065
406,16.0,99.25147151947021,13081
407,37.0,99.53154492378235,13118
408,32.0,99.77415418624878,13150
409,22.0,99.94146943092346,13172
410,30.0,100.1689829826355,13202
411,19.0,100.31365871429443,13221
412,20.0,100.46515989303589,13241
413,36.0,100.7384421825409,13277
414,22.0,100.90498423576355,13299
415,17.0,101.03409552574158,13316
416,27.0,101.23868894577026,13343
417,72.0,101.78350067138672,13415
418,21.0,101.94295358657837,13436
419,55.0,102.35878801345825,13491
420,65.0,102.85076880455017,13556
421,35.0,103.11584806442261,13591
422,77.0,103.69878458976746,13668
423,23.0,103.87330651283264,13691
424,56.0,104.29739356040955,13747
425,17.0,104.42649674415588,13764
426,31.0,104.66195917129517,13795
427,66.0,105.16187286376953,13861
428,40.0,105.4649064540863,13901
429,26.0,105.66158437728882,13927
430,40.0,105.96446704864502,13967
431,21.0,106.12396121025085,13988
432,19.0,106.26834011077881,14007
433,17.0,106.397145986557,14024
434,68.0,106.91149663925171,14092
435,95.0,107.63117480278015,14187
436,68.0,108.1459014415741,14255
437,40.0,108.44999623298645,14295
438,50.0,108.8304398059845,14345
439,72.0,109.37581968307495,14417
440,35.0,109.64151740074158,14452
441,61.0,110.10291409492493,14513
442,26.0,110.30017375946045,14539
443,69.0,110.82300806045532,14608
444,69.0,111.34578347206116,14677
445,91.0,112.03544616699219,14768
446,92.0,112.73178124427795,14860
447,19.0,112.87594652175903,14879
448,51.0,113.26218724250793,14930
449,32.0,113.50449347496033,14962
450,34.0,113.76185417175293,14996
451,31.0,113.99842023849487,15027
452,41.0,114.30974817276001,15068
453,23.0,114.48436307907104,15091
454,40.0,114.78774785995483,15131
455,29.0,115.00820708274841,15160
456,14.0,115.11452865600586,15174
457,28.0,115.3275637626648,15202
458,29.0,115.54758095741272,15231
459,15.0,115.66145706176758,15246
460,153.0,116.82086634635925,15399
461,68.0,117.33720278739929,15467
462,66.0,117.83695864677429,15533
463,19.0,117.98106503486633,15552
464,114.0,118.8444471359253,15666
465,29.0,119.06394124031067,15695
466,21.0,119.22323322296143,15716
467,39.0,119.51805305480957,15755
468,9.0,119.58633422851562,15764
469,41.0,119.8967056274414,15805
470,25.0,120.08643555641174,15830
471,91.0,120.77347540855408,15921
472,23.0,120.94886040687561,15944
473,18.0,121.08509087562561,15962
474,51.0,121.47067451477051,16013
475,30.0,121.6979570388794,16043
476,89.0,122.3696858882904,16132
477,38.0,122.65732884407043,16170
478,101.0,123.42093801498413,16271
479,123.0,124.35251069068909,16394
480,16.0,124.47402596473694,16410
481,26.0,124.67107772827148,16436
482,40.0,124.97354412078857,16476
483,53.0,125.37356472015381,16529
484,41.0,125.68366479873657,16570
485,27.0,125.88795900344849,16597
486,38.0,126.17471313476562,16635
487,14.0,126.28089761734009,16649
488,17.0,126.40972924232483,16666
489,24.0,126.59124779701233,16690
490,72.0,127.13476514816284,16762
491,45.0,127.47561311721802,16807
492,84.0,128.1112461090088,16891
493,50.0,128.48963570594788,16941
494,20.0,128.64114928245544,16961
495,117.0,129.52536797523499,17078
496,46.0,129.87347650527954,17124
497,24.0,130.05528569221497,17148
498,54.0,130.4646737575531,17202
499,39.0,130.76062893867493,17241
500,52.0,131.15459942817688,17293
501,50.0,131.5331199169159,17343
502,13.0,131.63243317604065,17356
503,28.0,131.8445541858673,17384
504,26.0,132.0422830581665,17410
505,18.0,132.1792070865631,17428
506,23.0,132.35412049293518,17451
507,27.0,132.55923652648926,17478
508,36.0,132.8336262702942,17514
509,78.0,133.42580580711365,17592
510,64.0,133.91115760803223,17656
511,84.0,134.54671454429626,17740
512,82.0,135.16710901260376,17822
513,43.0,135.49274277687073,17865
514,75.0,136.0606255531311,17940
515,19.0,136.20518255233765,17959
516,33.0,136.4554250240326,17992
517,41.0,136.7657129764557,18033
518,25.0,136.95515513420105,18058
519,113.0,137.80908513069153,18171
520,22.0,137.97648310661316,18193
521,42.0,138.29514718055725,18235
522,78.0,138.88474297523499,18313
523,37.0,139.16498827934265,18350
524,31.0,139.39974355697632,18381
525,37.0,139.67993330955505,18418
526,16.0,139.80151677131653,18434
527,17.0,139.93068647384644,18451
528,18.0,140.0673246383667,18469
529,42.0,140.38517808914185,18511
530,46.0,140.73343348503113,18557
531,68.0,141.24896621704102,18625
532,24.0,141.43100786209106,18649
533,54.0,141.8398904800415,18703
534,47.0,142.19561648368835,18750
535,27.0,142.4002537727356,18777
536,43.0,142.72624850273132,18820
537,59.0,143.17348504066467,18879
538,46.0,143.52176594734192,18925
539,23.0,143.69655752182007,18948
540,77.0,144.27903246879578,19025
541,29.0,144.49997735023499,19054
542,36.0,144.77317237854004,19090
543,68.0,145.2873592376709,19158
544,17.0,145.41629481315613,19175
545,25.0,145.60605692863464,19200
546,19.0,145.75082349777222,19219
547,32.0,145.99313259124756,19251
548,16.0,146.11486172676086,19267
549,23.0,146.28897976875305,19290
550,74.0,146.84765720367432,19364
551,15.0,146.96127200126648,19379
552,67.0,147.46879935264587,19446
553,56.0,147.89253640174866,19502
554,25.0,148.0817747116089,19527
555,17.0,148.21075558662415,19544
556,18.0,148.34773802757263,19562
557,50.0,148.72881817817688,19612
558,14.0,148.8360240459442,19626
559,56.0,149.25988602638245,19682
560,32.0,149.50330305099487,19714
561,41.0,149.81391167640686,19755
562,97.0,150.54760360717773,19852
563,56.0,150.9716784954071,19908
564,31.0,151.20700073242188,19939
565,51.0,151.59347248077393,19990
566,25.0,151.7832944393158,20015
567,42.0,152.10165286064148,20057
568,65.0,152.59516406059265,20122
569,34.0,152.85378098487854,20156
570,86.0,153.50719332695007,20242
571,27.0,153.71305012702942,20269
572,47.0,154.06942892074585,20316
573,18.0,154.2061891555786,20334
574,37.0,154.48624181747437,20371
575,21.0,154.64539408683777,20392
576,18.0,154.78257203102112,20410
577,19.0,154.9264850616455,20429
578,53.0,155.32749390602112,20482
579,27.0,155.53218841552734,20509
580,35.0,155.797123670578,20544
581,20.0,155.9490098953247,20564
582,58.0,156.3877375125885,20622
583,14.0,156.49420166015625,20636
584,35.0,156.75912618637085,20671
585,77.0,157.3415665626526,20748
586,26.0,157.53803873062134,20774
587,31.0,157.77302598953247,20805
588,25.0,157.96231079101562,20830
589,16.0,158.08381700515747,20846
590,22.0,158.25068044662476,20868
591,27.0,158.45621752738953,20895
592,63.0,158.9339780807495,20958
593,119.0,159.8350419998169,21077
594,84.0,160.4704360961914,21161
595,19.0,160.61426186561584,21180
596,61.0,161.0777907371521,21241
597,69.0,161.60134506225586,21310
598,25.0,161.79178762435913,21335
599,146.0,162.89835453033447,21481
600,36.0,163.1706383228302,21517
601,64.0,163.65462493896484,21581
602,41.0,163.9640908241272,21622
603,85.0,164.60667943954468,21707
604,37.0,164.88665175437927,21744
605,48.0,165.25019145011902,21792
606,14.0,165.35679841041565,21806
607,28.0,165.5696885585785,21834
608,40.0,165.87293601036072,21874
609,29.0,166.09310507774353,21903
610,31.0,166.32817220687866,21934
611,79.0,166.92541813850403,22013
612,59.0,167.37211537361145,22072
613,23.0,167.54676389694214,22095
614,122.0,168.46978569030762,22217
615,46.0,168.81796765327454,22263
616,18.0,168.95454835891724,22281
617,14.0,169.06076550483704,22295
618,39.0,169.35557866096497,22334
619,22.0,169.52148699760437,22356
620,27.0,169.7263777256012,22383
621,67.0,170.2345004081726,22450
622,41.0,170.5438630580902,22491
623,39.0,170.83933091163635,22530
624,93.0,171.54312014579773,22623
625,27.0,171.7481906414032,22650
626,71.0,172.28538942337036,22721
627,48.0,172.64934825897217,22769
628,38.0,172.93792939186096,22807
629,34.0,173.19572639465332,22841
630,62.0,173.66475534439087,22903
631,29.0,173.88478064537048,22932
632,61.0,174.34724640846252,22993
633,57.0,174.7786808013916,23050
634,66.0,175.27867794036865,23116
635,47.0,175.6342968940735,23163
636,32.0,175.87797784805298,23195
637,39.0,176.1747362613678,23234
638,64.0,176.6593587398529,23298
639,110.0,177.49104380607605,23408
640,22.0,177.6577663421631,23430
641,34.0,177.915540933609,23464
642,41.0,178.22591090202332,23505
643,17.0,178.35574507713318,23522
644,26.0,178.55370545387268,23548
645,48.0,178.91648507118225,23596
646,76.0,179.49221277236938,23672
647,30.0,179.71956086158752,23702
648,42.0,180.0371491909027,23744
649,49.0,180.40796518325806,23793
650,26.0,180.60471892356873,23819
651,16.0,180.72599339485168,23835
652,16.0,180.8471794128418,23851
653,70.0,181.37642550468445,23921
654,35.0,181.64084219932556,23956
655,70.0,182.17047786712646,24026
656,23.0,182.34473085403442,24049
657,90.0,183.0259120464325,24139
658,16.0,183.14726758003235,24155
659,63.0,183.62332248687744,24218
660,155.0,184.79519176483154,24373
661,30.0,185.02278208732605,24403
662,18.0,185.15924310684204,24421
663,15.0,185.27314138412476,24436
664,43.0,185.5989019870758,24479
665,62.0,186.06761598587036,24541
666,26.0,186.264799118042,24567
667,133.0,187.26852941513062,24700
668,50.0,187.64556407928467,24750
669,22.0,187.81187629699707,24772
670,64.0,188.29630613327026,24836
671,35.0,188.56127834320068,24871
672,30.0,188.78801727294922,24901
673,31.0,189.02318811416626,24932
674,34.0,189.28016448020935,24966
675,53.0,189.68050026893616,25019
676,17.0,189.8094892501831,25036
677,56.0,190.2338035106659,25092
678,14.0,190.34039616584778,25106
679,10.0,190.41650462150574,25116
680,30.0,190.64432501792908,25146
681,24.0,190.82640719413757,25170
682,40.0,191.12892889976501,25210
683,131.0,192.1201732158661,25341
684,37.0,192.40055990219116,25378
685,29.0,192.62004351615906,25407
686,117.0,193.50583577156067,25524
687,22.0,193.6727650165558,25546
688,20.0,193.82472348213196,25566
689,32.0,194.06751608848572,25598
690,17.0,194.1964988708496,25615
691,16.0,194.3175356388092,25631
692,18.0,194.4549286365509,25649
693,19.0,194.59907031059265,25668
694,56.0,195.02321577072144,25724
695,55.0,195.43959641456604,25779
696,69.0,195.96081042289734,25848
697,39.0,196.25583696365356,25887
698,27.0,196.46034288406372,25914
699,76.0,197.03566312789917,25990
700,17.0,197.1647515296936,26007
701,55.0,197.58139157295227,26062
702,49.0,197.95435762405396,26111
703,46.0,198.30384302139282,26157
704,28.0,198.51589703559875,26185
705,19.0,198.6597671508789,26204
706,51.0,199.0462658405304,26255
707,19.0,199.1914827823639,26274
708,35.0,199.4565348625183,26309
709,78.0,200.04725217819214,26387
710,24.0,200.2284801006317,26411
711,20.0,200.3798041343689,26431
712,69.0,200.90204215049744,26500
713,31.0,201.13711524009705,26531
714,31.0,201.37128281593323,26562
715,78.0,201.96123123168945,26640
716,55.0,202.37772941589355,26695
717,86.0,203.0282232761383,26781
718,91.0,203.7176330089569,26872
719,23.0,203.89206504821777,26895
720,87.0,204.5504539012909,26982
721,20.0,204.70278024673462,27002
722,122.0,205.62472486495972,27124
723,59.0,206.07038164138794,27183
724,16.0,206.19176268577576,27199
725,162.0,207.41688585281372,27361
726,54.0,207.82520651817322,27415
727,74.0,208.38519525527954,27489
728,42.0,208.70281147956848,27531
729,45.0,209.04373383522034,27576
730,72.0,209.58797574043274,27648
731,120.0,210.495343208313,27768
732,138.0,211.54117059707642,27906
733,12.0,211.63284158706665,27918
734,23.0,211.8073239326477,27941
735,59.0,212.25394868850708,28000
736,24.0,212.43633842468262,28024
737,23.0,212.61107969284058,28047
738,54.0,213.0202281475067,28101
739,11.0,213.10433053970337,28112
740,18.0,213.24195528030396,28130
741,119.0,214.14417791366577,28249
742,31.0,214.3793866634369,28280
743,74.0,214.938214302063,28354
744,114.0,215.8013734817505,28468
745,76.0,216.3764021396637,28544
746,164.0,217.6145122051239,28708
747,200.0,219.12537789344788,28908
748,120.0,220.03224563598633,29028
749,24.0,220.21372604370117,29052
750,19.0,220.3584587574005,29071
751,41.0,220.66852688789368,29112
752,47.0,221.02472352981567,29159
753,182.0,222.399512052536,29341
754,136.0,223.4263482093811,29477
755,66.0,223.92536330223083,29543
756,89.0,224.5981719493866,29632
757,51.0,224.9839072227478,29683
758,46.0,225.33202075958252,29729
759,51.0,225.71742033958435,29780
760,28.0,225.92949795722961,29808
761,73.0,226.48163151741028,29881
762,75.0,227.0477249622345,29956
763,139.0,228.09711027145386,30095
764,39.0,228.39266157150269,30134
765,36.0,228.6651222705841,30170
766,34.0,228.92261481285095,30204
767,22.0,229.08940505981445,30226
768,23.0,229.2634961605072,30249
769,185.0,230.66191339492798,30434
770,23.0,230.8358793258667,30457
771,119.0,231.7330710887909,30576
772,75.0,232.29938626289368,30651
773,93.0,233.00176525115967,30744
774,40.0,233.3042287826538,30784
775,38.0,233.59188079833984,30822
776,12.0,233.68291974067688,30834
777,41.0,233.99333882331848,30875
778,73.0,234.54501366615295,30948
779,52.0,234.9386420249939,31000
780,21.0,235.09802389144897,31021
781,19.0,235.24217224121094,31040
782,42.0,235.56010842323303,31082
783,87.0,236.21702790260315,31169
784,34.0,236.47413539886475,31203
785,39.0,236.76870012283325,31242
786,44.0,237.10139560699463,31286
787,28.0,237.3133397102356,31314
788,14.0,237.4196422100067,31328
789,27.0,237.62428975105286,31355
790,145.0,238.71911311149597,31500
791,82.0,239.33923196792603,31582
792,25.0,239.52837014198303,31607
793,65.0,240.01816534996033,31672
794,21.0,240.17764019966125,31693
795,31.0,240.4123125076294,31724
796,99.0,241.16138005256653,31823
797,46.0,241.51037740707397,31869
798,53.0,241.91048550605774,31922
799,40.0,242.21317982673645,31962
800,20.0,242.36468648910522,31982
801,126.0,243.3180651664734,32108
802,112.0,244.16656279563904,32220
803,40.0,244.4707043170929,32260
804,27.0,244.67548274993896,32287
805,21.0,244.83454990386963,32308
806,49.0,245.2041163444519,32357
807,17.0,245.33288049697876,32374
808,63.0,245.8098726272583,32437
809,43.0,246.13560605049133,32480
810,36.0,246.40731692314148,32516
811,12.0,246.49863743782043,32528
812,49.0,246.86925721168518,32577
813,16.0,246.9912075996399,32593
814,48.0,247.35486555099487,32641
815,75.0,247.9212040901184,32716
816,36.0,248.19346642494202,32752
817,62.0,248.66220998764038,32814
818,114.0,249.52420568466187,32928
819,71.0,250.06137585639954,32999
820,27.0,250.26603055000305,33026
821,29.0,250.48608207702637,33055
822,55.0,250.90305423736572,33110
823,10.0,250.97939324378967,33120
824,93.0,251.6836497783661,33213
825,15.0,251.79752469062805,33228
826,51.0,252.1819565296173,33279
827,86.0,252.83139276504517,33365
828,102.0,253.60122656822205,33467
829,30.0,253.82789206504822,33497
830,70.0,254.35765933990479,33567
831,120.0,255.2628083229065,33687
832,20.0,255.41439175605774,33707
833,131.0,256.40408539772034,33838
834,103.0,257.18204259872437,33941
835,22.0,257.3486530780792,33963
836,32.0,257.59028029441833,33995
837,35.0,257.8549973964691,34030
838,30.0,258.08159255981445,34060
839,46.0,258.4288287162781,34106
840,30.0,258.65565633773804,34136
841,27.0,258.859947681427,34163
842,169.0,260.13397240638733,34332
843,59.0,260.58016872406006,34391
844,49.0,260.9503803253174,34440
845,102.0,261.72228169441223,34542
846,38.0,262.0100202560425,34580
847,76.0,262.58328580856323,34656
848,90.0,263.26497530937195,34746
849,46.0,263.6122224330902,34792
850,20.0,263.76350259780884,34812
851,57.0,264.1957824230194,34869
852,20.0,264.3471784591675,34889
853,35.0,264.6112127304077,34924
854,82.0,265.23154640197754,35006
855,31.0,265.46638011932373,35037
856,66.0,265.9669349193573,35103
857,31.0,266.2018053531647,35134
858,26.0,266.3984971046448,35160
859,17.0,266.527441740036,35177
860,24.0,266.70870184898376,35201
861,50.0,267.0865888595581,35251
862,200.0,268.59659600257874,35451
863,42.0,268.9138677120209,35493
864,37.0,269.1937906742096,35530
865,111.0,270.0311369895935,35641
866,105.0,270.8252947330475,35746
867,64.0,271.3122761249542,35810
868,80.0,271.9167263507843,35890
869,54.0,272.3251793384552,35944
870,200.0,273.8354344367981,36144
871,37.0,274.1158435344696,36181
872,22.0,274.2824583053589,36203
873,96.0,275.0077519416809,36299
874,88.0,275.67199659347534,36387
875,72.0,276.21583342552185,36459
876,86.0,276.8650071620941,36545
877,32.0,277.10700035095215,36577
878,20.0,277.25872325897217,36597
879,38.0,277.54606342315674,36635
880,70.0,278.0745573043823,36705
881,68.0,278.58804178237915,36773
882,22.0,278.7541239261627,36795
883,71.0,279.2899820804596,36866
884,180.0,280.64867186546326,37046
885,200.0,282.1580240726471,37246
886,92.0,282.85376930236816,37338
887,111.0,283.6924602985382,37449
888,30.0,283.9191565513611,37479
889,31.0,284.1545054912567,37510
890,43.0,284.4798073768616,37553
891,58.0,284.91753602027893,37611
892,18.0,285.053923368454,37629
893,112.0,285.89805459976196,37741
894,121.0,286.81138610839844,37862
895,13.0,286.9099247455597,37875
896,44.0,287.2433228492737,37919
897,80.0,287.84715127944946,37999
898,22.0,288.0139501094818,38021
899,27.0,288.21876335144043,38048
900,59.0,288.6646625995636,38107
901,88.0,289.3305344581604,38195
902,22.0,289.49680399894714,38217
903,142.0,290.5687425136566,38359
904,14.0,290.67476868629456,38373
905,26.0,290.87253761291504,38399
906,200.0,292.3850347995758,38599
907,41.0,292.6953718662262,38640
908,39.0,292.99093675613403,38679
909,130.0,293.9710998535156,38809
910,84.0,294.60411620140076,38893
911,67.0,295.1104893684387,38960
912,29.0,295.3297951221466,38989
913,33.0,295.57943201065063,39022
914,26.0,295.7760806083679,39048
915,114.0,296.63751339912415,39162
916,49.0,297.0075623989105,39211
917,111.0,297.845547914505,39322
918,55.0,298.2617244720459,39377
919,91.0,298.9496145248413,39468
920,23.0,299.1244053840637,39491
921,58.0,299.56308245658875,39549
922,120.0,300.47045397758484,39669
923,102.0,301.24303674697876,39771
924,82.0,301.86274886131287,39853
925,33.0,302.1125612258911,39886
926,25.0,302.3015215396881,39911
927,57.0,302.7330701351166,39968
928,38.0,303.02091431617737,40006
929,24.0,303.2034342288971,40030
930,135.0,304.22425532341003,40165
931,77.0,304.80635261535645,40242
932,118.0,305.6996738910675,40360
933,48.0,306.06307888031006,40408
934,66.0,306.56169843673706,40474
935,71.0,307.09772849082947,40545
936,21.0,307.25629591941833,40566
937,19.0,307.39986634254456,40585
938,93.0,308.10332798957825,40678
939,115.0,308.9722845554352,40793
940,86.0,309.62345361709595,40879
941,28.0,309.83551692962646,40907
942,21.0,309.9951138496399,40928
943,74.0,310.55460143089294,41002
944,32.0,310.7970633506775,41034
945,103.0,311.57580852508545,41137
946,134.0,312.5887448787689,41271
947,113.0,313.44232749938965,41384
948,142.0,314.516161441803,41526
949,109.0,315.3397822380066,41635
950,35.0,315.6043210029602,41670
951,54.0,316.01266384124756,41724
952,20.0,316.16398215293884,41744
953,23.0,316.3382091522217,41767
954,21.0,316.4974081516266,41788
955,60.0,316.95189905166626,41848
956,93.0,317.65511322021484,41941
957,75.0,318.221143245697,42016
958,18.0,318.35771203041077,42034
959,22.0,318.52435064315796,42056
960,175.0,319.846230506897,42231
961,147.0,320.95670771598816,42378
962,58.0,321.3960540294647,42436
963,129.0,322.36862421035767,42565
964,31.0,322.6033616065979,42596
965,67.0,323.1098642349243,42663
966,47.0,323.46544790267944,42710
967,106.0,324.2656328678131,42816
968,88.0,324.93016266822815,42904
969,200.0,326.44291257858276,43104
970,15.0,326.55674624443054,43119
971,97.0,327.2904748916626,43216
972,120.0,328.1965355873108,43336
973,119.0,329.0953950881958,43455
974,44.0,329.4278144836426,43499
975,45.0,329.7677345275879,43544
976,200.0,331.27705001831055,43744
977,36.0,331.5497145652771,43780
978,58.0,331.98800444602966,43838
979,138.0,333.0320887565613,43976
980,104.0,333.81911540031433,44080
981,51.0,334.20465874671936,44131
982,60.0,334.65754103660583,44191
983,43.0,334.98316621780396,44234
984,80.0,335.5877194404602,44314
985,44.0,335.92031359672546,44358
986,85.0,336.562287569046,44443
987,68.0,337.0764362812042,44511
988,36.0,337.3485531806946,44547
989,52.0,337.74165964126587,44599
990,63.0,338.2185106277466,44662
991,100.0,338.97323274612427,44762
992,166.0,340.2274549007416,44928
993,37.0,340.5080850124359,44965
994,44.0,340.840873003006,45009
995,34.0,341.0985951423645,45043
996,23.0,341.27267575263977,45066
997,171.0,342.5614290237427,45237
998,114.0,343.4223291873932,45351
999,33.0,343.6727707386017,45384
1000,62.0,344.14186668395996,45446
1001,56.0,344.56670093536377,45502
1002,60.0,345.0200870037079,45562
1003,67.0,345.52527928352356,45629
1004,38.0,345.8109097480774,45667
1005,46.0,346.158225774765,45713
1006,59.0,346.6036379337311,45772
1007,55.0,347.0203957557678,45827
1008,13.0,347.1199517250061,45840
1009,68.0,347.6353600025177,45908
1010,65.0,348.12715458869934,45973
1011,97.0,348.86027932167053,46070
1012,177.0,350.1977128982544,46247
1013,48.0,350.56138610839844,46295
1014,102.0,351.33169507980347,46397
1015,119.0,352.22976899147034,46516
1016,32.0,352.4722194671631,46548
1017,17.0,352.6011939048767,46565
1018,155.0,353.77291464805603,46720
1019,30.0,354.0001678466797,46750
1020,49.0,354.37079095840454,46799
1021,55.0,354.7860095500946,46854
1022,81.0,355.39815950393677,46935
1023,75.0,355.96643567085266,47010
1024,87.0,356.6253094673157,47097
1025,119.0,357.52394700050354,47216
1026,35.0,357.78882908821106,47251
1027,67.0,358.2953886985779,47318
1028,31.0,358.53023648262024,47349
1029,65.0,359.0205659866333,47414
1030,27.0,359.22531056404114,47441
1031,29.0,359.4448616504669,47470
1032,47.0,359.79983615875244,47517
1033,97.0,360.5329875946045,47614
1034,36.0,360.80653524398804,47650
1035,18.0,360.9434766769409,47668
1036,69.0,361.46494913101196,47737
1037,58.0,361.9035675525665,47795
1038,66.0,362.4028248786926,47861
1039,78.0,362.9922249317169,47939
1040,23.0,363.1668059825897,47962
1041,189.0,364.59467124938965,48151
1042,61.0,365.0566635131836,48212
1043,64.0,365.5406632423401,48276
1044,115.0,366.4091467857361,48391
1045,38.0,366.69636034965515,48429
1046,110.0,367.5270597934723,48539
1047,47.0,367.8818621635437,48586
1048,74.0,368.44326853752136,48660
1049,116.0,369.3195149898529,48776
1050,117.0,370.20664405822754,48893
1051,77.0,370.7886116504669,48970
1052,127.0,371.7474434375763,49097
1053,111.0,372.5867657661438,49208
1054,117.0,373.46938610076904,49325
1055,23.0,373.643577337265,49348
1056,55.0,374.05861234664917,49403
1057,84.0,374.69326543807983,49487
1058,175.0,376.0140917301178,49662
1059,69.0,376.5349943637848,49731
1060,125.0,377.47903323173523,49856
1061,102.0,378.24880504608154,49958
1062,27.0,378.4533076286316,49985
1063,200.0,379.96341609954834,50185
1064,99.0,380.71185970306396,50284
1065,84.0,381.3469123840332,50368
1066,189.0,382.7734477519989,50557
1067,49.0,383.1437268257141,50606
1068,65.0,383.63424372673035,50671
1069,130.0,384.6163537502289,50801
1070,171.0,385.90611720085144,50972
1071,63.0,386.3824830055237,51035
1072,62.0,386.8506443500519,51097
1073,198.0,388.3457553386688,51295
1074,28.0,388.5581679344177,51323
1075,38.0,388.84506726264954,51361
1076,50.0,389.2230188846588,51411
1077,130.0,390.2058458328247,51541
1078,84.0,390.84009552001953,51625
1079,145.0,391.93515157699585,51770
1080,92.0,392.6307785511017,51862
1081,71.0,393.1663146018982,51933
1082,23.0,393.3410608768463,51956
1083,18.0,393.4775996208191,51974
1084,99.0,394.2249445915222,52073
1085,22.0,394.39152479171753,52095
1086,27.0,394.59578037261963,52122
1087,75.0,395.1647641658783,52197
1088,20.0,395.31692004203796,52217
1089,135.0,396.3380148410797,52352
1090,74.0,396.899288892746,52426
1091,94.0,397.609290599823,52520
1092,26.0,397.80612874031067,52546
1093,110.0,398.63876724243164,52656
1094,87.0,399.2962725162506,52743
1095,59.0,399.74364399909973,52802
1096,29.0,399.96360206604004,52831
1097,63.0,400.43878507614136,52894
1098,71.0,400.9755928516388,52965
1099,29.0,401.19603967666626,52994
1100,114.0,402.05626368522644,53108
1101,16.0,402.17763328552246,53124
1102,143.0,403.26112723350525,53267
1103,88.0,403.9254505634308,53355
1104,112.0,404.77114057540894,53467
1105,160.0,405.97889399528503,53627
1106,32.0,406.22295355796814,53659
1107,71.0,406.76063871383667,53730
1108,33.0,407.0110366344452,53763
1109,127.0,407.97331142425537,53890
1110,17.0,408.10268092155457,53907
1111,40.0,408.405565738678,53947
1112,50.0,408.7840926647186,53997
1113,126.0,409.7350172996521,54123
1114,40.0,410.03718543052673,54163
1115,23.0,410.2117075920105,54186
1116,19.0,410.3556749820709,54205
1117,73.0,410.9071297645569,54278
1118,60.0,411.36044359207153,54338
1119,86.0,412.01032614707947,54424
1120,82.0,412.62889671325684,54506
1121,199.0,414.1308534145355,54705
1122,55.0,414.5464942455292,54760
1123,26.0,414.74335527420044,54786
1124,99.0,415.49084281921387,54885
1125,129.0,416.4662959575653,55014
1126,36.0,416.7374918460846,55050
1127,70.0,417.266672372818,55120
1128,37.0,417.54685640335083,55157
1129,38.0,417.83483719825745,55195
1130,51.0,418.22160148620605,55246
1131,44.0,418.55454301834106,55290
1132,103.0,419.3332335948944,55393
1133,139.0,420.383412361145,55532
1134,24.0,420.5650444030762,55556
1135,18.0,420.7015714645386,55574
1136,40.0,421.0054566860199,55614
1137,28.0,421.21798968315125,55642
1138,32.0,421.46045780181885,55674
1139,66.0,421.9592456817627,55740
1140,98.0,422.69938683509827,55838
1141,137.0,423.7341208457947,55975
1142,97.0,424.4690215587616,56072
1143,200.0,425.979309797287,56272
1144,87.0,426.6380019187927,56359
1145,101.0,427.4007194042206,56460
1146,58.0,427.8397319316864,56518
1147,46.0,428.1869421005249,56564
1148,19.0,428.33110880851746,56583
1149,137.0,429.3651144504547,56720
1150,43.0,429.6903250217438,56763
1151,45.0,430.0305771827698,56808
1152,22.0,430.19743943214417,56830
1153,29.0,430.4171748161316,56859
1154,13.0,430.5158414840698,56872
1155,103.0,431.2940499782562,56975
1156,150.0,432.42600417137146,57125
1157,39.0,432.7207589149475,57164
1158,52.0,433.11423778533936,57216
1159,62.0,433.5830945968628,57278
1160,26.0,433.7800488471985,57304
1161,53.0,434.18106174468994,57357
1162,164.0,435.42251086235046,57521
1163,46.0,435.76958870887756,57567
1164,69.0,436.29133319854736,57636
1165,81.0,436.9035978317261,57717
1166,99.0,437.65160369873047,57816
1167,52.0,438.04457449913025,57868
1168,127.0,439.00121450424194,57995
1169,59.0,439.44555258750916,58054
1170,101.0,440.2084929943085,58155
1171,85.0,440.8517200946808,58240
1172,84.0,441.48862409591675,58324
1173,22.0,441.65522027015686,58346
1174,20.0,441.8055820465088,58366
1175,58.0,442.24504113197327,58424
1176,152.0,443.392205953598,58576
1177,63.0,443.8662848472595,58639
1178,46.0,444.2139117717743,58685
1179,104.0,444.9990656375885,58789
1180,56.0,445.42140650749207,58845
1181,17.0,445.55021500587463,58862
1182,15.0,445.66287064552307,58877
1183,26.0,445.86082696914673,58903
1184,82.0,446.48141646385193,58985
1185,45.0,446.8217513561249,59030
1186,166.0,448.07757472991943,59196
1187,14.0,448.18375277519226,59210
1188,39.0,448.478718996048,59249
1189,50.0,448.8566961288452,59299
1190,80.0,449.46221828460693,59379
1191,157.0,450.64887142181396,59536
1192,18.0,450.7854971885681,59554
1193,27.0,450.99114871025085,59581
1194,179.0,452.34335446357727,59760
1195,24.0,452.524964094162,59784
1196,126.0,453.47605323791504,59910
1197,76.0,454.05001759529114,59986
1198,38.0,454.33765387535095,60024
1199,100.0,455.09318709373474,60124
1200,15.0,455.2068166732788,60139
1201,66.0,455.70553064346313,60205
1202,51.0,456.0910527706146,60256
1203,100.0,456.8461434841156,60356
1204,120.0,457.75231099128723,60476
1205,32.0,457.99427223205566,60508
1206,46.0,458.3447961807251,60554
1207,98.0,459.0845949649811,60652
1208,99.0,459.8320527076721,60751
1209,91.0,460.5208225250244,60842
1210,66.0,461.01943612098694,60908
1211,78.0,461.6086938381195,60986
1212,70.0,462.1382722854614,61056
1213,33.0,462.38834023475647,61089
1214,102.0,463.1584746837616,61191
1215,30.0,463.3857321739197,61221
1216,65.0,463.8762924671173,61286
1217,91.0,464.56435322761536,61377
1218,81.0,465.17695140838623,61458
1219,61.0,465.6381776332855,61519
1220,55.0,466.05491042137146,61574
1221,116.0,466.9299817085266,61690
1222,78.0,467.5209846496582,61768
1223,139.0,468.57031631469727,61907
1224,44.0,468.9028058052063,61951
1225,18.0,469.03926157951355,61969
1226,23.0,469.21369981765747,61992
1227,59.0,469.6594989299774,62051
1228,133.0,470.6640536785126,62184
1229,174.0,471.97910356521606,62358
1230,63.0,472.45513916015625,62421
1231,116.0,473.33194065093994,62537
1232,67.0,473.8380424976349,62604
1233,123.0,474.7661211490631,62727
1234,200.0,476.2766799926758,62927
1235,108.0,477.091459274292,63035
1236,40.0,477.3936913013458,63075
1237,81.0,478.00519728660583,63156
1238,123.0,478.9331443309784,63279
1239,94.0,479.6418342590332,63373
1240,34.0,479.8993842601776,63407
1241,106.0,480.698846578598,63513
1242,154.0,481.8605146408081,63667
1243,61.0,482.32135558128357,63728
1244,102.0,483.0922517776489,63830
1245,97.0,483.8254473209381,63927
1246,46.0,484.1742660999298,63973
1247,55.0,484.5894994735718,64028
1248,165.0,485.83369874954224,64193
1249,72.0,486.3788239955902,64265
1250,38.0,486.66614603996277,64303
1251,69.0,487.1880557537079,64372
1252,90.0,487.86781191825867,64462
1253,56.0,488.2905673980713,64518
1254,59.0,488.73612689971924,64577
1255,116.0,489.6151931285858,64693
1256,165.0,490.86203145980835,64858
1257,119.0,491.7603576183319,64977
1258,41.0,492.0703880786896,65018
1259,63.0,492.5458118915558,65081
1260,133.0,493.55233454704285,65214
1261,29.0,493.7716851234436,65243
1262,22.0,493.93865299224854,65265
1263,130.0,494.92140674591064,65395
1264,197.0,496.40894079208374,65592
1265,129.0,497.3846344947815,65721
1266,79.0,497.9817841053009,65800
1267,33.0,498.23145604133606,65833
1268,73.0,498.7829430103302,65906
1269,66.0,499.28148102760315,65972
1270,160.0,500.49094343185425,66132
1271,128.0,501.45924162864685,66260
1272,32.0,501.70164370536804,66292
1273,22.0,501.8685975074768,66314
1274,46.0,502.2169187068939,66360
1275,64.0,502.70108222961426,66424
1276,77.0,503.28230357170105,66501
1277,23.0,503.45636224746704,66524
1278,16.0,503.57810044288635,66540
1279,45.0,503.91823649406433,66585
1280,36.0,504.190434217453,66621
1281,54.0,504.5983843803406,66675
1282,106.0,505.39900851249695,66781
1283,51.0,505.78442001342773,66832
1284,78.0,506.37333965301514,66910
1285,51.0,506.75818634033203,66961
1286,42.0,507.07521057128906,67003
1287,155.0,508.2457880973816,67158
1288,142.0,509.31776094436646,67300
1289,89.0,509.99258828163147,67389
1290,41.0,510.3022611141205,67430
1291,158.0,511.4981617927551,67588
1292,120.0,512.4060823917389,67708
1293,200.0,513.9174962043762,67908
1294,33.0,514.1674175262451,67941
1295,61.0,514.6282544136047,68002
1296,23.0,514.8024256229401,68025
1297,47.0,515.1573910713196,68072
1298,63.0,515.6337556838989,68135
1299,200.0,517.1440391540527,68335
1300,58.0,517.5830571651459,68393
1301,46.0,517.9309780597687,68439
1302,38.0,518.2185754776001,68477
1303,31.0,518.4533593654633,68508
1304,24.0,518.6354713439941,68532
1305,184.0,520.0265038013458,68716
1306,59.0,520.4722056388855,68775
1307,52.0,520.8652055263519,68827
1308,102.0,521.6354792118073,68929
1309,130.0,522.6188378334045,69059
1310,41.0,522.9284110069275,69100
1311,93.0,523.6320090293884,69193
1312,56.0,524.0555517673492,69249
1313,45.0,524.396092414856,69294
1314,62.0,524.8652982711792,69356
1315,109.0,525.6903190612793,69465
1316,107.0,526.4997770786285,69572
1317,46.0,526.8470885753632,69618
1318,38.0,527.1342813968658,69656
1319,46.0,527.4820418357849,69702
1320,113.0,528.3350448608398,69815
1321,40.0,528.6373584270477,69855
1322,31.0,528.8718614578247,69886
1323,77.0,529.4550149440765,69963
1324,200.0,530.969357252121,70163
1325,61.0,531.4305624961853,70224
1326,113.0,532.2865591049194,70337
1327,131.0,533.275553226471,70468
1328,51.0,533.6605091094971,70519
1329,114.0,534.5209319591522,70633
1330,79.0,535.1175723075867,70712
1331,34.0,535.3751764297485,70746
1332,87.0,536.0319440364838,70833
1333,200.0,537.5412056446075,71033
1334,86.0,538.1903326511383,71119
1335,86.0,538.8397953510284,71205
1336,43.0,539.164879322052,71248
1337,64.0,539.6486575603485,71312
1338,81.0,540.2599103450775,71393
1339,26.0,540.4565906524658,71419
1340,85.0,541.0988245010376,71504
1341,109.0,541.9216916561127,71613
1342,101.0,542.6841027736664,71714
1343,62.0,543.1528532505035,71776
1344,77.0,543.7337443828583,71853
1345,105.0,544.5258955955505,71958
1346,200.0,546.0359055995941,72158
1347,117.0,546.9192852973938,72275
1348,47.0,547.2744727134705,72322
1349,21.0,547.4335570335388,72343
1350,41.0,547.7427248954773,72384
1351,200.0,549.25137758255,72584
1352,37.0,549.5328934192657,72621
1353,142.0,550.6045060157776,72763
1354,123.0,551.5337610244751,72886
1355,120.0,552.4403569698334,73006
1356,83.0,553.0668337345123,73089
1357,34.0,553.3243868350983,73123
1358,120.0,554.2302136421204,73243
1359,17.0,554.3596527576447,73260
1360,160.0,555.5690386295319,73420
1361,30.0,555.7959270477295,73450
1362,24.0,555.9779624938965,73474
1363,21.0,556.1368396282196,73495
1364,126.0,557.087699174881,73621
1365,66.0,557.5861828327179,73687
1366,57.0,558.0168414115906,73744
1367,31.0,558.251838684082,73775
1368,45.0,558.5914251804352,73820
1369,94.0,559.3014101982117,73914
1370,84.0,559.9368178844452,73998
1371,86.0,560.5867552757263,74084
1372,41.0,560.8974385261536,74125
1373,120.0,561.8041915893555,74245
1374,197.0,563.2937831878662,74442
1375,35.0,563.5589356422424,74477
1376,73.0,564.1108658313751,74550
1377,82.0,564.7310221195221,74632
1378,108.0,565.5484635829926,74740
1379,78.0,566.1386828422546,74818
1380,83.0,566.7642276287079,74901
1381,89.0,567.4367265701294,74990
1382,49.0,567.8073623180389,75039
1383,159.0,569.0084598064423,75198
1384,106.0,569.8091433048248,75304
1385,48.0,570.172039270401,75352
1386,110.0,571.0060534477234,75462
1387,133.0,572.0117073059082,75595
1388,78.0,572.6035611629486,75673
1389,95.0,573.3219933509827,75768
1390,122.0,574.2431840896606,75890
1391,52.0,574.6360764503479,75942
1392,47.0,574.9921875,75989
1393,28.0,575.2037761211395,76017
1394,52.0,575.596926689148,76069
1395,114.0,576.4576556682587,76183
1396,69.0,576.9793608188629,76252
1397,38.0,577.2670302391052,76290
1398,44.0,577.599348783493,76334
1399,81.0,578.2109832763672,76415
1400,60.0,578.6634910106659,76475
1401,200.0,580.1727018356323,76675
1402,121.0,581.0846064090729,76796
1403,61.0,581.5448272228241,76857
1404,83.0,582.1726286411285,76940
1405,53.0,582.5733659267426,76993
1406,117.0,583.4560992717743,77110
1407,131.0,584.4447774887085,77241
1408,87.0,585.1023154258728,77328
1409,143.0,586.1823523044586,77471
1410,105.0,586.9757616519928,77576
1411,44.0,587.308479309082,77620
1412,149.0,588.4350550174713,77769
1413,136.0,589.4618096351624,77905
1414,146.0,590.5657334327698,78051
1415,92.0,591.259191274643,78143
1416,161.0,592.4743084907532,78304
1417,53.0,592.8749322891235,78357
1418,103.0,593.6531186103821,78460
1419,147.0,594.7618598937988,78607
1420,13.0,594.8604154586792,78620
1421,32.0,595.1023504734039,78652
1422,102.0,595.8719222545624,78754
1423,126.0,596.8227572441101,78880
1424,58.0,597.261798620224,78938
1425,106.0,598.0618097782135,79044
1426,200.0,599.5709247589111,79244
1427,82.0,600.1906611919403,79326
1428,90.0,600.8702480792999,79416
1429,166.0,602.1249771118164,79582
1430,40.0,602.4282050132751,79622
1431,93.0,603.1308507919312,79715
1432,54.0,603.5389876365662,79769
1433,27.0,603.7443060874939,79796
1434,98.0,604.486888885498,79894
1435,45.0,604.827737569809,79939
1436,118.0,605.7204444408417,80057
1437,166.0,606.973673582077,80223
1438,83.0,607.6003725528717,80306
1439,100.0,608.3568787574768,80406
1440,67.0,608.863379240036,80473
1441,77.0,609.4455528259277,80550
1442,63.0,609.9218828678131,80613
1443,41.0,610.2321100234985,80654
1444,74.0,610.7921738624573,80728
1445,111.0,611.6321904659271,80839
1446,101.0,612.3947594165802,80940
1447,114.0,613.255273103714,81054
1448,38.0,613.5452120304108,81092
1449,123.0,614.4754467010498,81215
1450,56.0,614.8991827964783,81271
1451,53.0,615.3005526065826,81324
1452,18.0,615.4367904663086,81342
1453,112.0,616.2811589241028,81454
1454,156.0,617.458060503006,81610
1455,36.0,617.7305080890656,81646
1456,32.0,617.9721903800964,81678
1457,65.0,618.4629883766174,81743
1458,65.0,618.9544990062714,81808
1459,64.0,619.4376463890076,81872
1460,46.0,619.7851700782776,81918
1461,86.0,620.4346332550049,82004
1462,38.0,620.7239151000977,82042
1463,111.0,621.5645081996918,82153
1464,40.0,621.8672695159912,82193
1465,61.0,622.3276760578156,82254
1466,116.0,623.2064275741577,82370
1467,135.0,624.2270407676697,82505
1468,130.0,625.2083506584167,82635
1469,37.0,625.4883399009705,82672
1470,184.0,626.877551317215,82856
1471,24.0,627.0594053268433,82880
1472,77.0,627.6418108940125,82957
1473,37.0,627.9224245548248,82994
1474,89.0,628.5963785648346,83083
1475,107.0,629.4050316810608,83190
1476,100.0,630.1598167419434,83290
1477,49.0,630.5311014652252,83339
1478,85.0,631.1726546287537,83424
1479,115.0,632.0414106845856,83539
1480,32.0,632.2833371162415,83571
1481,86.0,632.9325180053711,83657
1482,28.0,633.1444532871246,83685
1483,198.0,634.6410677433014,83883
1484,105.0,635.4345262050629,83988
1485,98.0,636.1761646270752,84086
1486,38.0,636.4634852409363,84124
1487,103.0,637.2432169914246,84227
1488,35.0,637.5079972743988,84262
1489,131.0,638.4971628189087,84393
1490,113.0,639.3503489494324,84506
1491,194.0,640.8151118755341,84700
1492,13.0,640.9139173030853,84713
1493,104.0,641.6996192932129,84817
1494,73.0,642.2501318454742,84890
1495,41.0,642.5612986087799,84931
1496,64.0,643.0446360111237,84995
1497,105.0,643.838133096695,85100
1498,97.0,644.5710434913635,85197
1499,36.0,644.8436939716339,85233
1500,54.0,645.2518599033356,85287
1501,51.0,645.6358685493469,85338
1502,105.0,646.427482843399,85443
1503,78.0,647.019150018692,85521
1504,55.0,647.4349462985992,85576
1505,116.0,648.3136551380157,85692
1506,40.0,648.6168003082275,85732
1507,90.0,649.296811580658,85822
1508,181.0,650.6631460189819,86003
1509,21.0,650.8224930763245,86024
1510,20.0,650.9738419055939,86044
1511,53.0,651.3740198612213,86097
1512,59.0,651.8208935260773,86156
1513,50.0,652.198629617691,86206
1514,118.0,653.0905683040619,86324
1515,31.0,653.3247830867767,86355
1516,28.0,653.5366261005402,86383
1517,58.0,653.9749722480774,86441
1518,120.0,654.8819646835327,86561
1519,83.0,655.509491443634,86644
1520,102.0,656.2804074287415,86746
1521,16.0,656.4019079208374,86762
1522,133.0,657.4062075614929,86895
1523,134.0,658.4201579093933,87029
1524,177.0,659.757363319397,87206
1525,49.0,660.1290557384491,87255
1526,78.0,660.7188820838928,87333
1527,102.0,661.4895479679108,87435
1528,85.0,662.1340370178223,87520
1529,127.0,663.0939033031464,87647
1530,200.0,664.6070432662964,87847
1531,200.0,666.1165933609009,88047
1532,52.0,666.5108857154846,88099
1533,61.0,666.973751783371,88160
1534,123.0,667.9019649028778,88283
1535,72.0,668.4460361003876,88355
1536,116.0,669.3228464126587,88471
1537,200.0,670.8322546482086,88671
1538,52.0,671.2253444194794,88723
1539,27.0,671.4291341304779,88750
1540,34.0,671.6861906051636,88784
1541,128.0,672.6555256843567,88912
1542,54.0,673.0639424324036,88966
1543,121.0,673.9773781299591,89087
1544,178.0,675.3208038806915,89265
1545,38.0,675.6078786849976,89303
1546,81.0,676.2224404811859,89384
1547,158.0,677.4178159236908,89542
1548,104.0,678.2034327983856,89646
1549,60.0,678.6561179161072,89706
1550,68.0,679.1709115505219,89774
1551,176.0,680.4997892379761,89950
1552,92.0,681.1972334384918,90042
1553,34.0,681.4540958404541,90076
1554,118.0,682.3458342552185,90194
1555,40.0,682.6489336490631,90234
1556,71.0,683.1902492046356,90305
1557,55.0,683.6053946018219,90360
1558,45.0,683.9461860656738,90405
1559,123.0,684.874570608139,90528
1560,97.0,685.6080451011658,90625
1561,132.0,686.6045939922333,90757
1562,89.0,687.2796709537506,90846
1563,54.0,687.6879482269287,90900
1564,139.0,688.7386877536774,91039
1565,34.0,688.9953043460846,91073
1566,60.0,689.4493844509125,91133
1567,72.0,689.9934055805206,91205
1568,40.0,690.2965452671051,91245
1569,51.0,690.6825988292694,91296
1570,102.0,691.4511795043945,91398
1571,53.0,691.8523366451263,91451
1572,101.0,692.6169867515564,91552
1573,36.0,692.8896794319153,91588
1574,114.0,693.7494132518768,91702
1575,88.0,694.4157860279083,91790
1576,84.0,695.0499184131622,91874
1577,200.0,696.5621778964996,92074
1578,131.0,697.5503640174866,92205
1579,137.0,698.5856885910034,92342
1580,85.0,699.2279818058014,92427
1581,61.0,699.6882841587067,92488
1582,177.0,701.0256564617157,92665
1583,95.0,701.7437617778778,92760
1584,96.0,702.469336271286,92856
1585,58.0,702.907557964325,92914
1586,68.0,703.4208109378815,92982
1587,41.0,703.7310025691986,93023
1588,85.0,704.3739550113678,93108
1589,26.0,704.5708079338074,93134
1590,63.0,705.0474874973297,93197
1591,65.0,705.5394976139069,93262
1592,104.0,706.3249862194061,93366
1593,124.0,707.2609941959381,93490
1594,60.0,707.7146940231323,93550
1595,109.0,708.5373404026031,93659
1596,33.0,708.7883815765381,93692
1597,131.0,709.7776594161987,93823
1598,169.0,711.0530762672424,93992
1599,23.0,711.2273471355438,94015
1600,130.0,712.2084956169128,94145
1601,67.0,712.7148325443268,94212
1602,22.0,712.8812477588654,94234
1603,77.0,713.4636766910553,94311
1604,70.0,713.9921953678131,94381
1605,65.0,714.4828677177429,94446
1606,96.0,715.2074635028839,94542
1607,86.0,715.8566901683807,94628
1608,30.0,716.0834558010101,94658
1609,110.0,716.9135627746582,94768
1610,199.0,718.4171776771545,94967
1611,38.0,718.7046294212341,95005
1612,69.0,719.225893497467,95074
1613,21.0,719.3840634822845,95095
1614,148.0,720.5006351470947,95243
1615,141.0,721.5653779506683,95384
1616,177.0,722.9019267559052,95561
1617,115.0,723.7727069854736,95676
1618,28.0,723.9845616817474,95704
1619,76.0,724.5590896606445,95780
1620,20.0,724.7106761932373,95800
1621,78.0,725.3002145290375,95878
1622,200.0,726.8103959560394,96078
1623,91.0,727.4984753131866,96169
1624,21.0,727.6577088832855,96190
1625,21.0,727.816915512085,96211
1626,165.0,729.0627269744873,96376
1627,55.0,729.4781303405762,96431
1628,59.0,729.924373626709,96490
1629,63.0,730.4000377655029,96553
1630,57.0,730.8307795524597,96610
1631,81.0,731.4420738220215,96691
1632,152.0,732.5897018909454,96843
1633,98.0,733.331060886383,96941
1634,124.0,734.2678368091583,97065
1635,171.0,735.5596492290497,97236
1636,18.0,735.6962051391602,97254
1637,150.0,736.830064535141,97404
1638,29.0,737.0503585338593,97433
1639,65.0,737.5420589447021,97498
1640,85.0,738.1843893527985,97583
1641,74.0,738.7430372238159,97657
1642,100.0,739.4985361099243,97757
1643,79.0,740.0955677032471,97836
1644,53.0,740.4968154430389,97889
1645,43.0,740.8217642307281,97932
1646,89.0,741.4938943386078,98021
1647,107.0,742.3008916378021,98128
1648,125.0,743.2440190315247,98253
1649,36.0,743.5161652565002,98289
1650,71.0,744.0522978305817,98360
1651,32.0,744.2932391166687,98392
1652,88.0,744.9569818973541,98480
1653,159.0,746.1573231220245,98639
1654,200.0,747.6678874492645,98839
1655,65.0,748.1599013805389,98904
1656,36.0,748.4320220947266,98940
1657,165.0,749.6768019199371,99105
1658,187.0,751.0880515575409,99292
1659,66.0,751.5865304470062,99358
1660,200.0,753.093049287796,99558
1661,99.0,753.8386857509613,99657
1662,173.0,755.1443445682526,99830
1663,37.0,755.423766374588,99867
1664,44.0,755.7557091712952,99911
1665,65.0,756.2464458942413,99976
1666,61.0,756.7073333263397,100037
1667,88.0,757.3732211589813,100125
1668,160.0,758.5820362567902,100285
1669,122.0,759.5029664039612,100407
1670,92.0,760.196843624115,100499
1671,99.0,760.9440116882324,100598
1672,91.0,761.6322360038757,100689
1673,50.0,762.012218952179,100739
1674,126.0,762.9625749588013,100865
1675,122.0,763.8827295303345,100987
1676,79.0,764.4796373844147,101066
1677,195.0,765.9520199298859,101261
1678,85.0,766.595091342926,101346
1679,62.0,767.0647842884064,101408
1680,58.0,767.5035576820374,101466
1681,57.0,767.9347031116486,101523
1682,20.0,768.0864481925964,101543
1683,95.0,768.8048732280731,101638
1684,98.0,769.5457396507263,101736
1685,82.0,770.1647827625275,101818
1686,64.0,770.6483488082886,101882
1687,91.0,771.3340110778809,101973
1688,27.0,771.5388395786285,102000
1689,70.0,772.0671799182892,102070
1690,150.0,773.2026474475861,102220
1691,59.0,773.6477789878845,102279
1692,27.0,773.8525004386902,102306
1693,27.0,774.0567808151245,102333
1694,124.0,774.9933996200562,102457
1695,82.0,775.6149780750275,102539
1696,52.0,776.0084009170532,102591
1697,127.0,776.9679384231567,102718
1698,68.0,777.482500076294,102786
1699,126.0,778.4341790676117,102912
1700,39.0,778.72749376297,102951
1701,141.0,779.7930393218994,103092
1702,150.0,780.9253170490265,103242
1703,147.0,782.034873008728,103389
1704,86.0,782.6869077682495,103475
1705,29.0,782.9065005779266,103504
1706,86.0,783.5564293861389,103590
1707,103.0,784.3357090950012,103693
1708,65.0,784.8291718959808,103758
1709,106.0,785.6291997432709,103864
1710,33.0,785.8794159889221,103897
1711,53.0,786.2803254127502,103950
1712,107.0,787.087907075882,104057
1713,63.0,787.565274477005,104120
1714,86.0,788.2154185771942,104206
1715,166.0,789.4700875282288,104372
1716,53.0,789.8709168434143,104425
1717,33.0,790.1207814216614,104458
1718,148.0,791.238039970398,104606
1719,153.0,792.3937435150146,104759
1720,140.0,793.4527449607849,104899
1721,112.0,794.2994239330292,105011
1722,54.0,794.7074081897736,105065
1723,110.0,795.539174079895,105175
1724,87.0,796.1965301036835,105262
1725,79.0,796.7930300235748,105341
1726,95.0,797.5111789703369,105436
1727,31.0,797.7464418411255,105467
1728,33.0,797.9960889816284,105500
1729,65.0,798.4869565963745,105565
1730,66.0,798.9848384857178,105631
1731,44.0,799.3171920776367,105675
1732,136.0,800.3433976173401,105811
1733,24.0,800.5250170230865,105835
1734,138.0,801.5671880245209,105973
1735,44.0,801.9000780582428,106017
1736,96.0,802.6253843307495,106113
1737,54.0,803.0337150096893,106167
1738,42.0,803.3518040180206,106209
1739,45.0,803.6920609474182,106254
1740,59.0,804.1380431652069,106313
1741,111.0,804.975136756897,106424
1742,157.0,806.1589806079865,106581
1743,63.0,806.6350853443146,106644
1744,200.0,808.1480860710144,106844
1745,22.0,808.3145806789398,106866
1746,46.0,808.6618473529816,106912
1747,56.0,809.0849704742432,106968
1748,45.0,809.4245986938477,107013
1749,98.0,810.1638903617859,107111
1750,118.0,811.0547571182251,107229
1751,112.0,811.9002020359039,107341
1752,78.0,812.4899790287018,107419
1753,150.0,813.6234292984009,107569
1754,61.0,814.0857028961182,107630
1755,113.0,814.9392549991608,107743
1756,60.0,815.3931453227997,107803
1757,120.0,816.2995419502258,107923
1758,88.0,816.9651162624359,108011
1759,36.0,817.2389056682587,108047
1760,72.0,817.7833981513977,108119
1761,35.0,818.0468301773071,108154
1762,200.0,819.559184551239,108354
1763,96.0,820.2835929393768,108450
1764,37.0,820.5633583068848,108487
1765,60.0,821.0170724391937,108547
1766,95.0,821.7340633869171,108642
1767,48.0,822.0970711708069,108690
1768,90.0,822.7777180671692,108780
1769,137.0,823.813244342804,108917
1770,128.0,824.781334400177,109045
1771,51.0,825.1672394275665,109096
1772,48.0,825.5304026603699,109144
1773,36.0,825.8017463684082,109180
1774,109.0,826.6253066062927,109289
1775,36.0,826.8976955413818,109325
1776,125.0,827.8413362503052,109450
1777,71.0,828.3781430721283,109521
1778,99.0,829.1253430843353,109620
1779,57.0,829.5559792518616,109677
1780,49.0,829.9258804321289,109726
1781,55.0,830.3408706188202,109781
1782,123.0,831.2697875499725,109904
1783,36.0,831.542848110199,109940
1784,140.0,832.5986201763153,110080
1785,85.0,833.2401950359344,110165
1786,103.0,834.0168249607086,110268
1787,103.0,834.7947285175323,110371
1788,119.0,835.6945226192474,110490
1789,114.0,836.5540432929993,110604
1790,17.0,836.6830730438232,110621
1791,119.0,837.5804646015167,110740
1792,20.0,837.7320537567139,110760
1793,43.0,838.0572829246521,110803
1794,83.0,838.6849179267883,110886
1795,110.0,839.5147614479065,110996
1796,49.0,839.8851954936981,111045
1797,25.0,840.0745770931244,111070
1798,54.0,840.4826889038086,111124
1799,74.0,841.0418395996094,111198
1800,29.0,841.2611458301544,111227
1801,52.0,841.6547477245331,111279
1802,126.0,842.6082754135132,111405
1803,31.0,842.8426735401154,111436
1804,32.0,843.0843062400818,111468
1805,45.0,843.424572467804,111513
1806,99.0,844.1723737716675,111612
1807,130.0,845.1541421413422,111742
1808,92.0,845.8489022254944,111834
1809,145.0,846.9440553188324,111979
1810,126.0,847.8954336643219,112105
1811,72.0,848.4405088424683,112177
1812,122.0,849.36545753479,112299
1813,47.0,849.7221500873566,112346
1814,46.0,850.0698199272156,112392
1815,108.0,850.8854610919952,112500
1816,37.0,851.1645085811615,112537
1817,73.0,851.7158653736115,112610
1818,28.0,851.9279689788818,112638
1819,53.0,852.3285596370697,112691
1820,36.0,852.6008312702179,112727
1821,106.0,853.4030001163483,112833
1822,83.0,854.0306265354156,112916
1823,131.0,855.0189821720123,113047
1824,45.0,855.3589935302734,113092
1825,68.0,855.8747990131378,113160
1826,67.0,856.3803317546844,113227
1827,68.0,856.893444776535,113295
1828,108.0,857.7077553272247,113403
1829,126.0,858.6590466499329,113529
1830,80.0,859.2651183605194,113609
1831,125.0,860.2078104019165,113734
1832,127.0,861.1682453155518,113861
1833,44.0,861.502721786499,113905
1834,35.0,861.7681169509888,113940
1835,58.0,862.2073707580566,113998
1836,81.0,862.8190913200378,114079
1837,34.0,863.0763170719147,114113
1838,45.0,863.416910648346,114158
1839,64.0,863.9007785320282,114222
1840,34.0,864.1582581996918,114256
1841,30.0,864.3853356838226,114286
1842,71.0,864.9217286109924,114357
1843,50.0,865.3007504940033,114407
1844,113.0,866.1535081863403,114520
1845,48.0,866.5161349773407,114568
1846,79.0,867.1120941638947,114647
1847,42.0,867.4294216632843,114689
1848,70.0,867.9582045078278,114759
1849,29.0,868.1784245967865,114788
1850,97.0,868.9114255905151,114885
1851,33.0,869.1609241962433,114918
1852,86.0,869.8092994689941,115004
1853,175.0,871.1318254470825,115179
1854,106.0,871.9327759742737,115285
1855,72.0,872.4776213169098,115357
1856,200.0,873.990177154541,115557
1857,44.0,874.3227372169495,115601
1858,100.0,875.0796613693237,115701
1859,95.0,875.7963764667511,115796
1860,200.0,877.3076069355011,115996
1861,63.0,877.7852275371552,116059
1862,75.0,878.3517272472382,116134
1863,125.0,879.2964570522308,116259
1864,67.0,879.8022725582123,116326
1865,33.0,880.0524733066559,116359
1866,95.0,880.7718527317047,116454
1867,46.0,881.1199681758881,116500
1868,37.0,881.400120973587,116537
1869,91.0,882.0887775421143,116628
1870,58.0,882.5275013446808,116686
1871,78.0,883.1165931224823,116764
1872,43.0,883.4417068958282,116807
1873,140.0,884.497597694397,116947
1874,79.0,885.0945730209351,117026
1875,105.0,885.8838601112366,117131
1876,176.0,887.2150731086731,117307
1877,99.0,887.9619560241699,117406
1878,200.0,889.4711544513702,117606
1879,137.0,890.5038118362427,117743
1880,153.0,891.658130645752,117896
1881,50.0,892.0364727973938,117946
1882,75.0,892.6022207736969,118021
1883,120.0,893.5106110572815,118141
1884,56.0,893.9335186481476,118197
1885,31.0,894.1690084934235,118228
1886,36.0,894.4412848949432,118264
1887,58.0,894.8794949054718,118322
1888,124.0,895.8153476715088,118446
1889,122.0,896.7367882728577,118568
1890,142.0,897.8072373867035,118710
1891,56.0,898.2302575111389,118766
1892,31.0,898.4643156528473,118797
1893,38.0,898.7511081695557,118835
1894,69.0,899.2729291915894,118904
1895,17.0,899.4021716117859,118921
1896,45.0,899.7419421672821,118966
1897,46.0,900.089465379715,119012
1898,113.0,900.9425618648529,119125
1899,119.0,901.8392307758331,119244
1900,51.0,902.2245483398438,119295
1901,127.0,903.1832354068756,119422
1902,20.0,903.3342273235321,119442
1903,141.0,904.3969247341156,119583
1904,28.0,904.6083345413208,119611
1905,69.0,905.1300961971283,119680
1906,200.0,906.6403367519379,119880
1907,59.0,907.0864446163177,119939
1908,36.0,907.3587172031403,119975
1909,99.0,908.1060838699341,120074
1910,69.0,908.6272821426392,120143
1911,40.0,908.9293732643127,120183
1912,200.0,910.4399230480194,120383
1913,47.0,910.7944152355194,120430
1914,91.0,911.4830434322357,120521
1915,46.0,911.8304586410522,120567
1916,67.0,912.3366851806641,120634
1917,139.0,913.3879315853119,120773
1918,25.0,913.5770254135132,120798
1919,75.0,914.1434891223907,120873
1920,108.0,914.9591298103333,120981
1921,200.0,916.4693179130554,121181
1922,53.0,916.869996547699,121234
1923,62.0,917.3394997119904,121296
1924,50.0,917.7175076007843,121346
1925,199.0,919.2223041057587,121545
1926,98.0,919.9625632762909,121643
1927,200.0,921.4726724624634,121843
1928,15.0,921.5861239433289,121858
1929,188.0,923.0070238113403,122046
1930,135.0,924.0265171527863,122181
1931,77.0,924.6066768169403,122258
1932,54.0,925.0152456760406,122312
1933,98.0,925.7550880908966,122410
1934,195.0,927.225873708725,122605
1935,200.0,928.7363429069519,122805
1936,20.0,928.8884871006012,122825
1937,133.0,929.8922019004822,122958
1938,30.0,930.1191341876984,122988
1939,144.0,931.2071483135223,123132
1940,25.0,931.3959374427795,123157
1941,109.0,932.2190618515015,123266
1942,66.0,932.7174556255341,123332
1943,122.0,933.6384644508362,123454
1944,161.0,934.8538007736206,123615
1945,99.0,935.6016154289246,123714
1946,95.0,936.3181936740875,123809
1947,96.0,937.043149471283,123905
1948,32.0,937.2851810455322,123937
1949,129.0,938.2595210075378,124066
1950,46.0,938.607415676117,124112
1951,116.0,939.4829919338226,124228
1952,198.0,940.9753408432007,124426
1953,42.0,941.292546749115,124468
1954,65.0,941.7852442264557,124533
1955,71.0,942.321293592453,124604
1956,106.0,943.1217751502991,124710
1957,132.0,944.1182067394257,124842
1958,106.0,944.9182426929474,124948
1959,51.0,945.3047633171082,124999
1960,31.0,945.5393471717834,125030
1961,196.0,947.020501613617,125226
1962,63.0,947.4995329380035,125289
1963,73.0,948.050032377243,125362
1964,70.0,948.5793542861938,125432
1965,182.0,949.9515011310577,125614
1966,44.0,950.2845404148102,125658
1967,109.0,951.1067609786987,125767
1968,133.0,952.1105620861053,125900
1969,113.0,952.9639868736267,126013
1970,81.0,953.5768578052521,126094
1971,160.0,954.7872416973114,126254
1972,68.0,955.3018312454224,126322
1973,93.0,956.0047509670258,126415
1974,38.0,956.2928063869476,126453
1975,106.0,957.0940058231354,126559
1976,47.0,957.4490671157837,126606
1977,81.0,958.0609090328217,126687
1978,51.0,958.4472568035126,126738
1979,200.0,959.9560022354126,126938
1980,174.0,961.2706944942474,127112
1981,200.0,962.7809448242188,127312
1982,38.0,963.0688171386719,127350
1983,135.0,964.0883748531342,127485
1984,26.0,964.2853643894196,127511
1985,200.0,965.7954740524292,127711
1986,88.0,966.4602138996124,127799
1987,24.0,966.6424472332001,127823
1988,141.0,967.7081668376923,127964
1989,140.0,968.7671921253204,128104
1990,74.0,969.3263189792633,128178
1991,127.0,970.2857995033264,128305
1992,70.0,970.8152914047241,128375
1993,40.0,971.1182012557983,128415
1994,104.0,971.9043514728546,128519
1995,112.0,972.7504363059998,128631
1996,125.0,973.6963090896606,128756
1997,23.0,973.8701882362366,128779
1998,23.0,974.0444531440735,128802
1999,141.0,975.109169960022,128943
2000,200.0,976.6196856498718,129143
2001,137.0,977.655478477478,129280
2002,179.0,979.0070853233337,129459
2003,53.0,979.407826423645,129512
2004,32.0,979.6496942043304,129544
2005,147.0,980.7614188194275,129691
2006,28.0,980.9744031429291,129719
2007,41.0,981.2850675582886,129760
2008,73.0,981.8369421958923,129833
2009,200.0,983.3472015857697,130033
2010,90.0,984.0275001525879,130123
2011,102.0,984.7966973781586,130225
2012,124.0,985.7348906993866,130349
2013,112.0,986.5826106071472,130461
2014,36.0,986.8551323413849,130497
2015,29.0,987.0749702453613,130526
2016,70.0,987.6047420501709,130596
2017,69.0,988.127904176712,130665
2018,157.0,989.3133506774902,130822
2019,119.0,990.2130529880524,130941
2020,144.0,991.3007524013519,131085
2021,90.0,991.9802606105804,131175
2022,114.0,992.84037733078,131289
2023,41.0,993.1503920555115,131330
2024,31.0,993.3847997188568,131361
2025,140.0,994.4426987171173,131501
2026,200.0,995.9548914432526,131701
2027,40.0,996.2578432559967,131741
2028,87.0,996.915590763092,131828
2029,67.0,997.4221034049988,131895
2030,36.0,997.6942496299744,131931
2031,94.0,998.406539440155,132025
2032,77.0,998.9892508983612,132102
2033,34.0,999.2483568191528,132136
2034,110.0,1000.0797686576843,132246
2035,41.0,1000.3899323940277,132287
2036,68.0,1000.9056391716003,132355
2037,64.0,1001.3898122310638,132419
2038,50.0,1001.7675349712372,132469
2039,146.0,1002.8702516555786,132615
2040,60.0,1003.3259944915771,132675
2041,86.0,1003.9763314723969,132761
2042,38.0,1004.2636260986328,132799
2043,146.0,1005.366879940033,132945
2044,63.0,1005.8428020477295,133008
2045,62.0,1006.3113603591919,133070
2046,104.0,1007.0993661880493,133174
2047,102.0,1007.8701255321503,133276
2048,57.0,1008.3013145923615,133333
2049,153.0,1009.4575672149658,133486
2050,57.0,1009.8873856067657,133543
2051,47.0,1010.2419836521149,133590
2052,91.0,1010.929211139679,133681
2053,151.0,1012.0710024833679,133832
2054,55.0,1012.4869201183319,133887
2055,63.0,1012.9632563591003,133950
2056,47.0,1013.3189716339111,133997
2057,121.0,1014.2321877479553,134118
2058,56.0,1014.655868768692,134174
2059,56.0,1015.0785112380981,134230
2060,93.0,1015.7811396121979,134323
2061,117.0,1016.6644504070282,134440
2062,107.0,1017.4734029769897,134547
2063,140.0,1018.5305061340332,134687
2064,52.0,1018.9235637187958,134739
2065,88.0,1019.5865526199341,134827
2066,124.0,1020.5223078727722,134951
2067,109.0,1021.3438086509705,135060
2068,67.0,1021.849193572998,135127
2069,116.0,1022.7250986099243,135243
2070,49.0,1023.0954694747925,135292
2071,149.0,1024.2200367450714,135441
2072,49.0,1024.5907707214355,135490
2073,87.0,1025.2490077018738,135577
2074,102.0,1026.0202379226685,135679
2075,147.0,1027.129872560501,135826
2076,63.0,1027.6063840389252,135889
2077,112.0,1028.452390909195,136001
2078,78.0,1029.0418350696564,136079
2079,110.0,1029.8735399246216,136189
2080,139.0,1030.9240055084229,136328
2081,35.0,1031.1891555786133,136363
2082,30.0,1031.41601228714,136393
2083,112.0,1032.2663660049438,136505
2084,189.0,1033.6934266090393,136694
2085,104.0,1034.4801354408264,136798
2086,94.0,1035.1914019584656,136892
2087,20.0,1035.34285902977,136912
2088,200.0,1036.8538773059845,137112
2089,61.0,1037.314059495926,137173
2090,61.0,1037.7747840881348,137234
2091,35.0,1038.0389902591705,137269
2092,200.0,1039.5514254570007,137469
2093,84.0,1040.186087846756,137553
2094,103.0,1040.965115070343,137656
2095,159.0,1042.1667351722717,137815
2096,66.0,1042.6650097370148,137881
2097,52.0,1043.0580170154572,137933
2098,122.0,1043.9809160232544,138055
2099,40.0,1044.283519268036,138095
2100,57.0,1044.714144229889,138152
2101,180.0,1046.0751128196716,138332
2102,192.0,1047.5233008861542,138524
2103,46.0,1047.8713784217834,138570
2104,62.0,1048.3400812149048,138632
2105,66.0,1048.8384988307953,138698
2106,159.0,1050.037443637848,138857
2107,81.0,1050.649198770523,138938
2108,76.0,1051.223390340805,139014
2109,122.0,1052.1453530788422,139136
2110,57.0,1052.575171470642,139193
2111,21.0,1052.7337682247162,139214
2112,175.0,1054.0556135177612,139389
2113,98.0,1054.797175168991,139487
2114,200.0,1056.3094630241394,139687
2115,90.0,1056.9900047779083,139777
2116,190.0,1058.426108121872,139967
2117,100.0,1059.1813580989838,140067
2118,101.0,1059.9438228607178,140168
2119,154.0,1061.1079108715057,140322
2120,86.0,1061.7579107284546,140408
2121,88.0,1062.4222979545593,140496
2122,37.0,1062.7023799419403,140533
2123,51.0,1063.0882065296173,140584
2124,88.0,1063.7539973258972,140672
2125,200.0,1065.2653501033783,140872
2126,34.0,1065.5224635601044,140906
2127,54.0,1065.9319245815277,140960
2128,112.0,1066.7768137454987,141072
2129,19.0,1066.92054271698,141091
2130,195.0,1068.3919286727905,141286
2131,161.0,1069.6066105365753,141447
2132,67.0,1070.1124691963196,141514
2133,119.0,1071.0109858512878,141633
2134,94.0,1071.7203543186188,141727
2135,74.0,1072.278826713562,141801
2136,88.0,1072.943293094635,141889
2137,141.0,1074.0093550682068,142030
2138,144.0,1075.0983591079712,142174
2139,62.0,1075.567300081253,142236
2140,173.0,1076.874657869339,142409
2141,127.0,1077.8333792686462,142536
2142,41.0,1078.1433489322662,142577
2143,116.0,1079.020060300827,142693
2144,91.0,1079.7066359519958,142784
2145,165.0,1080.9531338214874,142949
2146,120.0,1081.858999490738,143069
2147,200.0,1083.3694195747375,143269
2148,61.0,1083.8300161361694,143330
2149,112.0,1084.676015138626,143442
2150,43.0,1085.001879453659,143485
2151,31.0,1085.2362174987793,143516
2152,106.0,1086.0347793102264,143622
2153,60.0,1086.488585948944,143682
2154,73.0,1087.0424218177795,143755
2155,47.0,1087.3972969055176,143802
2156,197.0,1088.884189605713,143999
2157,86.0,1089.5341544151306,144085
2158,82.0,1090.1541104316711,144167
2159,62.0,1090.619636774063,144229
2160,43.0,1090.9439322948456,144272
2161,114.0,1091.804574728012,144386
2162,92.0,1092.5000445842743,144478
2163,117.0,1093.3853471279144,144595
2164,38.0,1093.6726508140564,144633
2165,167.0,1094.9320962429047,144800
2166,128.0,1095.8984048366547,144928
2167,88.0,1096.5636129379272,145016
2168,147.0,1097.6737387180328,145163
2169,133.0,1098.6772437095642,145296
2170,49.0,1099.0476336479187,145345
2171,98.0,1099.7902431488037,145443
2172,119.0,1100.688819885254,145562
2173,37.0,1100.9685299396515,145599
2174,61.0,1101.42977643013,145660
2175,126.0,1102.381070613861,145786
2176,109.0,1103.2031364440918,145895
2177,121.0,1104.1167314052582,146016
2178,82.0,1104.735153913498,146098
2179,151.0,1105.8741431236267,146249
2180,98.0,1106.614197731018,146347
2181,36.0,1106.8875057697296,146383
2182,30.0,1107.1143753528595,146413
2183,32.0,1107.3561940193176,146445
2184,124.0,1108.2925612926483,146569
2185,116.0,1109.1685795783997,146685
2186,73.0,1109.7202847003937,146758
2187,63.0,1110.1965997219086,146821
2188,79.0,1110.7940294742584,146900
2189,143.0,1111.8733897209167,147043
2190,136.0,1112.9035801887512,147179
2191,74.0,1113.4628856182098,147253
2192,129.0,1114.439492225647,147382
2193,64.0,1114.9233658313751,147446
2194,130.0,1115.9047706127167,147576
2195,82.0,1116.5244946479797,147658
2196,63.0,1117.0008735656738,147721
2197,105.0,1117.7941641807556,147826
2198,104.0,1118.582596063614,147930
2199,36.0,1118.8552060127258,147966
2200,105.0,1119.6499109268188,148071
2201,130.0,1120.6309328079224,148201
2202,94.0,1121.3394317626953,148295
2203,25.0,1121.5283286571503,148320
2204,98.0,1122.2696425914764,148418
2205,54.0,1122.6773884296417,148472
2206,35.0,1122.9423410892487,148507
2207,86.0,1123.5923776626587,148593
2208,30.0,1123.8194534778595,148623
2209,48.0,1124.181792497635,148671
2210,193.0,1125.6413249969482,148864
2211,125.0,1126.5858714580536,148989
2212,200.0,1128.096715927124,149189
2213,98.0,1128.8374707698822,149287
2214,123.0,1129.7671291828156,149410
2215,57.0,1130.1975009441376,149467
2216,112.0,1131.0429108142853,149579
2217,26.0,1131.2398743629456,149605
2218,32.0,1131.482049703598,149637
2219,30.0,1131.7090377807617,149667
2220,129.0,1132.684160709381,149796
2221,86.0,1133.3344044685364,149882
2222,145.0,1134.4283151626587,150027
2223,107.0,1135.2362821102142,150134
2224,29.0,1135.4555253982544,150163
2225,145.0,1136.550850868225,150308
2226,85.0,1137.193856716156,150393
2227,26.0,1137.3904235363007,150419
2228,52.0,1137.7829501628876,150471
2229,93.0,1138.4853744506836,150564
2230,50.0,1138.8630487918854,150614
2231,122.0,1139.7837028503418,150736
2232,30.0,1140.010917186737,150766
2233,76.0,1140.5852556228638,150842
2234,16.0,1140.7070462703705,150858
2235,36.0,1140.979766368866,150894
2236,158.0,1142.1729950904846,151052
2237,128.0,1143.1400244235992,151180
2238,57.0,1143.5705711841583,151237
2239,200.0,1145.0807914733887,151437
2240,55.0,1145.496505022049,151492
2241,36.0,1145.768642425537,151528
2242,140.0,1146.8250968456268,151668
2243,47.0,1147.1809046268463,151715
2244,113.0,1148.0339913368225,151828
2245,147.0,1149.1431245803833,151975
2246,65.0,1149.634523153305,152040
2247,146.0,1150.7369709014893,152186
2248,200.0,1152.2491161823273,152386
2249,108.0,1153.064947605133,152494
2250,68.0,1153.5788946151733,152562
2251,107.0,1154.3872435092926,152669
2252,86.0,1155.0363986492157,152755
2253,77.0,1155.6190609931946,152832
2254,164.0,1156.8560049533844,152996
2255,65.0,1157.347604751587,153061
2256,37.0,1157.6273839473724,153098
2257,104.0,1158.4135434627533,153202
2258,133.0,1159.4202344417572,153335
2259,109.0,1160.2425649166107,153444
2260,49.0,1160.6124608516693,153493
2261,183.0,1161.9935624599457,153676
2262,197.0,1163.4819514751434,153873
2263,72.0,1164.0254201889038,153945
2264,159.0,1165.2294981479645,154104
2265,86.0,1165.8779246807098,154190
2266,200.0,1167.388202905655,154390
2267,183.0,1168.7684183120728,154573
2268,51.0,1169.1541078090668,154624
2269,103.0,1169.9325103759766,154727
2270,60.0,1170.386278629303,154787
2271,49.0,1170.756795167923,154836
2272,86.0,1171.4071238040924,154922
2273,69.0,1171.9285626411438,154991
2274,106.0,1172.7317492961884,155097
2275,37.0,1173.0114586353302,155134
2276,113.0,1173.8647599220276,155247
2277,55.0,1174.280217885971,155302
2278,25.0,1174.4694125652313,155327
2279,93.0,1175.1730871200562,155420
2280,168.0,1176.4398720264435,155588
2281,131.0,1177.429149389267,155719
2282,139.0,1178.4789128303528,155858
2283,97.0,1179.2115080356598,155955
2284,64.0,1179.6948657035828,156019
2285,109.0,1180.518061876297,156128
2286,118.0,1181.408876657486,156246
2287,106.0,1182.2100460529327,156352
2288,24.0,1182.39151096344,156376
2289,153.0,1183.5483281612396,156529
2290,78.0,1184.1380836963654,156607
2291,124.0,1185.075122833252,156731
2292,124.0,1186.0108268260956,156855
2293,40.0,1186.3130989074707,156895
2294,71.0,1186.8488643169403,156966
2295,66.0,1187.3487186431885,157032
2296,72.0,1187.8921077251434,157104
2297,60.0,1188.3457291126251,157164
2298,107.0,1189.1548297405243,157271
2299,200.0,1190.6651811599731,157471
2300,68.0,1191.178686618805,157539
2301,91.0,1191.8664877414703,157630
2302,84.0,1192.501591682434,157714
2303,94.0,1193.211192369461,157808
2304,90.0,1193.8902790546417,157898
2305,154.0,1195.0531823635101,158052
2306,51.0,1195.4387052059174,158103
2307,39.0,1195.7336542606354,158142
2308,64.0,1196.2182281017303,158206
2309,75.0,1196.7851133346558,158281
2310,57.0,1197.2157468795776,158338
2311,82.0,1197.8359289169312,158420
2312,170.0,1199.1202874183655,158590
2313,58.0,1199.5585927963257,158648
2314,118.0,1200.450255393982,158766
2315,97.0,1201.1839728355408,158863
2316,59.0,1201.6302342414856,158922
2317,103.0,1202.409048318863,159025
2318,137.0,1203.4447920322418,159162
2319,52.0,1203.8388440608978,159214
2320,105.0,1204.6343777179718,159319
2321,54.0,1205.0431969165802,159373
2322,96.0,1205.768098115921,159469
2323,42.0,1206.0856983661652,159511
2324,111.0,1206.9243006706238,159622
2325,38.0,1207.2118830680847,159660
2326,59.0,1207.657556295395,159719
2327,110.0,1208.4884555339813,159829
2328,74.0,1209.0475873947144,159903
2329,80.0,1209.6523954868317,159983
2330,200.0,1211.1635732650757,160183
2331,72.0,1211.7073295116425,160255
2332,57.0,1212.1384625434875,160312
2333,87.0,1212.7963166236877,160399
2334,67.0,1213.3037168979645,160466
2335,157.0,1214.4931244850159,160623
2336,34.0,1214.7514686584473,160657
2337,116.0,1215.6277401447296,160773
2338,47.0,1215.9829547405243,160820
2339,71.0,1216.5192713737488,160891
2340,115.0,1217.3874135017395,161006
2341,72.0,1217.931505203247,161078
2342,147.0,1219.044162273407,161225
2343,195.0,1220.5177056789398,161420
2344,112.0,1221.364030122757,161532
2345,200.0,1222.8749191761017,161732
2346,55.0,1223.2923045158386,161787
2347,53.0,1223.6929614543915,161840
2348,98.0,1224.4334094524384,161938
2349,55.0,1224.8488676548004,161993
2350,34.0,1225.106514930725,162027
2351,136.0,1226.1342723369598,162163
2352,89.0,1226.8071658611298,162252
2353,56.0,1227.2297456264496,162308
2354,100.0,1227.985384941101,162408
2355,37.0,1228.26580119133,162445
2356,36.0,1228.5397441387177,162481
2357,109.0,1229.3640351295471,162590
2358,32.0,1229.6063816547394,162622
2359,78.0,1230.194543838501,162700
2360,133.0,1231.2009048461914,162833
2361,148.0,1232.3201093673706,162981
2362,53.0,1232.7204568386078,163034
2363,145.0,1233.818365573883,163179
2364,48.0,1234.181613445282,163227
2365,45.0,1234.5213475227356,163272
2366,53.0,1234.9214670658112,163325
2367,28.0,1235.13419175148,163353
2368,29.0,1235.354104757309,163382
2369,23.0,1235.5284750461578,163405
2370,108.0,1236.345047712326,163513
2371,83.0,1236.972041606903,163596
2372,123.0,1237.900152683258,163719
2373,50.0,1238.278348684311,163769
2374,112.0,1239.1229619979858,163881
2375,94.0,1239.8334641456604,163975
2376,87.0,1240.491061925888,164062
2377,105.0,1241.282273054123,164167
2378,94.0,1241.9914813041687,164261
2379,88.0,1242.655877828598,164349
2380,76.0,1243.2288451194763,164425
2381,75.0,1243.7962446212769,164500
2382,20.0,1243.9465129375458,164520
2383,200.0,1245.456425666809,164720
2384,53.0,1245.8578844070435,164773
2385,88.0,1246.5224487781525,164861
2386,81.0,1247.134733915329,164942
2387,75.0,1247.7007992267609,165017
2388,107.0,1248.5104293823242,165124
2389,152.0,1249.6578464508057,165276
2390,72.0,1250.201316833496,165348
2391,41.0,1250.511402130127,165389
2392,135.0,1251.5321118831635,165524
2393,81.0,1252.1442108154297,165605
2394,130.0,1253.1286873817444,165735
2395,50.0,1253.5062866210938,165785
2396,46.0,1253.854812860489,165831
2397,57.0,1254.286346912384,165888
2398,88.0,1254.9517319202423,165976
2399,52.0,1255.344853401184,166028
2400,59.0,1255.7900478839874,166087
2401,109.0,1256.6131255626678,166196
2402,103.0,1257.3906981945038,166299
2403,91.0,1258.0772049427032,166390
2404,49.0,1258.447479724884,166439
2405,88.0,1259.1126735210419,166527
2406,68.0,1259.6254222393036,166595
2407,59.0,1260.0713050365448,166654
2408,65.0,1260.5629906654358,166719
2409,69.0,1261.084258556366,166788
2410,200.0,1262.5959105491638,166988
2411,144.0,1263.6838297843933,167132
2412,166.0,1264.937388420105,167298
2413,136.0,1265.9644346237183,167434
2414,99.0,1266.7129356861115,167533
2415,65.0,1267.203602552414,167598
2416,89.0,1267.8748662471771,167687
2417,64.0,1268.358698606491,167751
2418,37.0,1268.640790462494,167788
2419,39.0,1268.9354856014252,167827
2420,53.0,1269.3355000019073,167880
2421,29.0,1269.5547482967377,167909
2422,89.0,1270.2270419597626,167998
2423,152.0,1271.3742353916168,168150
2424,55.0,1271.789800643921,168205
2425,66.0,1272.2881078720093,168271
2426,42.0,1272.605426311493,168313
2427,124.0,1273.5422575473785,168437
2428,119.0,1274.4412322044373,168556
2429,64.0,1274.9238352775574,168620
2430,98.0,1275.6628775596619,168718
2431,67.0,1276.1694798469543,168785
2432,112.0,1277.0154976844788,168897
2433,115.0,1277.8826847076416,169012
2434,59.0,1278.3284249305725,169071
2435,69.0,1278.8494472503662,169140
2436,99.0,1279.5981435775757,169239
2437,62.0,1280.066424369812,169301
2438,70.0,1280.5944986343384,169371
2439,119.0,1281.4915454387665,169490
2440,73.0,1282.0428731441498,169563
2441,110.0,1282.8743824958801,169673
2442,190.0,1284.3063189983368,169863
2443,33.0,1284.5554234981537,169896
2444,144.0,1285.6442019939423,170040
2445,116.0,1286.5191552639008,170156
2446,58.0,1286.956716299057,170214
2447,78.0,1287.5458588600159,170292
2448,104.0,1288.3303844928741,170396
2449,61.0,1288.7908174991608,170457
2450,50.0,1289.1688768863678,170507
2451,62.0,1289.636649608612,170569
2452,92.0,1290.331346988678,170661
2453,81.0,1290.9422898292542,170742
2454,39.0,1291.2369430065155,170781
2455,78.0,1291.8254520893097,170859
2456,115.0,1292.6943504810333,170974
2457,50.0,1293.0724716186523,171024
2458,90.0,1293.752058506012,171114
2459,37.0,1294.0320982933044,171151
2460,87.0,1294.6895871162415,171238
2461,200.0,1296.1965501308441,171438
2462,25.0,1296.3854086399078,171463
2463,12.0,1296.4764487743378,171475
2464,89.0,1297.1499032974243,171564
2465,142.0,1298.221176624298,171706
2466,104.0,1299.005354642868,171810
2467,46.0,1299.35276222229,171856
2468,64.0,1299.8358447551727,171920
2469,133.0,1300.8411898612976,172053
2470,88.0,1301.505936384201,172141
2471,91.0,1302.1935122013092,172232
2472,58.0,1302.6317808628082,172290
2473,108.0,1303.4463901519775,172398
2474,112.0,1304.2930102348328,172510
2475,39.0,1304.588003396988,172549
2476,53.0,1304.98832321167,172602
2477,36.0,1305.2607858181,172638
2478,165.0,1306.5071697235107,172803
2479,126.0,1307.4578938484192,172929
2480,64.0,1307.9413692951202,172993
2481,140.0,1308.999106645584,173133
2482,124.0,1309.9355659484863,173257
2483,56.0,1310.3587822914124,173313
2484,70.0,1310.8875408172607,173383
2485,104.0,1311.673271894455,173487
2486,200.0,1313.1857295036316,173687
2487,85.0,1313.8300104141235,173772
2488,59.0,1314.276573896408,173831
2489,103.0,1315.0545389652252,173934
2490,50.0,1315.4327766895294,173984
2491,133.0,1316.4381313323975,174117
2492,89.0,1317.110228061676,174206
2493,80.0,1317.7143652439117,174286
2494,167.0,1318.9764337539673,174453
2495,191.0,1320.4188151359558,174644
2496,101.0,1321.1828353404999,174745
2497,55.0,1321.6008050441742,174800
2498,50.0,1321.978359222412,174850
2499,95.0,1322.6956493854523,174945
2500,124.0,1323.6322033405304,175069
2501,200.0,1325.1439681053162,175269
2502,132.0,1326.1416931152344,175401
2503,83.0,1326.7679843902588,175484
2504,49.0,1327.1383121013641,175533
2505,50.0,1327.5154452323914,175583
2506,111.0,1328.353558063507,175694
2507,116.0,1329.2286558151245,175810
2508,45.0,1329.5689368247986,175855
2509,114.0,1330.4298136234283,175969
2510,118.0,1331.3226509094238,176087
2511,69.0,1331.8437433242798,176156
2512,93.0,1332.5460178852081,176249
2513,92.0,1333.2424654960632,176341
2514,33.0,1333.4922041893005,176374
2515,43.0,1333.8170368671417,176417
2516,21.0,1333.9757297039032,176438
2517,73.0,1334.5271213054657,176511
2518,58.0,1334.9651970863342,176569
2519,43.0,1335.2898693084717,176612
2520,200.0,1336.8004529476166,176812
2521,97.0,1337.53187417984,176909
2522,65.0,1338.022796869278,176974
2523,150.0,1339.1555516719818,177124
2524,67.0,1339.6611769199371,177191
2525,200.0,1341.1723482608795,177391
2526,78.0,1341.7614557743073,177469
2527,55.0,1342.1769449710846,177524
2528,127.0,1343.1353778839111,177651
2529,68.0,1343.6497275829315,177719
2530,43.0,1343.9749655723572,177762
2531,59.0,1344.4203848838806,177821
2532,66.0,1344.9191918373108,177887
2533,126.0,1345.8709161281586,178013
2534,45.0,1346.2109019756317,178058
2535,94.0,1346.9247002601624,178152
2536,43.0,1347.2497773170471,178195
2537,41.0,1347.5593786239624,178236
2538,121.0,1348.4737944602966,178357
2539,130.0,1349.454929113388,178487
2540,39.0,1349.7497344017029,178526
2541,63.0,1350.2262375354767,178589
2542,135.0,1351.2460873126984,178724
2543,26.0,1351.4431052207947,178750
2544,107.0,1352.2505676746368,178857
2545,50.0,1352.6282806396484,178907
2546,43.0,1352.9532055854797,178950
2547,84.0,1353.58953332901,179034
2548,54.0,1353.9978251457214,179088
2549,145.0,1355.0931499004364,179233
2550,111.0,1355.9335811138153,179344
2551,57.0,1356.3651354312897,179401
2552,104.0,1357.1516094207764,179505
2553,68.0,1357.665806055069,179573
2554,65.0,1358.1564660072327,179638
2555,21.0,1358.3151092529297,179659
2556,37.0,1358.5948233604431,179696
2557,65.0,1359.0864670276642,179761
2558,109.0,1359.909375667572,179870
2559,120.0,1360.8141078948975,179990
2560,108.0,1361.6297783851624,180098
2561,102.0,1362.4007258415222,180200
2562,151.0,1363.5431554317474,180351
2563,178.0,1364.8869380950928,180529
2564,111.0,1365.725111246109,180640
2565,49.0,1366.0958306789398,180689
2566,122.0,1367.0173642635345,180811
2567,24.0,1367.198896408081,180835
2568,163.0,1368.4298655986786,180998
2569,110.0,1369.260858297348,181108
2570,59.0,1369.7073204517365,181167
2571,32.0,1369.9494338035583,181199
2572,32.0,1370.1918079853058,181231
2573,128.0,1371.1577117443085,181359
2574,34.0,1371.4144022464752,181393
2575,38.0,1371.7016327381134,181431
2576,163.0,1372.9312193393707,181594
2577,82.0,1373.5503015518188,181676
2578,53.0,1373.9504902362823,181729
2579,51.0,1374.335749387741,181780
2580,60.0,1374.7877037525177,181840
2581,42.0,1375.105040550232,181882
2582,96.0,1375.829472541809,181978
2583,51.0,1376.2150733470917,182029
2584,102.0,1376.984878063202,182131
2585,95.0,1377.7029659748077,182226
2586,98.0,1378.442589044571,182324
2587,128.0,1379.408791065216,182452
2588,51.0,1379.7940924167633,182503
2589,91.0,1380.4814887046814,182594
2590,96.0,1381.2065427303314,182690
2591,113.0,1382.0593829154968,182803
2592,76.0,1382.6337032318115,182879
2593,66.0,1383.1319015026093,182945
2594,107.0,1383.9420328140259,183052
2595,77.0,1384.5261762142181,183129
2596,124.0,1385.4636268615723,183253
2597,179.0,1386.8151140213013,183432
2598,69.0,1387.3371810913086,183501
2599,39.0,1387.6321382522583,183540
2600,138.0,1388.6754579544067,183678
2601,98.0,1389.4158346652985,183776
2602,90.0,1390.0945506095886,183866
2603,38.0,1390.3818969726562,183904
2604,20.0,1390.532232761383,183924
2605,101.0,1391.295735836029,184025
2606,28.0,1391.5075898170471,184053
2607,27.0,1391.712247133255,184080
2608,20.0,1391.864077091217,184100
2609,93.0,1392.565758228302,184193
2610,147.0,1393.6759762763977,184340
2611,54.0,1394.0850429534912,184394
2612,62.0,1394.5558133125305,184456
2613,113.0,1395.4094433784485,184569
2614,107.0,1396.2184269428253,184676
2615,200.0,1397.7273812294006,184876
2616,35.0,1397.9923622608185,184911
2617,127.0,1398.9529647827148,185038
2618,56.0,1399.3762905597687,185094
2619,177.0,1400.7117187976837,185271
2620,102.0,1401.4841315746307,185373
2621,124.0,1402.4216017723083,185497
2622,60.0,1402.8744423389435,185557
2623,132.0,1403.8713433742523,185689
2624,156.0,1405.04944729805,185845
2625,74.0,1405.6075167655945,185919
2626,50.0,1405.985468864441,185969
2627,83.0,1406.612315416336,186052
2628,43.0,1406.9378712177277,186095
2629,32.0,1407.1807765960693,186127
2630,44.0,1407.5131595134735,186171
2631,89.0,1408.185819387436,186260
2632,28.0,1408.398116350174,186288
2633,106.0,1409.1971571445465,186394
2634,87.0,1409.8556792736053,186481
2635,84.0,1410.489970445633,186565
2636,91.0,1411.1785855293274,186656
2637,59.0,1411.6259834766388,186715
2638,136.0,1412.6528153419495,186851
2639,127.0,1413.612713098526,186978
2640,34.0,1413.8695809841156,187012
2641,47.0,1414.225294828415,187059
2642,173.0,1415.5320670604706,187232
2643,78.0,1416.1208281517029,187310
2644,107.0,1416.9272775650024,187417
2645,104.0,1417.7112255096436,187521
2646,99.0,1418.4588165283203,187620
2647,62.0,1418.9273209571838,187682
2648,85.0,1419.5698432922363,187767
2649,75.0,1420.1368131637573,187842
2650,99.0,1420.8844611644745,187941
2651,143.0,1421.9659085273743,188084
2652,149.0,1423.0907928943634,188233
2653,152.0,1424.2417109012604,188385
2654,35.0,1424.5068299770355,188420
2655,32.0,1424.7487936019897,188452
2656,55.0,1425.1657221317291,188507
2657,80.0,1425.769825220108,188587
2658,65.0,1426.2609660625458,188652
2659,54.0,1426.6688587665558,188706
2660,40.0,1426.9721529483795,188746
2661,72.0,1427.5155067443848,188818
2662,47.0,1427.870403289795,188865
2663,107.0,1428.678284406662,188972
2664,95.0,1429.395919561386,189067
2665,80.0,1430.0003576278687,189147
2666,53.0,1430.4007172584534,189200
2667,91.0,1431.0881452560425,189291
2668,86.0,1431.7376563549042,189377
2669,49.0,1432.1090111732483,189426
2670,93.0,1432.8115589618683,189519
2671,117.0,1433.6958000659943,189636
2672,116.0,1434.5743730068207,189752
2673,114.0,1435.437071800232,189866
2674,157.0,1436.622058391571,190023
2675,46.0,1436.9702627658844,190069
2676,65.0,1437.4613959789276,190134
2677,77.0,1438.042641401291,190211
2678,123.0,1438.9708864688873,190334
2679,157.0,1440.1572811603546,190491
2680,123.0,1441.085726737976,190614
2681,173.0,1442.3920013904572,190787
2682,178.0,1443.7357075214386,190965
2683,148.0,1444.8543374538422,191113
2684,102.0,1445.6259796619415,191215
2685,108.0,1446.4423348903656,191323
2686,112.0,1447.2877390384674,191435
2687,70.0,1447.8164653778076,191505
2688,63.0,1448.2930579185486,191568
2689,90.0,1448.9731953144073,191658
2690,111.0,1449.8113906383514,191769
2691,63.0,1450.287680864334,191832
2692,24.0,1450.4697692394257,191856
2693,166.0,1451.7247850894928,192022
2694,89.0,1452.399514913559,192111
2695,60.0,1452.8531169891357,192171
2696,200.0,1454.3629276752472,192371
2697,113.0,1455.2153642177582,192484
2698,155.0,1456.386395931244,192639
2699,108.0,1457.2026388645172,192747
2700,73.0,1457.7540163993835,192820
2701,135.0,1458.7729263305664,192955
2702,109.0,1459.5957822799683,193064
2703,72.0,1460.1398940086365,193136
2704,86.0,1460.7896735668182,193222
2705,29.0,1461.0091390609741,193251
2706,37.0,1461.2887449264526,193288
2707,83.0,1461.9152545928955,193371
2708,147.0,1463.025637626648,193518
2709,118.0,1463.916743516922,193636
2710,144.0,1465.00749874115,193780
2711,139.0,1466.055927991867,193919
2712,36.0,1466.3290634155273,193955
2713,44.0,1466.6625316143036,193999
2714,127.0,1467.6218314170837,194126
2715,68.0,1468.1357729434967,194194
2716,143.0,1469.2141389846802,194337
2717,41.0,1469.5237083435059,194378
2718,115.0,1470.394474029541,194493
2719,78.0,1470.982780456543,194571
2720,37.0,1471.2629742622375,194608
2721,48.0,1471.6250455379486,194656
2722,138.0,1472.6661961078644,194794
2723,79.0,1473.263150215149,194873
2724,73.0,1473.8140823841095,194946
2725,86.0,1474.4671533107758,195032
2726,63.0,1474.94353890419,195095
2727,53.0,1475.3437805175781,195148
2728,42.0,1475.6620571613312,195190
2729,69.0,1476.183681488037,195259
2730,95.0,1476.9008469581604,195354
2731,69.0,1477.4212567806244,195423
2732,126.0,1478.3730442523956,195549
2733,44.0,1478.705225944519,195593
2734,150.0,1479.8366267681122,195743
2735,48.0,1480.1994366645813,195791
2736,118.0,1481.0919120311737,195909
2737,83.0,1481.7187321186066,195992
2738,141.0,1482.783529996872,196133
2739,57.0,1483.2140626907349,196190
2740,96.0,1483.9387693405151,196286
2741,139.0,1484.9885017871857,196425
2742,119.0,1485.889564037323,196544
2743,46.0,1486.2384791374207,196590
2744,106.0,1487.038015127182,196696
2745,81.0,1487.6503293514252,196777
2746,48.0,1488.0128588676453,196825
2747,137.0,1489.0455021858215,196962
2748,150.0,1490.1772277355194,197112
2749,48.0,1490.5385901927948,197160
2750,77.0,1491.120093345642,197237
2751,33.0,1491.3694183826447,197270
2752,63.0,1491.8453557491302,197333
2753,58.0,1492.283977508545,197391
2754,46.0,1492.6321697235107,197437
2755,153.0,1493.7881338596344,197590
2756,34.0,1494.045791387558,197624
2757,102.0,1494.8170940876007,197726
2758,71.0,1495.3523616790771,197797
2759,85.0,1495.9943552017212,197882
2760,96.0,1496.7194027900696,197978
2761,64.0,1497.203198671341,198042
2762,148.0,1498.3202683925629,198190
2763,22.0,1498.4869542121887,198212
2764,107.0,1499.2950942516327,198319
2765,200.0,1500.8044130802155,198519
2766,78.0,1501.3941826820374,198597
2767,33.0,1501.64377450943,198630
2768,91.0,1502.3330309391022,198721
2769,81.0,1502.946068763733,198802
2770,30.0,1503.1742975711823,198832
2771,46.0,1503.5229840278625,198878
2772,90.0,1504.2027592658997,198968
2773,27.0,1504.4078283309937,198995
2774,82.0,1505.0267913341522,199077
2775,74.0,1505.5861060619354,199151
2776,56.0,1506.0098679065704,199207
2777,76.0,1506.5840067863464,199283
2778,109.0,1507.4078631401062,199392
2779,95.0,1508.126320362091,199487
2780,136.0,1509.1550636291504,199623
2781,132.0,1510.1544392108917,199755
2782,107.0,1510.9625778198242,199862
2783,179.0,1512.3139674663544,200041
1512.4601080417633