1496,155.0,19.88019561767578,10.0
2692,60.0,31.200657606124878,3.0
3642,35.0,40.316455364227295,4.0
4648,80.0,49.8865807056427,7.0
5941,110.0,61.984933853149414,10.0
6930,15.0,71.3924024105072,2.0
8118,60.0,82.60722923278809,4.0
9096,20.0,92.12029647827148,2.0
10185,75.0,102.63052344322205,5.0
11226,15.0,112.45258355140686,2.0
12271,20.0,122.4152524471283,3.0
14105,195.0,139.49017930030823,15.0
14950,65.0,147.27555465698242,5.0
16865,140.0,165.19077825546265,11.0
17688,55.0,172.95978784561157,7.0
19926,435.0,194.12867546081543,17.0
20701,5.0,201.44442415237427,1.0
22185,270.0,215.46903014183044,8.0
22934,45.0,222.66120433807373,5.0
23756,70.0,230.39437198638916,6.0
25617,410.0,248.07233214378357,13.0
27452,210.0,265.1858711242676,17.0
29228,100.0,281.8465223312378,11.0
29987,35.0,288.8838891983032,4.0
31349,90.0,301.46647119522095,7.0
33137,105.0,318.01956367492676,10.0
34921,195.0,334.38901257514954,14.0
36009,80.0,344.6541702747345,7.0
37158,105.0,355.07287216186523,6.0
38208,85.0,364.75446105003357,8.0
38964,25.0,371.67948055267334,4.0
40052,40.0,381.55016350746155,5.0
41342,105.0,393.4341516494751,9.0
42132,5.0,400.51600646972656,1.0
43171,45.0,409.9181637763977,4.0
44493,55.0,421.66188526153564,7.0
45669,90.0,432.4389452934265,9.0
46594,20.0,440.8564076423645,3.0
49137,280.0,464.2103316783905,19.0
50384,45.0,475.6133201122284,3.0
51686,20.0,487.5068337917328,3.0
52927,90.0,498.86780166625977,7.0
53741,45.0,506.4560897350311,5.0
54654,65.0,514.8748276233673,6.0
56701,195.0,533.562924861908,13.0
58045,75.0,545.8309102058411,5.0
59303,110.0,557.2492752075195,7.0
60313,15.0,566.640606880188,2.0
62616,425.0,587.9803366661072,18.0
63686,50.0,597.8628034591675,6.0
64886,135.0,608.953667640686,9.0
65944,75.0,618.6460120677948,8.0
68089,620.0,638.3673403263092,27.0
70402,620.0,659.7517416477203,18.0
71262,10.0,667.6158754825592,2.0
72237,45.0,676.4968345165253,5.0
73363,115.0,686.7390093803406,10.0
74382,15.0,696.1206007003784,2.0
75109,15.0,702.8780601024628,2.0
76020,30.0,711.2292273044586,4.0
76999,35.0,720.1731839179993,5.0
77940,55.0,728.9070091247559,6.0
79826,175.0,746.0148177146912,14.0
81183,100.0,758.2718532085419,8.0
82530,285.0,770.5649793148041,10.0
83903,115.0,783.1248791217804,11.0
86054,215.0,803.0083770751953,16.0
87065,120.0,812.2805173397064,8.0
88328,155.0,824.0582590103149,10.0
89567,40.0,835.4353988170624,4.0
91090,95.0,849.3830964565277,8.0
91835,55.0,856.3734459877014,5.0
93076,75.0,868.0165965557098,6.0
93738,15.0,874.2336945533752,2.0
96240,315.0,897.3491747379303,22.0
97455,60.0,908.44478058815,6.0
99105,215.0,923.3846185207367,16.0
100912,385.0,939.7982039451599,15.0
102312,130.0,952.6607131958008,12.0
104178,210.0,969.8196189403534,14.0
105460,35.0,981.4573616981506,4.0
106286,105.0,989.0226647853851,6.0
107328,35.0,998.582515001297,5.0
108888,75.0,1012.8747320175171,8.0
109962,40.0,1022.5487689971924,5.0
111099,35.0,1032.9860022068024,4.0
112327,15.0,1044.3694365024567,2.0
113518,120.0,1055.0330176353455,10.0
114381,45.0,1062.8144347667694,3.0
115751,55.0,1075.39532995224,5.0
117733,235.0,1093.1461911201477,15.0
118634,105.0,1101.2963190078735,6.0
120610,270.0,1119.4096953868866,18.0
122488,130.0,1136.4723165035248,13.0
124130,365.0,1151.6450774669647,12.0
125480,140.0,1164.0205616950989,10.0
126925,105.0,1177.2906386852264,6.0
128315,335.0,1190.1576244831085,10.0
130272,200.0,1208.1315577030182,15.0
132503,200.0,1228.4249513149261,14.0
133257,50.0,1235.4210119247437,6.0
134499,70.0,1246.7687637805939,5.0
135880,230.0,1259.5993580818176,15.0
136946,15.0,1269.4036605358124,2.0
138161,125.0,1280.6146252155304,10.0
139672,340.0,1294.4894092082977,12.0
141028,145.0,1306.9112038612366,9.0
142441,180.0,1319.600507259369,14.0
143252,60.0,1327.0420010089874,7.0
144848,35.0,1341.778879404068,6.0
146266,170.0,1354.7682826519012,13.0
147677,115.0,1367.6949319839478,11.0
149221,155.0,1381.6411726474762,11.0
151058,85.0,1398.449322938919,9.0
152324,125.0,1409.991780281067,9.0
153439,70.0,1420.2070336341858,5.0
154496,75.0,1430.0556530952454,6.0
157137,215.0,1454.831863641739,13.0
158347,105.0,1465.993893146515,6.0
159588,130.0,1477.221451997757,11.0
160834,60.0,1488.6523911952972,6.0
161820,85.0,1497.684012889862,7.0
162835,90.0,1506.937873840332,7.0
164207,120.0,1519.5950326919556,8.0
166477,345.0,1540.236828327179,21.0
168082,155.0,1554.9455859661102,10.0
168915,75.0,1562.502647638321,5.0
170125,60.0,1573.4625289440155,4.0
171517,120.0,1586.091897726059,8.0
172535,45.0,1595.3207478523254,5.0
174653,295.0,1614.0941507816315,19.0
176027,130.0,1626.301983833313,12.0
176987,75.0,1634.9577929973602,5.0
178853,305.0,1651.9448547363281,20.0
180174,80.0,1663.8215899467468,6.0
181754,125.0,1678.2790474891663,9.0
182767,70.0,1687.6198890209198,6.0
184715,165.0,1705.3022515773773,12.0
185783,35.0,1715.1718151569366,5.0
186846,20.0,1725.0433459281921,3.0
188266,175.0,1738.348669052124,13.0
190043,225.0,1754.74121427536,14.0
191168,55.0,1765.4159903526306,5.0
192234,55.0,1775.4636116027832,7.0
193892,105.0,1790.9011545181274,11.0
195458,95.0,1805.5892469882965,8.0
197309,345.0,1822.711855173111,15.0
198887,95.0,1837.2769389152527,8.0
200756,225.0,1854.5473411083221,18.0
202323,120.0,1869.1667640209198,10.0
203033,35.0,1875.7582008838654,4.0
204009,90.0,1884.8533744812012,10.0
204954,10.0,1893.569281578064,2.0
206074,25.0,1903.8812272548676,4.0
207882,155.0,1920.7586014270782,11.0
209853,150.0,1939.0666041374207,13.0
212451,250.0,1963.562484741211,16.0
213204,60.0,1970.5636591911316,6.0
214568,115.0,1983.3839151859283,10.0
215293,45.0,1989.954773426056,4.0
216070,10.0,1997.2189416885376,2.0
217657,185.0,2011.9314386844635,15.0
219430,130.0,2028.0640597343445,13.0
220433,75.0,2037.569577217102,6.0
221733,115.0,2049.7961695194244,9.0
222525,10.0,2057.3516290187836,2.0
223881,135.0,2069.862301826477,12.0
225183,70.0,2081.89866566658,6.0
226472,105.0,2094.1371779441833,8.0
227453,80.0,2103.2908883094788,7.0
229110,180.0,2118.69318318367,15.0
229790,5.0,2125.1416866779327,1.0
231471,85.0,2140.666880607605,8.0
232881,70.0,2153.920067548752,7.0
235540,620.0,2178.5645451545715,20.0
237601,255.0,2197.581280231476,21.0
240270,255.0,2222.2612478733063,19.0
241198,60.0,2231.0066850185394,6.0
242656,70.0,2244.3077499866486,9.0
244477,145.0,2261.2371616363525,13.0
245813,140.0,2273.5268189907074,14.0
249463,440.0,2306.612423181534,28.0
251428,195.0,2324.5581800937653,16.0
253330,175.0,2341.71573805809,14.0
254342,40.0,2350.8134982585907,5.0
255827,70.0,2364.2145001888275,7.0
256810,80.0,2373.1825337409973,8.0
257569,50.0,2380.138805627823,4.0
259673,185.0,2399.173750638962,14.0
263032,455.0,2430.4153039455414,28.0
264269,65.0,2441.938821554184,5.0
265565,120.0,2453.894590139389,8.0
267574,370.0,2472.744873046875,21.0
269325,170.0,2489.068656682968,14.0
270090,60.0,2496.3329145908356,4.0
271392,50.0,2508.7696454524994,4.0
273612,215.0,2529.937255382538,13.0
274760,105.0,2540.8534564971924,6.0
275425,45.0,2547.2564680576324,6.0
276276,35.0,2555.29868888855,4.0
277607,120.0,2567.6738097667694,8.0
278899,70.0,2579.909327507019,7.0
279659,40.0,2587.015873193741,5.0
280753,70.0,2597.2166488170624,7.0
282009,115.0,2609.0783812999725,8.0
283071,0.0,2619.2558557987213,0.0
284424,120.0,2632.0941467285156,10.0
285437,105.0,2641.464082479477,8.0
286745,180.0,2653.784417152405,11.0
288163,135.0,2666.8179037570953,9.0
289741,165.0,2681.575961112976,15.0
290485,45.0,2688.4761877059937,5.0
292308,125.0,2704.9050455093384,11.0
294678,260.0,2726.678394794464,20.0
295999,160.0,2738.559220314026,13.0
297271,105.0,2750.279867887497,11.0
298834,130.0,2764.6635241508484,10.0
299546,45.0,2771.265756368637,5.0
301374,200.0,2788.2965688705444,15.0
302872,70.0,2802.2362008094788,9.0
304479,355.0,2817.2370047569275,12.0
305235,45.0,2824.304724931717,5.0
307202,130.0,2842.5778760910034,12.0
309048,170.0,2859.8367211818695,13.0
310560,115.0,2873.733232021332,12.0
312636,260.0,2892.963443040848,18.0
313849,5.0,2904.383534193039,1.0
315579,210.0,2920.544853448868,14.0
317253,210.0,2935.9997367858887,16.0
318588,145.0,2948.2536165714264,12.0
320166,105.0,2962.7237265110016,11.0
321620,190.0,2975.95304107666,14.0
323141,335.0,2990.015226125717,12.0
325406,310.0,3010.7814848423004,20.0
328859,425.0,3042.1263270378113,28.0
329713,20.0,3049.990378856659,3.0
330946,110.0,3061.0617027282715,10.0
332464,75.0,3074.7978625297546,8.0
333537,65.0,3084.5920128822327,5.0
335923,325.0,3106.4377942085266,22.0
337130,60.0,3117.558527469635,6.0
339262,530.0,3137.2082991600037,23.0
340625,180.0,3149.8675413131714,11.0
342051,125.0,3162.8855743408203,9.0
344669,600.0,3186.7751274108887,27.0
346657,225.0,3204.4870221614838,16.0
347585,80.0,3212.8103396892548,6.0
348463,65.0,3220.683221578598,7.0
349386,45.0,3228.984978199005,5.0
350183,35.0,3236.104506969452,2.0
351623,110.0,3249.4489753246307,7.0
352957,35.0,3261.8707177639008,5.0
353964,80.0,3271.1155722141266,7.0
355200,55.0,3282.557423353195,5.0
357003,220.0,3298.872700691223,15.0
359149,265.0,3318.5267820358276,19.0
360206,10.0,3328.292549610138,2.0
361497,120.0,3340.3995747566223,9.0
362575,50.0,3350.433041334152,6.0
363476,65.0,3358.8316316604614,6.0
365037,265.0,3373.691009759903,8.0
366468,120.0,3387.132685661316,10.0
367362,20.0,3395.4878311157227,3.0
368655,110.0,3407.2274067401886,7.0
369617,20.0,3416.025377035141,3.0
371616,505.0,3433.9433448314667,20.0
373235,110.0,3448.4071543216705,12.0
374613,185.0,3460.8854656219482,12.0
376421,150.0,3477.899024248123,13.0
378052,120.0,3493.118901491165,13.0
380282,455.0,3513.4181456565857,20.0
382096,240.0,3530.010669708252,19.0
382930,40.0,3537.6858327388763,4.0
384545,80.0,3552.4950494766235,9.0
385624,70.0,3562.4073979854584,7.0
387623,170.0,3580.965216398239,11.0
390069,345.0,3603.7575299739838,24.0
391396,120.0,3616.3698625564575,10.0
392293,25.0,3624.777249097824,4.0
394189,155.0,3642.463869333267,16.0
395894,205.0,3658.155037879944,16.0
397086,85.0,3669.021696805954,8.0
399202,230.0,3688.2521381378174,18.0
400547,125.0,3700.431363582611,8.0
402146,190.0,3715.061871767044,12.0
402999,35.0,3722.9266550540924,4.0
404259,180.0,3734.5603218078613,14.0
405399,40.0,3744.93674325943,3.0
406260,35.0,3752.8753383159637,4.0
407411,85.0,3763.206749677658,10.0
408410,95.0,3772.1943883895874,6.0
409516,25.0,3782.1298871040344,4.0
410410,40.0,3790.116613149643,3.0
411156,30.0,3796.7262358665466,4.0
412633,140.0,3809.8619391918182,13.0
414019,110.0,3822.0528552532196,9.0
415253,205.0,3833.0675365924835,15.0
416646,130.0,3845.626225709915,11.0
418796,295.0,3864.7310647964478,21.0
420791,220.0,3882.6625061035156,17.0
422016,60.0,3893.6953303813934,4.0
423400,35.0,3906.0114657878876,5.0
424746,140.0,3918.086754798889,11.0
426012,95.0,3929.1989693641663,9.0
426939,90.0,3937.528329372406,8.0
428773,265.0,3953.9351110458374,19.0
430615,275.0,3970.6330847740173,17.0
432162,90.0,3984.7475945949554,7.0
432955,40.0,3992.0825955867767,3.0
433782,10.0,3999.45827960968,2.0
435500,125.0,4014.7403116226196,12.0
436850,155.0,4026.793191432953,12.0
437811,90.0,4035.463319301605,9.0
438902,30.0,4045.103619813919,5.0
440613,150.0,4060.4124155044556,12.0
441798,65.0,4071.1131296157837,7.0
443241,90.0,4084.057389974594,9.0
445280,405.0,4102.230559825897,17.0
446295,45.0,4111.231412649155,5.0
448361,235.0,4130.0113179683685,17.0
451792,755.0,4161.22577548027,34.0
453318,115.0,4174.9310693740845,10.0
454494,90.0,4185.74525809288,9.0
455284,35.0,4192.975431680679,5.0
456631,60.0,4205.052716970444,6.0
458864,465.0,4224.948098182678,18.0
460522,120.0,4239.831345081329,11.0
461782,95.0,4251.314601659775,8.0
463607,165.0,4267.954521179199,14.0
464727,80.0,4278.052392244339,8.0
465959,105.0,4289.195735454559,10.0
467282,195.0,4301.2233872413635,14.0
468685,95.0,4313.804242372513,11.0
470550,230.0,4330.870805263519,15.0
471520,60.0,4339.766620159149,5.0
472634,70.0,4350.07812666893,7.0
473667,45.0,4359.630613327026,5.0
475142,110.0,4373.2653465271,9.0
476594,155.0,4386.717742919922,13.0
477477,5.0,4394.777299642563,1.0
478436,80.0,4403.555069446564,6.0
479503,45.0,4413.301213264465,5.0
481943,240.0,4435.533001899719,17.0
483193,155.0,4446.818908691406,10.0
484584,90.0,4459.08688211441,7.0
485726,65.0,4469.472096920013,7.0
487805,180.0,4488.523988246918,13.0
489750,195.0,4506.277228593826,15.0
491669,180.0,4523.5451719760895,15.0
493867,525.0,4543.5246431827545,23.0
496108,210.0,4564.217227935791,16.0
497725,280.0,4578.990401506424,21.0
498957,90.0,4590.081232786179,10.0
500028,35.0,4599.866684913635,5.0
501143,80.0,4609.986945152283,6.0
501876,40.0,4616.742805242538,4.0
503191,200.0,4628.577723264694,14.0
504189,90.0,4637.713940620422,7.0
505475,140.0,4649.428027391434,13.0
506199,55.0,4656.152182102203,5.0
508066,210.0,4673.33167386055,15.0
510086,165.0,4691.913785934448,12.0
511706,125.0,4707.080412149429,9.0
513475,200.0,4723.292041063309,15.0
515031,135.0,4737.254985332489,10.0
517686,410.0,4761.128751516342,26.0
518677,105.0,4770.11540055275,8.0
520287,150.0,4784.788897752762,13.0
522518,280.0,4805.004688262939,21.0
523578,35.0,4814.445163011551,4.0
524306,35.0,4820.990228652954,4.0
525256,10.0,4829.392249345779,2.0
527241,375.0,4846.8812420368195,24.0
527937,20.0,4853.109470367432,3.0
528873,55.0,4861.596397161484,7.0
530668,100.0,4877.4056894779205,10.0
532541,205.0,4894.007225036621,17.0
533789,125.0,4905.246896028519,12.0
535983,425.0,4924.956220626831,25.0
536723,20.0,4931.529820680618,4.0
537750,65.0,4940.914054632187,7.0
539287,110.0,4955.614882946014,8.0
540602,115.0,4968.517517328262,11.0
541547,35.0,4978.0576429367065,4.0
543642,265.0,5000.928936004639,18.0
544941,70.0,5015.500006914139,7.0
546671,210.0,5035.439373970032,14.0
547599,45.0,5046.225663661957,6.0
548791,45.0,5060.217405080795,6.0
550019,105.0,5075.067566871643,8.0
551159,130.0,5090.833535671234,12.0
552669,90.0,5112.511445522308,9.0
554865,270.0,5145.309028148651,19.0
556355,105.0,5167.942507505417,9.0
557501,85.0,5187.416011571884,8.0
558396,20.0,5202.817949771881,3.0
559586,65.0,5224.613283395767,7.0
560247,45.0,5237.732007980347,6.0
561316,50.0,5258.15061044693,6.0
563125,150.0,5296.15563249588,12.0
563880,35.0,5312.196442127228,5.0
565413,315.0,5347.16819190979,20.0
566432,55.0,5369.813028335571,7.0
567765,90.0,5398.764483213425,8.0
569137,110.0,5431.323433160782,9.0
569935,10.0,5448.714683294296,2.0
571218,25.0,5477.642883300781,4.0
572302,25.0,5502.7554812431335,4.0
573187,70.0,5522.73130273819,7.0
574131,45.0,5544.853943109512,4.0
575419,125.0,5574.431405067444,9.0
576385,105.0,5598.5744643211365,8.0
577358,75.0,5624.601336956024,7.0
578374,75.0,5651.103733778,8.0
579654,125.0,5684.002521276474,11.0
580372,20.0,5702.3388340473175,3.0
581434,55.0,5729.411225318909,4.0
582375,15.0,5753.524893760681,3.0
584788,335.0,5812.054231882095,20.0
586547,270.0,5852.219246387482,18.0
588178,180.0,5889.742230653763,12.0
589999,390.0,5934.064733505249,14.0
591366,120.0,5968.227684736252,11.0
592419,95.0,5994.2525062561035,9.0
593244,15.0,6013.526503324509,2.0
594465,120.0,6042.270597934723,8.0
595414,50.0,6064.078555583954,6.0
596710,145.0,6097.488220691681,11.0
598357,405.0,6140.930316209793,18.0
599191,35.0,6162.9399609565735,4.0
600760,160.0,6203.493643045425,10.0
602424,165.0,6244.636420965195,12.0
604134,145.0,6285.7445685863495,12.0
604985,40.0,6306.693398714066,4.0
606073,70.0,6333.168310165405,7.0
606879,20.0,6352.412824392319,3.0
608465,195.0,6390.993135929108,13.0
609543,70.0,6416.013940811157,7.0
610679,30.0,6442.614153385162,4.0
611918,30.0,6472.84979057312,3.0
612667,5.0,6490.794555425644,1.0
613498,35.0,6510.775214672089,4.0
615573,315.0,6560.226276874542,24.0
617443,175.0,6606.042232513428,13.0
618957,135.0,6643.671962976456,12.0
620877,95.0,6691.00556230545,9.0
621974,95.0,6718.706846952438,7.0
623136,15.0,6747.414005279541,3.0
625153,125.0,6797.484747171402,12.0
626966,160.0,6842.427841663361,13.0
628182,50.0,6871.790840625763,7.0
629395,80.0,6901.373206377029,6.0
630207,30.0,6921.793804168701,4.0
630995,70.0,6941.594070196152,6.0
631747,85.0,6960.952520608902,9.0
633045,40.0,6993.485901594162,5.0
635165,205.0,7045.3107743263245,15.0
636511,150.0,7079.4041221141815,13.0
638151,350.0,7119.694246053696,15.0
639400,75.0,7149.880557775497,5.0
640416,80.0,7175.1491959095,8.0
643146,315.0,7242.637545347214,21.0
644476,90.0,7275.580030441284,10.0
646601,85.0,7329.013722658157,9.0
648193,155.0,7368.1598789691925,10.0
648973,80.0,7387.345256567001,6.0
650073,65.0,7414.1591420173645,6.0
651344,130.0,7445.123499631882,9.0
652315,20.0,7468.934675455093,3.0
654339,270.0,7516.002291679382,16.0
655835,155.0,7552.552231311798,11.0
657740,415.0,7596.296840429306,18.0
658525,25.0,7614.654492378235,4.0
660929,180.0,7671.471523284912,16.0
661777,35.0,7695.718728303909,4.0
663914,200.0,7755.092410326004,17.0
665228,170.0,7792.22328042984,12.0
666281,95.0,7822.011508226395,7.0
667671,185.0,7857.76967215538,11.0
668685,20.0,7885.54275560379,4.0
669729,55.0,7912.900843381882,5.0
670982,55.0,7946.222762584686,5.0
671823,110.0,7968.007758617401,7.0
673177,165.0,8000.91535949707,12.0
674815,205.0,8042.548233509064,17.0
676611,205.0,8087.796281576157,14.0
678006,95.0,8123.1324627399445,9.0
680140,180.0,8177.9271919727325,11.0
681038,30.0,8200.450460672379,3.0
682367,40.0,8233.965140342712,5.0
683832,120.0,8270.501292705536,10.0
685535,110.0,8312.460888624191,9.0
686954,155.0,8347.617458105087,12.0
688067,105.0,8374.681785106659,8.0
690249,250.0,8430.431818246841,18.0
691731,90.0,8467.482434511185,11.0
692949,115.0,8497.958042383194,12.0
694633,250.0,8541.477938890457,18.0
695609,65.0,8566.184455633163,5.0
697242,105.0,8608.532404661179,9.0
698573,200.0,8643.2062728405,13.0
699931,135.0,8677.416918516159,9.0
701874,350.0,8726.065515756607,13.0
702922,5.0,8752.15737938881,1.0
704697,135.0,8797.257976531982,12.0
705953,130.0,8827.465286970139,9.0
707757,285.0,8869.314303159714,20.0
710086,390.0,8924.443131446838,14.0
711456,95.0,8956.07974743843,10.0
712336,95.0,8977.743668794632,9.0
713637,115.0,9010.849552869797,12.0
715072,145.0,9046.897769212723,13.0
716353,70.0,9080.156572341919,6.0
716988,10.0,9096.721663713455,2.0
719116,280.0,9153.722043991089,19.0
720163,110.0,9180.036807060242,10.0
721473,110.0,9216.117373943329,9.0
722399,30.0,9241.12334394455,5.0
723884,155.0,9281.214545965195,12.0
725443,110.0,9322.33189034462,11.0
726286,35.0,9343.35747051239,4.0
727007,45.0,9360.676959753036,4.0
727718,45.0,9377.662742614746,4.0
729577,175.0,9421.084729671478,14.0
731062,135.0,9456.211058139801,12.0
732903,120.0,9499.536030054092,12.0
733549,5.0,9514.397732257843,1.0
735720,200.0,9568.100595235825,14.0
737209,120.0,9607.799899816513,11.0
739355,490.0,9658.51341342926,22.0
741923,325.0,9717.667929887772,23.0
743213,80.0,9750.505596160889,7.0
745022,140.0,9800.154089689255,15.0
745965,80.0,9826.04295372963,7.0
747684,445.0,9871.46237540245,19.0
748978,115.0,9905.134187936783,8.0
750036,15.0,9931.862935304642,2.0
751092,40.0,9957.691837310791,5.0
752905,170.0,10001.61124920845,12.0
753789,45.0,10023.88457608223,3.0
755086,85.0,10057.176602363586,7.0
756631,120.0,10094.148710012436,12.0
758132,125.0,10130.149914503098,11.0
759449,165.0,10162.647141456604,14.0
760639,165.0,10192.544399261475,12.0
762619,225.0,10242.34050154686,16.0
765015,255.0,10298.580863237381,18.0
765812,50.0,10317.568680286407,6.0
766966,125.0,10344.931181430817,10.0
768403,75.0,10378.816263437271,9.0
770305,180.0,10426.231661081314,14.0
772478,435.0,10481.638228654861,26.0
773582,65.0,10509.711696624756,8.0
775921,225.0,10568.16671538353,17.0
777706,175.0,10612.252027511597,14.0
779930,235.0,10668.922440052032,16.0
781164,145.0,10701.541906356812,12.0
782390,140.0,10733.13149690628,10.0
783286,125.0,10756.259861946106,12.0
785423,240.0,10810.677192926407,15.0
786865,310.0,10846.608570575714,12.0
787633,45.0,10866.804310560226,5.0
788613,85.0,10891.115591049194,6.0
789924,95.0,10924.987166643143,11.0
791201,90.0,10956.480450868607,7.0
792875,335.0,10999.226663589478,13.0
794059,90.0,11029.507126808167,7.0
795077,45.0,11054.449815511703,6.0
796588,130.0,11091.79021191597,12.0
797638,70.0,11117.626024007797,7.0
798339,95.0,11134.555371761322,9.0
799773,95.0,11168.236536026001,8.0
800774,55.0,11191.337860584259,7.0
802356,180.0,11228.880285739899,11.0
803368,120.0,11253.789496898651,8.0
804743,125.0,11285.951682567596,11.0
805598,45.0,11306.215664625168,4.0
806755,50.0,11335.436419010162,4.0
807896,75.0,11364.146210670471,8.0
809157,120.0,11396.310624361038,8.0
811040,215.0,11444.571966648102,16.0
811976,80.0,11468.457891702652,7.0
813165,55.0,11499.681948661804,8.0
815166,450.0,11552.372393608093,18.0
816480,105.0,11584.084449529648,6.0
817796,80.0,11615.304762840271,8.0
818851,45.0,11641.995328187943,6.0
820847,315.0,11691.887937307358,23.0
822169,335.0,11724.756227493286,9.0
823303,130.0,11753.786273241043,10.0
824793,125.0,11792.18506026268,8.0
825989,35.0,11823.292130708694,4.0
827827,270.0,11870.283293962479,9.0
828744,5.0,11893.124513864517,1.0
829794,45.0,11920.467419862747,3.0
832236,525.0,11981.698434591293,23.0
833158,65.0,12004.586713314056,6.0
834717,225.0,12043.868152856827,16.0
836293,260.0,12083.273780822754,16.0
837357,75.0,12109.55586194992,8.0
838267,30.0,12133.194789171219,3.0
840104,175.0,12178.988237857819,12.0
840901,30.0,12198.285956859589,4.0
842182,195.0,12228.53051662445,13.0
842894,35.0,12247.036543369293,4.0
843802,85.0,12270.20891046524,7.0
844609,35.0,12291.347834348679,5.0
845342,15.0,12310.23177409172,2.0
846741,260.0,12345.965595006943,21.0
847429,95.0,12363.338243722916,8.0
849133,115.0,12405.142357587814,8.0
850465,190.0,12437.539545297623,14.0
851705,140.0,12468.153640508652,13.0
853363,140.0,12509.55417060852,12.0
855105,310.0,12551.377739906311,12.0
857009,290.0,12596.55808877945,21.0
858107,45.0,12622.51128077507,5.0
859086,65.0,12645.496543169022,6.0
860169,50.0,12672.79158115387,6.0
861426,50.0,12704.406747341156,6.0
863332,170.0,12752.163474798203,14.0
864603,130.0,12784.627720117569,10.0
866109,195.0,12822.55741596222,16.0
867126,75.0,12848.112446784973,7.0
868514,190.0,12882.200145483017,17.0
869501,40.0,12907.848461866379,5.0
871123,130.0,12949.358344554901,14.0
872054,30.0,12972.41268491745,3.0
873102,90.0,12998.544333219528,8.0
874326,130.0,13029.590450048447,11.0
875396,45.0,13056.183160305023,7.0
876461,65.0,13083.032545089722,5.0
878460,120.0,13133.416558027267,11.0
880590,80.0,13181.427489757538,8.0
881906,110.0,13212.24583530426,10.0
882895,10.0,13235.667817115784,2.0
884493,140.0,13274.655575752258,11.0
885418,35.0,13296.919751644135,5.0
887175,325.0,13339.56552195549,22.0
888456,70.0,13368.710600852966,8.0
889719,135.0,13397.977918863297,10.0
890775,70.0,13424.424394845963,8.0
892668,525.0,13471.79603767395,23.0
894320,35.0,13514.277904510498,5.0
895333,55.0,13540.064943313599,5.0
896649,110.0,13573.337047100067,9.0
898053,145.0,13608.466312408447,9.0
899499,115.0,13645.963902950287,10.0
900560,110.0,13672.270542144775,10.0
901492,40.0,13696.324792861938,7.0
903394,305.0,13744.824921369553,21.0
904470,65.0,13771.076659440994,7.0
905667,100.0,13799.485440969467,10.0
907220,240.0,13837.559388160706,17.0
908557,110.0,13869.888864040375,9.0
910402,275.0,13915.060398101807,20.0
912236,165.0,13960.528723955154,14.0
913600,100.0,13993.253939628601,9.0
916501,485.0,14064.943562746048,30.0
918125,190.0,14105.043339967728,16.0
919566,180.0,14139.229459047318,11.0
920880,160.0,14170.852039813995,14.0
922151,140.0,14202.778458595276,12.0
923147,95.0,14227.691208839417,9.0
924309,50.0,14256.19049668312,7.0
927083,395.0,14324.787496089935,26.0
928252,60.0,14354.155948162079,7.0
929913,110.0,14393.18206000328,10.0
931445,110.0,14428.688318490982,10.0
933008,150.0,14467.524052381516,9.0
933891,50.0,14489.842086076736,6.0
934958,150.0,14515.819553375244,10.0
935897,60.0,14538.19866514206,7.0
936944,5.0,14563.667414426804,1.0
938090,35.0,14592.333852052689,5.0
939620,170.0,14630.38664484024,15.0
940945,55.0,14663.120284080505,7.0
942061,40.0,14690.022415161133,5.0
943239,75.0,14717.785748243332,7.0
944341,90.0,14743.051066160202,8.0
945318,95.0,14767.232177495956,8.0
946965,205.0,14807.501851797104,16.0
947671,60.0,14824.452530145645,5.0
948511,15.0,14844.465784549713,3.0
949591,90.0,14869.64331293106,10.0
951108,85.0,14903.98951625824,11.0
952051,125.0,14926.189143896103,9.0
953037,60.0,14949.1038377285,5.0
954386,110.0,14980.90285873413,10.0
955144,20.0,14998.727148532867,3.0
956507,185.0,15032.53719162941,12.0
957966,160.0,15067.81253862381,13.0
958979,90.0,15091.084752321243,10.0
960810,355.0,15137.500228643417,22.0
962529,115.0,15182.868322849274,10.0
964161,175.0,15225.351991653442,16.0
965901,215.0,15272.669490337372,16.0
967404,120.0,15310.810933828354,10.0
969107,245.0,15350.842946052551,16.0
970237,110.0,15377.296845912933,10.0
971577,100.0,15408.357283592224,8.0
973693,225.0,15463.849266290665,15.0
974772,65.0,15494.37747502327,6.0
975786,125.0,15522.609824419022,11.0
976959,95.0,15550.597526550293,10.0
977718,45.0,15568.865666627884,3.0
979871,565.0,15624.018414735794,23.0
981683,250.0,15671.577784538269,20.0
982531,10.0,15694.296741247177,2.0
983999,185.0,15730.970920324326,15.0
985398,110.0,15767.263885974884,11.0
986187,50.0,15787.948400497437,5.0
988148,155.0,15838.96631193161,12.0
989754,140.0,15880.217734336853,11.0
991836,225.0,15933.684182167053,19.0
993283,150.0,15968.453441143036,13.0
994531,160.0,15997.744673728943,14.0
995531,90.0,16021.376257419586,7.0
996598,30.0,16045.754489183426,4.0
998642,305.0,16096.926472187042,19.0
999958,115.0,16129.157818555832,11.0
1000978,60.0,16153.967841386795,6.0
1002492,160.0,16189.669617652893,12.0
1003829,100.0,16220.154846429825,9.0
1005564,320.0,16265.158490419388,22.0
1006521,95.0,16290.506321668625,7.0
1007933,190.0,16326.63227725029,15.0
1009215,60.0,16359.857415437698,5.0
1010133,30.0,16383.336234092712,4.0
1010926,45.0,16403.280034542084,5.0
1011662,40.0,16421.97057414055,5.0
1012701,140.0,16447.863067626953,12.0
1014713,270.0,16496.434150218964,20.0
1015719,35.0,16521.226061344147,4.0
1017070,160.0,16555.317143678665,13.0
1018579,250.0,16591.720548152924,20.0
1020262,355.0,16633.783220291138,14.0
1021668,40.0,16668.569479703903,6.0
1022996,140.0,16701.57783150673,12.0
1023834,35.0,16722.020527362823,4.0
1025736,345.0,16767.305476665497,23.0
1027276,170.0,16803.608513593674,13.0
1028291,55.0,16827.666509866714,5.0
1029936,260.0,16866.387647390366,18.0
1031242,140.0,16899.151829004288,10.0
1033369,220.0,16950.826548099518,15.0
1035244,380.0,16994.352937698364,24.0
1036958,140.0,17035.070996046066,13.0
1037786,80.0,17056.419486045837,7.0
1039180,140.0,17092.41038918495,11.0
1040667,190.0,17129.859222888947,17.0
1042052,55.0,17165.1267952919,8.0
1043901,115.0,17210.410007238388,12.0
1045231,135.0,17243.423502206802,11.0
1046281,45.0,17270.048664093018,5.0
1047984,250.0,17312.99294567108,18.0
1049263,45.0,17345.390092134476,6.0
1050876,100.0,17385.82375741005,8.0
1052220,170.0,17419.052634954453,15.0
1054125,55.0,17465.704206705093,7.0
1056442,240.0,17522.342897176743,17.0
1057183,15.0,17540.474372148514,2.0
1058758,90.0,17579.54203915596,11.0
1060378,220.0,17617.92830467224,17.0
1062616,310.0,17671.88534259796,24.0
1063307,40.0,17688.85113453865,4.0
1065359,305.0,17738.491567373276,19.0
1066862,40.0,17773.517201423645,5.0
1069219,470.0,17830.47340464592,19.0
1070675,225.0,17869.244498729706,5.0
1072649,160.0,17920.540013313293,14.0
1073820,20.0,17951.43776535988,4.0
1075859,360.0,18001.7731859684,23.0
1077283,165.0,18035.33543777466,15.0
1078096,20.0,18054.225858211517,3.0
1079110,35.0,18079.989595413208,4.0
1081163,195.0,18134.070336341858,17.0
1082385,60.0,18167.45771074295,8.0
1084349,100.0,18221.541930437088,11.0
1085631,80.0,18256.844797611237,10.0
1087496,350.0,18308.364013433456,14.0
1089266,200.0,18359.206912755966,18.0
1090551,130.0,18394.22666168213,13.0
1092427,160.0,18443.93719983101,15.0
1093508,35.0,18472.959769964218,3.0
1094820,140.0,18506.468908309937,13.0
1096228,155.0,18542.75326347351,13.0
1097012,55.0,18562.214838027954,7.0
1098298,140.0,18592.907294034958,10.0
1099829,220.0,18631.339678049088,15.0
1101222,80.0,18665.472194433212,9.0
1103262,510.0,18713.48352074623,21.0
1106239,330.0,18786.40849494934,21.0
1108072,200.0,18829.53983926773,17.0
1109125,135.0,18854.092979431152,9.0
1110569,115.0,18888.726238965988,11.0
1111728,80.0,18919.509739637375,7.0
1113023,185.0,18956.30783510208,12.0
1113854,55.0,18978.13049340248,3.0
1115195,165.0,19015.93592953682,13.0
1116208,10.0,19043.857499599457,2.0
1118160,160.0,19097.49772667885,14.0
1119140,75.0,19123.451434850693,7.0
1120506,125.0,19158.743943214417,10.0
1121962,235.0,19195.27817749977,20.0
1123130,80.0,19224.98539495468,8.0
1124494,295.0,19259.64131116867,9.0
1125456,85.0,19284.32019495964,7.0
1126976,270.0,19323.013085126877,18.0
1128301,135.0,19355.812809705734,13.0
1129089,35.0,19375.74992108345,3.0
1129912,10.0,19396.627731323242,2.0
1130972,105.0,19424.924823999405,10.0
1132723,305.0,19469.630623579025,20.0
1134503,120.0,19514.00736284256,10.0
1135559,80.0,19540.292299747467,7.0
1137360,230.0,19583.76119852066,15.0
1138633,185.0,19615.4190928936,16.0
1140134,205.0,19653.15595960617,15.0
1142233,465.0,19705.821845531464,19.0
1143089,45.0,19726.788836479187,4.0
1144412,120.0,19759.93871307373,10.0
1145897,170.0,19798.03362607956,14.0
1147229,170.0,19832.15872979164,14.0
1148547,160.0,19866.08931016922,13.0
1150638,335.0,19919.259420871735,21.0
1152570,175.0,19965.544788360596,15.0
1154404,155.0,20008.49970650673,12.0
1155332,65.0,20030.597192287445,8.0
1156044,35.0,20048.754498004913,4.0
1158236,315.0,20104.459565401077,21.0
1159277,65.0,20131.01760983467,7.0
1161428,245.0,20186.15302324295,19.0
1162891,65.0,20223.157004356384,5.0
1164966,290.0,20274.981770038605,18.0
1167033,120.0,20326.911204338074,12.0
1168749,165.0,20368.375337600708,13.0
1170715,165.0,20416.88379073143,13.0
1172077,130.0,20451.514279842377,10.0
1173948,340.0,20499.180666208267,23.0
1176388,385.0,20562.07781624794,23.0
1177558,105.0,20591.115481853485,10.0
1178509,35.0,20614.379447221756,5.0
1179402,65.0,20636.030007839203,7.0
1180826,130.0,20672.128645181656,12.0
1183016,205.0,20728.194988965988,16.0
1185213,295.0,20785.179961681366,19.0
1186676,165.0,20822.573637008667,15.0
1187527,45.0,20844.701292276382,5.0
1188795,75.0,20878.468312978745,5.0
1190550,210.0,20923.951259851456,16.0
1191799,80.0,20956.680507183075,6.0
1193679,225.0,21004.2644636631,14.0
1195541,225.0,21054.00177192688,16.0
1196630,70.0,21081.20898270607,7.0
1198306,360.0,21125.01825118065,16.0
1199009,25.0,21142.152864694595,4.0
1200823,330.0,21189.92067050934,23.0
1201620,10.0,21210.173316001892,2.0
1203198,45.0,21249.855778455734,7.0
1205617,290.0,21309.760622262955,21.0
1207767,260.0,21360.84646487236,18.0
1209260,60.0,21395.294399499893,6.0
1210125,45.0,21415.133313179016,5.0
1210900,25.0,21433.66072654724,4.0
1212086,120.0,21461.750957250595,10.0
1213941,235.0,21504.623440265656,18.0
1215763,80.0,21550.83802676201,8.0
1217134,135.0,21585.19514656067,11.0
1218718,150.0,21624.753347158432,13.0
1220718,295.0,21675.20878458023,21.0
1221811,30.0,21700.108639240265,4.0
1224255,245.0,21760.123216867447,19.0
1226001,185.0,21803.324331521988,12.0
1227063,95.0,21830.671545267105,7.0
1228056,70.0,21856.043142080307,8.0
1229814,150.0,21901.32099056244,11.0
1230777,15.0,21926.294455051422,2.0
1232148,160.0,21961.69109392166,11.0
1234628,370.0,22022.5418548584,24.0
1235617,60.0,22046.987797021866,6.0
1237470,290.0,22093.311557769775,17.0
1239757,280.0,22151.37662100792,19.0
1241120,155.0,22184.48936343193,10.0
1242436,135.0,22214.73357629776,9.0
1243796,310.0,22247.306136131287,10.0
1245053,95.0,22279.309302568436,9.0
1247560,250.0,22342.696377038956,18.0
1249042,95.0,22379.233500480652,9.0
1250362,100.0,22412.035454034805,10.0
1251153,65.0,22432.27357363701,6.0
1253031,190.0,22479.69797682762,15.0
1254184,140.0,22505.896444559097,10.0
1256303,255.0,22554.838226556778,18.0
1257940,180.0,22593.044541835785,15.0
1259693,375.0,22633.28261566162,17.0
1261577,390.0,22682.36351466179,16.0
1262870,115.0,22717.17024898529,11.0
1264409,165.0,22756.112615585327,14.0
1266276,260.0,22803.662667751312,19.0
1267380,75.0,22832.763637065887,8.0
1269273,330.0,22880.743676900864,21.0
1270231,105.0,22903.853044986725,10.0
1271803,160.0,22940.85084962845,11.0
1273279,130.0,22978.202907800674,10.0
1274547,125.0,23008.601665496826,9.0
1276031,220.0,23045.05919623375,18.0
1278191,225.0,23098.103402614594,16.0
1279252,75.0,23126.884666204453,6.0
1280594,115.0,23161.384573936462,10.0
1281994,140.0,23196.774337291718,14.0
1283095,65.0,23224.38020849228,8.0
1284437,155.0,23255.73366999626,12.0
1285777,55.0,23290.68365907669,5.0
1287071,65.0,23322.60958480835,7.0
1288412,145.0,23353.715714931488,12.0
1290024,120.0,23394.144730567932,11.0
1291044,50.0,23419.970287561417,6.0
1291996,90.0,23441.96343398094,9.0
1293098,105.0,23469.00447320938,9.0
1294802,180.0,23510.522119283676,15.0
1296075,65.0,23543.502673864365,8.0
1298102,340.0,23594.88584804535,22.0
1299280,105.0,23625.480905532837,8.0
1302016,430.0,23696.387642145157,28.0
1304026,315.0,23748.48459148407,20.0
1305337,125.0,23782.532492399216,11.0
1306216,75.0,23804.620235204697,7.0
1307691,175.0,23840.709626674652,14.0
1309326,95.0,23881.553691148758,11.0
1310685,110.0,23916.114804029465,11.0
1312088,90.0,23951.069821834564,11.0
1313230,75.0,23980.36118865013,8.0
1314954,120.0,24023.198892593384,12.0
1316311,195.0,24056.41031050682,16.0
1317183,80.0,24076.539524316788,7.0
1317894,20.0,24092.73920273781,3.0
1319687,170.0,24135.624590158463,14.0
1321048,200.0,24170.209478139877,15.0
1322241,65.0,24200.17000746727,6.0
1323632,175.0,24232.711926698685,13.0
1324915,175.0,24264.09194946289,15.0
1325633,35.0,24281.828803300858,2.0
1327086,265.0,24317.307825565338,9.0
1328428,80.0,24348.81144285202,10.0
1329884,110.0,24383.090639829636,12.0
1330913,70.0,24410.373941898346,6.0
1332125,85.0,24442.52841925621,8.0
1333830,130.0,24486.96061515808,12.0
1335638,175.0,24533.924136161804,15.0
1336650,35.0,24559.396876573563,4.0
1338874,260.0,24615.32803916931,18.0
1340176,110.0,24646.85869717598,10.0
1341171,60.0,24670.828317165375,5.0
1342222,10.0,24696.851560354233,2.0
1343092,80.0,24718.023079633713,7.0
1344159,90.0,24745.048986911774,9.0
1345563,145.0,24780.563039779663,13.0
1347542,345.0,24830.066550016403,21.0
1348881,80.0,24863.53098678589,9.0
1350334,100.0,24898.854439258575,10.0
1352579,455.0,24955.820014238358,18.0
1353907,60.0,24989.04404067993,6.0
1355401,155.0,25025.541842460632,13.0
1356149,15.0,25044.978256464005,2.0
1357309,55.0,25073.388407707214,7.0
1358375,95.0,25100.132836341858,10.0
1359962,150.0,25140.28866791725,13.0
1361093,80.0,25168.166902780533,7.0
1362511,115.0,25202.847984313965,10.0
1364066,115.0,25239.477858304977,13.0
1364857,40.0,25258.36547446251,5.0
1365936,115.0,25285.441335439682,9.0
1367264,200.0,25318.602224826813,16.0
1368793,200.0,25356.707677841187,14.0
1370142,80.0,25389.8026368618,8.0
1372455,370.0,25445.450696229935,25.0
1374673,490.0,25501.96949505806,20.0
1376092,155.0,25538.09229660034,12.0
1377345,150.0,25569.027168273926,11.0
1378468,125.0,25596.062808036804,13.0
1379911,65.0,25632.528399944305,8.0
1380935,85.0,25658.510938167572,7.0
1382176,95.0,25688.0197827816,9.0
1383438,130.0,25717.32583618164,10.0
1384655,115.0,25746.22664642334,10.0
1386575,255.0,25790.931321382523,19.0
1387998,100.0,25824.76958322525,9.0
1389336,165.0,25856.982137680054,11.0
1390373,85.0,25883.213562488556,8.0
1391673,160.0,25915.382082223892,14.0
1392992,45.0,25948.063155412674,6.0
1395091,250.0,26001.371753692627,20.0
1396221,65.0,26028.804260015488,7.0
1397371,55.0,26055.8005900383,7.0
1399414,165.0,26105.533941745758,13.0
1400889,90.0,26142.46740078926,10.0
1401738,15.0,26164.0526406765,3.0
1402921,80.0,26192.79256439209,7.0
1403796,65.0,26213.46340084076,5.0
1405401,415.0,26249.9240796566,18.0
1406490,130.0,26274.66854953766,11.0
1407740,75.0,26303.253336668015,8.0
1409004,135.0,26332.18391609192,12.0
1410569,285.0,26370.39085459709,10.0
1411760,125.0,26401.238998651505,10.0
1413087,125.0,26434.322331428528,13.0
1415035,255.0,26484.028716802597,16.0
1417186,400.0,26536.23307800293,27.0
1418266,55.0,26561.245027065277,8.0
1419845,245.0,26599.52760696411,17.0
1421766,225.0,26646.801077842712,18.0
1423207,110.0,26683.80240559578,11.0
1424894,185.0,26726.98738670349,16.0
1426637,440.0,26770.37184739113,21.0
1428332,130.0,26810.47430062294,12.0
1429908,170.0,26847.25549507141,14.0
1432078,315.0,26902.05973792076,23.0
1433139,50.0,26928.449008464813,6.0
1434133,65.0,26953.6566259861,7.0
1435972,265.0,27000.22534275055,20.0
1437784,225.0,27046.53477883339,16.0
1438827,115.0,27073.030097723007,9.0
1440140,100.0,27104.922226428986,11.0
1442420,315.0,27159.646339416504,21.0
1443372,50.0,27181.344846725464,4.0
1444822,185.0,27215.906007766724,14.0
1446363,210.0,27253.414472579956,17.0
1449307,635.0,27326.07725262642,37.0
1451525,280.0,27380.63534975052,19.0
1453854,485.0,27437.35261464119,21.0
1454967,85.0,27462.955115556717,5.0
1455976,55.0,27487.091079711914,5.0
1457112,95.0,27516.235425710678,9.0
1458410,125.0,27549.766301631927,9.0
1460057,70.0,27590.508692264557,9.0
1461485,195.0,27626.754744291306,13.0
1462518,65.0,27653.072409152985,7.0
1463685,75.0,27681.90734219551,8.0
1465449,110.0,27724.476291179657,10.0
1466635,225.0,27753.23222899437,14.0
1468520,315.0,27798.099742412567,20.0
1469798,105.0,27828.230374336243,11.0
1470747,105.0,27850.268751859665,9.0
1472264,480.0,27887.42472553253,22.0
1474254,405.0,27938.275004148483,17.0
1476094,215.0,27986.935890197754,18.0
1477759,210.0,28027.2858979702,15.0
1479094,235.0,28060.170298337936,18.0
1480789,145.0,28103.134474039078,14.0
1481689,75.0,28127.03267431259,7.0
1483516,340.0,28174.53089237213,23.0
1484469,55.0,28197.73537516594,5.0
1485310,60.0,28218.893649578094,6.0
1486092,15.0,28238.581580400467,1.0
1486929,55.0,28259.428128242493,5.0
1489013,325.0,28310.152418613434,22.0
1490490,450.0,28345.93640112877,19.0
1491890,85.0,28382.555656194687,10.0
1493846,265.0,28433.328900575638,20.0
1495272,55.0,28470.04829621315,8.0
1497090,165.0,28517.983119010925,13.0
1498132,110.0,28545.576370954514,7.0
1499065,50.0,28568.881236076355,6.0
1500237,85.0,28596.510628700256,8.0
1501330,50.0,28622.17915034294,6.0
1503303,300.0,28671.450687646866,21.0
1504158,65.0,28692.622027635574,8.0
1505549,170.0,28726.621354341507,13.0
1506969,155.0,28761.404289484024,14.0
1508732,185.0,28805.665905237198,15.0
1510163,150.0,28840.768877744675,12.0
1510953,80.0,28860.1853659153,7.0
1512737,290.0,28903.785911798477,18.0
1514227,415.0,28940.452743291855,20.0
1515495,150.0,28971.96144247055,14.0
1516821,125.0,29004.418045282364,14.0
1518115,115.0,29036.122710227966,11.0
1519471,110.0,29069.257128238678,11.0
1520686,215.0,29099.237265110016,14.0
1521898,25.0,29128.11650776863,4.0
1524007,295.0,29180.7200858593,21.0
1524919,120.0,29203.5059735775,10.0
1526184,160.0,29235.523429632187,12.0
1527390,70.0,29266.345675468445,7.0
1528682,195.0,29299.52455854416,13.0
1529910,95.0,29329.784481287003,8.0
1531244,90.0,29362.881925344467,10.0
1532945,215.0,29405.112558364868,18.0
1534822,205.0,29450.807481765747,15.0
1536570,140.0,29494.86160182953,12.0
1538748,325.0,29547.48083257675,22.0
1540353,205.0,29586.233321905136,16.0
1541888,55.0,29623.052786827087,7.0
1544270,275.0,29682.106977701187,20.0
1545406,125.0,29710.13000702858,9.0
1546779,115.0,29743.485205888748,10.0
1547713,55.0,29765.956909179688,7.0
1549329,195.0,29805.056629419327,14.0
1550353,95.0,29829.384757995605,6.0
1552219,145.0,29874.82781291008,12.0
1554235,210.0,29923.164476394653,18.0
1555663,65.0,29957.698513269424,7.0
1556427,45.0,29976.02464222908,5.0
1557524,105.0,30002.450385570526,8.0
1558840,165.0,30034.602291345596,11.0
1559824,115.0,30058.91179060936,10.0
1561091,210.0,30089.42493748665,16.0
1561898,65.0,30108.708886146545,7.0
1563117,165.0,30138.55337715149,12.0
1565244,215.0,30188.39651942253,15.0
1567648,220.0,30247.311901330948,15.0
1569214,240.0,30284.035720348358,19.0
1570585,105.0,30317.679261922836,11.0
1572560,330.0,30363.720775842667,24.0
1574323,275.0,30404.169915914536,22.0
1575721,145.0,30436.92390179634,11.0
1576522,65.0,30456.157549619675,6.0
1577732,115.0,30483.736703395844,9.0
1579640,270.0,30529.718312978745,18.0
1581004,135.0,30563.759980916977,12.0
1582140,80.0,30594.353971719742,9.0
1584145,205.0,30647.957866191864,16.0
1585187,15.0,30675.36153960228,2.0
1585950,100.0,30695.68611383438,8.0
1587287,120.0,30731.772261857986,10.0
1588985,325.0,30777.208678483963,20.0
1590779,370.0,30823.52539372444,24.0
1592686,390.0,30870.28683900833,27.0
1595055,380.0,30928.90479207039,26.0
1595829,80.0,30949.204689741135,6.0
1597623,355.0,30994.213529586792,22.0
1599049,230.0,31029.03177881241,17.0
1601063,350.0,31082.25612616539,23.0
1603073,275.0,31133.205360412598,18.0
1604987,535.0,31180.393507003784,22.0
1605985,125.0,31206.351212501526,9.0
1607322,150.0,31239.501977205276,14.0
1608067,50.0,31258.07192492485,6.0
1609721,195.0,31297.73931288719,16.0
1611480,320.0,31343.909378767014,11.0
1613139,505.0,31386.792232751846,22.0
1615990,390.0,31454.722970485687,26.0
1617682,325.0,31493.547711372375,24.0
1619249,125.0,31534.912086486816,11.0
1620373,125.0,31565.37620806694,11.0
1621679,100.0,31600.667149543762,10.0
1622913,155.0,31632.30184006691,13.0
1624415,325.0,31669.027221679688,13.0
1626667,550.0,31726.765446662903,25.0
1628345,160.0,31769.364646434784,14.0
1630174,175.0,31815.732954502106,14.0
1631472,85.0,31849.187328100204,10.0
1633147,195.0,31891.030470848083,16.0
1634710,220.0,31929.415901899338,18.0
1635700,55.0,31953.407782316208,7.0
1637615,310.0,31999.771871328354,24.0
1639621,385.0,32046.674912452698,26.0
1641293,170.0,32088.25623011589,13.0
1643235,245.0,32136.831589221954,18.0
1643970,35.0,32155.97269678116,5.0
1645516,250.0,32194.25721502304,18.0
1647484,205.0,32242.793170928955,16.0
1649005,460.0,32277.765575408936,17.0
1650296,105.0,32310.455431222916,9.0
1651739,210.0,32348.210939884186,15.0
1653417,165.0,32390.979120731354,13.0
1654624,75.0,32422.874045848846,7.0
1655478,40.0,32445.16259431839,5.0
1657314,145.0,32492.826786518097,14.0
1658973,280.0,32534.739575624466,21.0
1660453,195.0,32573.17781853676,15.0
1661982,145.0,32613.131484746933,14.0
1663907,125.0,32664.792132139206,9.0
1665689,145.0,32708.550808429718,12.0
1666702,120.0,32732.35864830017,12.0
1667884,40.0,32759.777129411697,5.0
1670026,510.0,32810.056514024734,23.0
1671358,45.0,32844.75500702858,5.0
1672917,160.0,32882.83534240723,15.0
1673916,30.0,32909.03179240227,4.0
1674746,55.0,32929.64886498451,6.0
1676158,150.0,32965.087487220764,14.0
1677935,150.0,33010.563376665115,15.0
1679880,225.0,33060.48755955696,17.0
1681241,140.0,33094.99026966095,12.0
1682621,140.0,33131.95281839371,11.0
1684249,185.0,33173.92511963844,14.0
1686178,310.0,33224.50826430321,20.0
1687653,180.0,33261.715025663376,13.0
1689067,210.0,33295.219279527664,16.0
1690958,285.0,33342.74909520149,20.0
1693224,240.0,33399.5476026535,15.0
1694816,155.0,33438.892958402634,13.0
1696092,85.0,33470.141015291214,8.0
1697547,95.0,33505.26926636696,10.0
1698812,340.0,33535.96253871918,15.0
1700231,100.0,33570.055705308914,11.0
1702041,385.0,33614.221756219864,15.0
1703186,65.0,33642.18120598793,6.0
1704007,50.0,33662.70726633072,6.0
1705404,135.0,33697.33793473244,11.0
1706724,130.0,33729.522268772125,10.0
1708207,140.0,33767.43370437622,11.0
1710094,345.0,33812.92256236076,23.0
1711188,110.0,33838.19314670563,11.0
1712112,90.0,33859.45266318321,11.0
1713712,140.0,33896.70676112175,15.0
1714829,85.0,33922.856750011444,9.0
1716801,385.0,33970.73234963417,26.0
1718386,280.0,34008.10199069977,20.0
1719218,100.0,34028.166696071625,9.0
1720702,155.0,34063.188497543335,15.0
1722472,185.0,34104.78485608101,15.0
1724239,235.0,34152.375378370285,19.0
1726501,200.0,34213.75550746918,15.0
1728108,170.0,34255.51622009277,13.0
1729414,125.0,34290.04740214348,9.0
1731713,225.0,34348.96081852913,17.0
1733628,340.0,34396.59692072868,21.0
1735395,330.0,34440.96752023697,21.0
1737087,275.0,34484.38072538376,21.0
1739141,250.0,34537.69917464256,19.0
1741982,555.0,34607.83037638664,26.0
1743158,110.0,34638.32754921913,10.0
1745106,300.0,34686.57319664955,20.0
1746000,70.0,34708.008848667145,7.0
1748189,155.0,34761.696286678314,10.0
1749880,185.0,34800.85918021202,16.0
1751307,145.0,34833.909991025925,13.0
1753173,220.0,34879.801456451416,14.0
1754345,60.0,34910.66900753975,6.0
1755431,25.0,34936.53876543045,4.0
1756776,200.0,34968.80127644539,15.0
1758399,285.0,35007.7652990818,21.0
1759354,100.0,35029.89515352249,10.0
1760845,210.0,35066.95018362999,19.0
1762179,230.0,35102.22236704826,16.0
1763801,285.0,35144.71536254883,19.0
1765471,215.0,35188.33987259865,17.0
1767026,90.0,35229.59322357178,9.0
1769533,390.0,35294.015708208084,26.0
1771239,160.0,35338.256026506424,15.0
1772019,110.0,35358.54418063164,9.0
1772956,90.0,35382.52151298523,9.0
1774746,415.0,35428.02964115143,19.0
1775735,135.0,35453.226791381836,10.0
1776769,110.0,35479.40704536438,9.0
1777740,160.0,35505.69188308716,13.0
1779650,185.0,35553.86548662186,16.0
1780383,45.0,35572.74356985092,5.0
1781436,65.0,35598.706008434296,7.0
1783162,180.0,35641.20328950882,14.0
1784183,140.0,35667.17459988594,9.0
1785909,225.0,35710.702123880386,18.0
1787270,155.0,35744.274042367935,12.0
1788624,150.0,35777.60773921013,15.0
1789783,80.0,35806.779720544815,8.0
1791186,120.0,35842.17251062393,11.0
1792745,155.0,35882.713787555695,12.0
1793991,10.0,35914.259643793106,2.0
1795501,180.0,35953.22458052635,14.0
1796843,250.0,35987.40347480774,18.0
1798519,105.0,36030.1284968853,9.0
1800569,225.0,36081.54344892502,16.0
1801463,150.0,36104.27469277382,13.0
1803403,320.0,36154.09806013107,23.0
1804895,310.0,36192.53541183472,21.0
1806114,195.0,36223.2332508564,13.0
1808008,420.0,36268.02462530136,18.0
1809297,175.0,36298.370797395706,15.0
1810092,50.0,36317.159398555756,6.0
1812042,340.0,36364.497930049896,24.0
1813605,230.0,36402.95753598213,18.0
1814373,80.0,36421.70693445206,8.0
1815582,75.0,36451.73056745529,8.0
1817638,270.0,36502.77542042732,19.0
1819535,215.0,36549.43368411064,16.0
1820400,85.0,36570.72328424454,9.0
1821699,100.0,36601.85153341293,10.0
1823613,330.0,36650.08602142334,21.0
1824979,235.0,36684.21706819534,17.0
1827032,545.0,36736.25142145157,24.0
1827928,35.0,36758.08236217499,4.0
1828767,55.0,36779.65156173706,5.0
1830549,355.0,36824.71905708313,15.0
1832853,420.0,36882.8364880085,26.0
1835394,410.0,36945.881227731705,26.0
1837371,530.0,36995.082533597946,22.0
1839335,215.0,37043.859600782394,17.0
1841400,510.0,37093.126431941986,24.0
1842435,100.0,37117.90544509888,8.0
1843742,115.0,37151.012362957,9.0
1845593,195.0,37197.851922512054,15.0
1846664,70.0,37224.64634728432,7.0
1847741,130.0,37251.24285244942,11.0
1848713,160.0,37275.56575465202,11.0
1850621,285.0,37323.43884897232,21.0
1851672,180.0,37349.77106285095,13.0
1852617,70.0,37372.82993531227,9.0
1854757,380.0,37425.73179554939,24.0
1856075,155.0,37459.13424253464,13.0
1857332,85.0,37489.77070236206,8.0
1858788,270.0,37524.56075811386,20.0
1860527,320.0,37565.431780576706,20.0
1862395,245.0,37611.21357917786,15.0
1863240,45.0,37633.12121105194,6.0
1865124,390.0,37684.79819750786,16.0
1866720,325.0,37728.043927669525,22.0
1867897,125.0,37759.73523616791,12.0
1869586,275.0,37803.63265299797,21.0
1871451,490.0,37852.76467013359,20.0
1872487,80.0,37880.096974372864,9.0
1873835,160.0,37914.15825128555,14.0
1874695,65.0,37936.908165216446,7.0
1876633,235.0,37988.24280285835,18.0
1878423,215.0,38036.38068437576,18.0
1880928,440.0,38105.04377913475,29.0
1882239,135.0,38140.61578583717,13.0
1884037,205.0,38188.13592386246,16.0
1885130,100.0,38218.793422460556,10.0
1887517,340.0,38281.1037273407,24.0
1889207,265.0,38326.180902957916,18.0
1890866,225.0,38371.440834999084,17.0
1891998,110.0,38400.365042448044,8.0
1893568,190.0,38439.13406634331,17.0
1895394,175.0,38482.16076517105,15.0
1897112,340.0,38522.592895030975,22.0
1898842,190.0,38564.59590482712,14.0
1900206,145.0,38601.27788186073,12.0
1902009,285.0,38649.59553050995,22.0
1903276,150.0,38682.93420100212,14.0
1904547,150.0,38716.3960006237,11.0
1905245,45.0,38734.982323646545,4.0
1906200,135.0,38759.74455952644,11.0
1907258,100.0,38786.666624069214,8.0
1909198,585.0,38834.541613817215,27.0
1910126,155.0,38856.778777360916,12.0
1911685,180.0,38895.40035057068,14.0
1913337,220.0,38934.27239537239,17.0
1914750,150.0,38968.30389904976,11.0
1916446,200.0,39010.43353009224,17.0
1918339,380.0,39057.869327783585,22.0
1919760,100.0,39096.631600141525,11.0
1920743,80.0,39123.01725625992,10.0
1922391,420.0,39162.630291461945,17.0
1924952,450.0,39223.497049331665,28.0
1927386,600.0,39285.162970781326,27.0
1928831,140.0,39322.04819369316,14.0
1930372,85.0,39361.20249557495,9.0
1931693,135.0,39394.14242005348,14.0
1933317,320.0,39434.9926776886,20.0
1935071,140.0,39478.54420018196,14.0
1937044,310.0,39527.68596506119,21.0
1938476,185.0,39562.40742111206,14.0
1939920,130.0,39597.54752397537,13.0
1940832,140.0,39619.12147784233,11.0
1941859,105.0,39643.716212034225,9.0
1944123,340.0,39697.582758426666,24.0
1945572,270.0,39732.56032085419,17.0
1946792,90.0,39760.75490784645,10.0
1948294,260.0,39797.61125707626,17.0
1949827,365.0,39835.44758892059,23.0
1950682,105.0,39858.00211572647,9.0
1952093,160.0,39896.95574784279,15.0
1953393,135.0,39931.890462875366,10.0
1955462,240.0,39987.62586951256,19.0
1956753,100.0,40020.558602809906,10.0
1957638,105.0,40042.477796554565,10.0
1958952,135.0,40077.06341814995,9.0
1959992,110.0,40105.10251760483,10.0
1961751,265.0,40149.83683538437,19.0
1962728,95.0,40174.32323074341,6.0
1964727,185.0,40224.87646150589,15.0
1966449,225.0,40269.254476070404,18.0
1968112,270.0,40311.75752687454,18.0
1969582,295.0,40348.58300471306,21.0
1970923,190.0,40380.073870420456,17.0
1972542,280.0,40418.09424948692,20.0
1974073,250.0,40453.85657334328,18.0
1975891,535.0,40496.64671206474,22.0
1977561,285.0,40534.49781489372,17.0
1978973,200.0,40567.14213180542,16.0
1979783,70.0,40585.960312366486,8.0
1981477,335.0,40625.12947845459,23.0
1983743,345.0,40677.52604484558,24.0
1985683,375.0,40725.395980119705,26.0
1986995,180.0,40765.79498195648,16.0
1988696,250.0,40818.43546295166,20.0
1989739,120.0,40849.26592516899,9.0
1992191,600.0,40918.509566783905,26.0
1993698,425.0,40960.232592344284,19.0
1995126,205.0,40998.1578938961,16.0
1996153,140.0,41025.379682302475,13.0
1997739,220.0,41067.67891263962,17.0
1999274,220.0,41106.412722587585,17.0
2001140,220.0,41153.82067275047,14.0
2002564,115.0,41190.29955792427,8.0
2003876,125.0,41223.3826417923,12.0
2005125,80.0,41255.055453538895,9.0
2006758,150.0,41296.03561043739,11.0
2008087,165.0,41329.63188004494,13.0
2010783,460.0,41395.843504190445,29.0
2011798,180.0,41420.97334241867,14.0
2013442,250.0,41462.08646583557,18.0
2014354,85.0,41484.199085235596,8.0
2015599,155.0,41515.275862932205,12.0
2017120,245.0,41551.661640167236,19.0
2019249,330.0,41604.84333276749,24.0
2021479,470.0,41660.75319862366,28.0
2022557,70.0,41688.3022480011,8.0
2023855,95.0,41720.25846552849,10.0
2026119,390.0,41776.313425302505,26.0
2027805,255.0,41817.38375067711,19.0
2028962,220.0,41844.18989086151,17.0
2031298,380.0,41900.48251438141,26.0
2032862,165.0,41937.176799058914,14.0
2034504,305.0,41977.66473174095,20.0
2035764,55.0,42007.19756793976,7.0
2037789,260.0,42055.07308888435,16.0
2039643,250.0,42099.23728609085,19.0
2041185,260.0,42134.93416142464,19.0
2042765,220.0,42170.83393192291,16.0
2044062,175.0,42201.210513830185,14.0
2045404,170.0,42232.49144744873,14.0
2046204,65.0,42251.246023893356,7.0
2047069,105.0,42271.57721734047,9.0
2048732,300.0,42310.5478515625,21.0
2049670,55.0,42332.52764368057,8.0
2051778,295.0,42382.332644701004,21.0
2052406,20.0,42397.20074701309,3.0
2054101,285.0,42445.75101351738,19.0
2055572,215.0,42491.27779626846,16.0
2056545,135.0,42520.38108038902,10.0
2057512,100.0,42546.989832401276,10.0
2059600,245.0,42598.64956378937,19.0
2061205,290.0,42639.71785068512,22.0
2063503,620.0,42701.1498939991,27.0
2064474,20.0,42726.71924352646,3.0
2067099,310.0,42799.049432992935,23.0
2068760,235.0,42844.18336510658,19.0
2070430,380.0,42889.279779434204,25.0
2072274,285.0,42939.50355505943,21.0
2073282,115.0,42964.13876771927,11.0
2075952,725.0,43031.3417057991,33.0
2077570,435.0,43069.82321000099,21.0
2079667,305.0,43121.680792570114,20.0
2081402,260.0,43167.74452638626,19.0
2083724,395.0,43228.91248679161,27.0
2085150,175.0,43264.29260754585,14.0
2086793,220.0,43303.02111315727,17.0
2088432,290.0,43346.116746902466,19.0
2089914,230.0,43384.5795943737,19.0
2090940,150.0,43410.53867983818,14.0
2092142,165.0,43440.54689908028,13.0
2093394,195.0,43472.15263867378,15.0
2094896,210.0,43510.796119213104,16.0
2096828,240.0,43559.874066352844,19.0
2098368,185.0,43599.544585466385,15.0
2100174,270.0,43645.201756715775,19.0
2101528,165.0,43678.891025304794,14.0
2103196,605.0,43722.22129845619,26.0
2104507,175.0,43754.90483093262,17.0
2106091,250.0,43794.696610450745,19.0
2107390,100.0,43825.9631216526,12.0
2109325,375.0,43874.53713297844,25.0
2111219,265.0,43922.154151916504,18.0
2112844,230.0,43960.51037430763,18.0
2113919,90.0,43985.820229530334,9.0
2115383,225.0,44021.06255149841,19.0
2117331,310.0,44068.647421598434,21.0
2118316,145.0,44092.29372501373,13.0
2119648,170.0,44123.50981235504,15.0
2121117,160.0,44159.95775914192,14.0
2123174,240.0,44208.672362565994,19.0
2124362,175.0,44236.19217944145,12.0
2127134,375.0,44301.12302994728,26.0
2127992,65.0,44322.558948516846,8.0
2129607,250.0,44362.20167994499,17.0
2131112,180.0,44399.501869916916,15.0
2132579,175.0,44437.07685256004,16.0
2134214,200.0,44477.6399846077,15.0
2134950,55.0,44495.16046881676,8.0
2137355,520.0,44553.94353723526,24.0
2138076,45.0,44572.56053495407,5.0
2140337,275.0,44631.824706077576,18.0
2141871,290.0,44671.43138003349,22.0
2143122,175.0,44703.09349822998,15.0
2144483,205.0,44738.509497880936,15.0
2146193,305.0,44778.83023715019,23.0
2148186,460.0,44828.57488441467,30.0
2149473,225.0,44861.194798231125,15.0
2151722,485.0,44914.66960000992,20.0
2153252,170.0,44951.093794345856,14.0
2155723,495.0,45009.72961640358,31.0
2157783,440.0,45064.76244354248,27.0
2159057,130.0,45099.75950050354,10.0
2160941,460.0,45150.83351254463,19.0
2162634,310.0,45197.40258717537,21.0
2164500,240.0,45247.72736597061,20.0
2166673,415.0,45305.977655649185,28.0
2168249,310.0,45347.40118145943,21.0
2169578,150.0,45382.18514919281,12.0
2171416,105.0,45430.23317050934,12.0
2172450,95.0,45456.052119493484,10.0
2174288,300.0,45500.95763731003,22.0
2175186,55.0,45524.06769299507,7.0
2176552,130.0,45558.088480234146,13.0
2177819,105.0,45590.49419593811,11.0
2179245,165.0,45625.68923687935,14.0
2181478,545.0,45680.44090771675,33.0
2182799,180.0,45714.96881341934,14.0
2184619,310.0,45760.904833078384,21.0
2186051,120.0,45795.63241934776,11.0
2187342,95.0,45829.19326424599,9.0
2188757,155.0,45865.49166679382,14.0
2189750,140.0,45891.54176735878,12.0
2190789,175.0,45917.94053006172,14.0
2192225,215.0,45953.858290195465,15.0
2193487,160.0,45984.71300172806,16.0
2195430,350.0,46033.15729570389,23.0
2197288,500.0,46079.42660188675,22.0
2198305,85.0,46104.44439911842,11.0
2200405,260.0,46156.33640527725,21.0
2202259,235.0,46202.3633313179,17.0
2204135,250.0,46247.38162612915,20.0
2205653,255.0,46284.950880765915,19.0
2208021,420.0,46344.98680472374,27.0
2210824,535.0,46414.36154508591,32.0
2212726,220.0,46464.54740571976,16.0
2213751,140.0,46491.14303827286,13.0
2215363,205.0,46531.13450598717,17.0
2217572,360.0,46585.524532318115,25.0
2219403,315.0,46630.98662900925,22.0
2220972,260.0,46668.90793085098,20.0
2223255,365.0,46725.58525848389,22.0
2224944,430.0,46769.19490432739,20.0
2226233,170.0,46800.34506678581,13.0
2227311,35.0,46828.29936671257,4.0
2228877,260.0,46868.22915315628,20.0
2230312,150.0,46902.97604942322,14.0
2231280,70.0,46927.64469075203,7.0
2233322,325.0,46977.841748952866,24.0
2234527,145.0,47007.18933081627,13.0
2235749,40.0,47036.959716796875,7.0
2236821,65.0,47063.43986940384,8.0
2238749,485.0,47111.011843919754,23.0
2240720,315.0,47160.42228245735,21.0
2242750,265.0,47214.07375216484,21.0
2244051,120.0,47248.151794195175,12.0
2245319,125.0,47281.45305895805,11.0
2246290,140.0,47305.64799499512,12.0
2247896,255.0,47342.623593091965,20.0
2248628,100.0,47359.096549749374,10.0
2249795,205.0,47388.42605161667,17.0
2252010,575.0,47442.754700660706,27.0
2253491,455.0,47477.3118994236,21.0
2255359,295.0,47521.10109758377,21.0
2256389,70.0,47544.86853837967,8.0
2258816,440.0,47602.05337524414,29.0
2259543,70.0,47620.10429978371,8.0
2261398,285.0,47663.95697808266,20.0
2263576,300.0,47716.102432489395,21.0
2265468,450.0,47765.76853990555,21.0
2267378,360.0,47812.39676761627,25.0
2269292,550.0,47861.06453847885,25.0
2270555,165.0,47891.98709654808,15.0
2272594,410.0,47941.49277353287,26.0
2273703,95.0,47968.83972978592,10.0
2276160,695.0,48028.71758675575,32.0
2278038,310.0,48073.21490597725,23.0
2279638,155.0,48108.97740530968,12.0
2281098,235.0,48140.938693761826,18.0
2283387,400.0,48191.55624747276,27.0
2285293,355.0,48233.322888851166,24.0
2286308,125.0,48255.32050156593,13.0
2288220,255.0,48296.14336967468,18.0
2289781,305.0,48328.2189412117,23.0
2290805,190.0,48348.29323029518,15.0
2292112,415.0,48373.86590528488,16.0
2293594,230.0,48402.38527941704,17.0
2294980,310.0,48428.381534576416,22.0
2297387,550.0,48472.0104162693,33.0
2298832,300.0,48499.61908078194,21.0
2299612,110.0,48514.0563185215,10.0
2300990,210.0,48538.946855545044,16.0
2301807,115.0,48553.695586919785,12.0
2302906,90.0,48574.04702806473,10.0
2304383,280.0,48600.74906754494,21.0
2306282,260.0,48632.5883641243,21.0
2307834,185.0,48658.367401599884,15.0
2308555,75.0,48670.20605993271,8.0
2309985,230.0,48688.99508476257,18.0
2311494,245.0,48707.71753311157,19.0
2313894,565.0,48735.31872057915,24.0
2316171,385.0,48760.693288087845,26.0
2317181,150.0,48772.132563114166,11.0
2319135,295.0,48792.77293920517,21.0
2320687,220.0,48808.93510007858,17.0
2322332,395.0,48825.71351265907,16.0
2323921,240.0,48841.182384967804,20.0
2324893,40.0,48850.112322092056,5.0
2325951,110.0,48859.89387989044,9.0
2327892,305.0,48877.703357219696,22.0
2329826,255.0,48895.497791051865,20.0
2331096,200.0,48907.13993501663,15.0
2332656,450.0,48921.44207954407,20.0
2333935,150.0,48932.648767232895,12.0
2334724,60.0,48939.58999347687,6.0
2335946,220.0,48950.275777339935,16.0
2336680,100.0,48956.6360604763,10.0
2337323,60.0,48962.35336780548,6.0
2339940,480.0,48985.01379609108,30.0
2341231,200.0,48996.117691755295,17.0
2343204,315.0,49013.066853523254,23.0
2344211,110.0,49021.65943455696,12.0
2344929,105.0,49027.93003702164,8.0
2345865,145.0,49035.92469954491,13.0
2348278,465.0,49056.80838060379,30.0
2349767,190.0,49069.65848302841,15.0
2351165,135.0,49081.72045683861,13.0
2353068,245.0,49098.27960515022,17.0
2353940,80.0,49105.91834807396,9.0
2356080,605.0,49124.3999876976,28.0
2357970,335.0,49140.74297642708,25.0
2359810,360.0,49156.62159538269,24.0
2362499,400.0,49179.703491449356,26.0
2364931,455.0,49200.507593393326,30.0
2366675,265.0,49215.82728147507,20.0
2368679,385.0,49233.442398548126,27.0
2369882,180.0,49244.126147031784,17.0
2370577,35.0,49250.23892450333,4.0
2371539,200.0,49258.78080391884,14.0
2373191,355.0,49273.17492890358,25.0
2374861,285.0,49287.635694503784,19.0
2376740,460.0,49303.8299305439,30.0
2378189,230.0,49316.44075727463,18.0
2379177,160.0,49325.10250926018,13.0
2380483,105.0,49336.6011531353,11.0
2381814,275.0,49348.38887691498,20.0
2383668,395.0,49364.81671833992,26.0
2385620,390.0,49382.18897604942,26.0
2386369,60.0,49388.7283346653,7.0
2388536,525.0,49407.81426668167,24.0
2390261,325.0,49423.091763973236,21.0
2391486,215.0,49433.9595952034,17.0
2392687,150.0,49444.496616363525,14.0
2393491,105.0,49451.5893843174,11.0
2395316,450.0,49467.43687462807,20.0
2397228,295.0,49484.31174612045,21.0
2398753,200.0,49497.64064574242,18.0
2400252,200.0,49510.810859680176,18.0
2402193,355.0,49527.90808057785,25.0
2403215,160.0,49536.76548361778,15.0
2404706,210.0,49549.904161930084,15.0
2406289,345.0,49563.866413354874,22.0
2407560,150.0,49575.07885432243,14.0
2408850,155.0,49586.53200984001,16.0
2410572,270.0,49601.7237701416,20.0
2412736,345.0,49620.934790849686,24.0
2415208,605.0,49642.224133491516,29.0
2416917,240.0,49656.99202084541,18.0
2419297,575.0,49677.52027320862,34.0
2420562,255.0,49688.33289384842,17.0
2422824,400.0,49707.73397564888,26.0
2424253,225.0,49719.97466516495,20.0
2426422,375.0,49738.541409254074,25.0
2428049,275.0,49752.585580825806,21.0
2429614,290.0,49765.89237999916,21.0
2431428,200.0,49781.22266316414,15.0
2432166,75.0,49787.453729867935,7.0
2433663,220.0,49800.23666858673,19.0
2435131,235.0,49813.15264225006,19.0
2437344,380.0,49832.4461619854,26.0
2439767,410.0,49853.7991836071,28.0
2441911,320.0,49872.82422161102,23.0
2443384,250.0,49885.705022096634,18.0
2444817,250.0,49898.2468354702,18.0
2446332,330.0,49911.43431854248,23.0
2447401,195.0,49920.69855761528,13.0
2449367,580.0,49937.60996198654,27.0
2451179,205.0,49953.28265810013,16.0
2453190,425.0,49970.804632902145,28.0
2455049,405.0,49986.89713716507,27.0
2456559,215.0,49999.875266075134,18.0
2457677,245.0,50009.580189704895,15.0
2459704,265.0,50027.10558819771,19.0
2461567,315.0,50043.38439702988,24.0
2463560,315.0,50060.82550358772,22.0
2464850,140.0,50072.18482851982,13.0
2466801,415.0,50089.12831354141,28.0
2468578,390.0,50104.73245763779,26.0
2471302,570.0,50128.29799962044,27.0
2473093,330.0,50143.87601017952,22.0
2474144,110.0,50153.1482591629,9.0
2476412,430.0,50173.13641285896,27.0
2478195,495.0,50188.792790174484,22.0
2479382,185.0,50199.10187625885,15.0
2481735,425.0,50219.7331738472,28.0
2483612,245.0,50236.129230737686,19.0
2486343,485.0,50259.99832701683,30.0
2488545,305.0,50279.14671874046,23.0
2490809,355.0,50298.81335115433,26.0
2492697,535.0,50315.216754198074,21.0
2494362,390.0,50329.73473954201,26.0
2495912,295.0,50343.13503551483,21.0
2497507,310.0,50357.066063165665,21.0
2499187,350.0,50371.728726148605,24.0
2500594,190.0,50383.9216902256,17.0
2502479,290.0,50400.169555425644,21.0
2504182,590.0,50415.124690532684,26.0
2505325,240.0,50425.193014383316,15.0
2506547,130.0,50436.03260803223,9.0
2508498,310.0,50453.17601966858,21.0
2509781,210.0,50464.46299910545,17.0
2511361,260.0,50478.45855760574,16.0
2512361,80.0,50487.43304228783,8.0
2513790,180.0,50499.946360588074,14.0
2515109,235.0,50511.7450671196,14.0
2517041,260.0,50528.54187846184,18.0
2519633,450.0,50551.39752626419,29.0
2520908,190.0,50562.57745337486,17.0
2522286,265.0,50574.39680433273,19.0
2523974,450.0,50588.88086056709,21.0
2524773,30.0,50595.78048300743,4.0
2527174,340.0,50616.50606036186,24.0
2528407,260.0,50627.32401394844,19.0
2530077,255.0,50642.014221191406,20.0
2532267,310.0,50660.91505217552,20.0
2533722,175.0,50673.459392786026,17.0
2534451,115.0,50679.69962525368,10.0
2535928,240.0,50692.3283905983,19.0
2537528,280.0,50706.08269405365,21.0
2538946,195.0,50718.164712667465,17.0
2540515,470.0,50731.485501527786,23.0
2542158,570.0,50745.86613225937,27.0
2544239,335.0,50764.01211190224,23.0
2545826,265.0,50777.70282626152,17.0
2547457,120.0,50791.7342133522,12.0
2549049,290.0,50805.6188454628,22.0
2550541,185.0,50818.74542808533,15.0
2553090,765.0,50841.07618069649,27.0
2554773,335.0,50855.81461787224,23.0
2556325,250.0,50869.21977519989,21.0
2558116,260.0,50884.86277341843,18.0
2559424,265.0,50896.2716023922,19.0
2561402,605.0,50913.66068673134,27.0
2563649,390.0,50933.46492433548,25.0
2564587,120.0,50941.982320547104,10.0
2567692,550.0,50968.91883468628,33.0
2568484,55.0,50975.768701553345,7.0
2570328,320.0,50991.53303909302,22.0
2572466,490.0,51010.129390478134,30.0
2574231,275.0,51025.54314470291,20.0
2576334,460.0,51043.935876607895,29.0
2578274,325.0,51060.91591334343,24.0
2580028,255.0,51076.25219082832,21.0
2582176,365.0,51095.078010082245,24.0
2583915,390.0,51110.232748270035,25.0
2585557,315.0,51124.74918270111,22.0
2587501,310.0,51141.36693882942,20.0
2589137,415.0,51155.711894750595,17.0
2590182,200.0,51164.756071567535,15.0
2591174,180.0,51173.382450819016,13.0
2592007,60.0,51180.550872802734,7.0
2593438,230.0,51192.94332194328,18.0
2595097,445.0,51207.2280497551,21.0
2596575,245.0,51219.78331923485,20.0
2598454,300.0,51235.93171834946,21.0
2601147,655.0,51259.288741350174,30.0
2602832,200.0,51274.03447794914,15.0
2604584,280.0,51289.300708293915,22.0
2605882,155.0,51300.53935265541,15.0
2608042,395.0,51319.20323681831,26.0
2609501,280.0,51331.663830041885,21.0
2610831,265.0,51343.08799290657,21.0
2612680,310.0,51359.416890859604,22.0
2614399,260.0,51374.545808553696,21.0
2616313,260.0,51391.2483651638,22.0
2618550,275.0,51410.9069647789,22.0
2620197,510.0,51425.38015246391,24.0
2622281,325.0,51443.776691913605,24.0
2623749,365.0,51456.70280480385,16.0
2625100,165.0,51468.54768419266,14.0
2626154,75.0,51477.76245498657,8.0
2627622,265.0,51490.59815239906,17.0
2629713,480.0,51508.95958542824,30.0
2631403,230.0,51523.65825200081,17.0
2633305,305.0,51540.17470383644,23.0
2635026,295.0,51555.018075704575,21.0
2636609,230.0,51568.79972457886,18.0
2638925,550.0,51588.9616215229,25.0
2640700,370.0,51604.58062052727,26.0
2641662,135.0,51612.92801260948,13.0
2643222,190.0,51626.43891096115,17.0
2644523,195.0,51637.78233098984,15.0
2645565,170.0,51646.85526537895,14.0
2646311,50.0,51653.29158639908,6.0
2647453,125.0,51663.136276721954,9.0
2649976,445.0,51684.91495370865,29.0
2651871,275.0,51701.21078252792,22.0
2655096,530.0,51729.14661884308,32.0
2656411,150.0,51740.54240441322,14.0
2657522,215.0,51750.18759536743,15.0
2659252,385.0,51765.1062104702,24.0
2661514,345.0,51784.648069381714,24.0
2662777,185.0,51795.7658200264,16.0
2663644,45.0,51803.409962654114,7.0
2665695,340.0,51821.33202910423,22.0
2666762,125.0,51830.53975105286,12.0
2667568,105.0,51837.472059726715,8.0
2669680,270.0,51855.81690979004,18.0
2670956,205.0,51866.878266096115,16.0
2673252,520.0,51886.90141224861,23.0
2674925,315.0,51901.66695904732,22.0
2676526,315.0,51915.74071931839,21.0
2678188,350.0,51930.18472123146,25.0
2679197,120.0,51939.07598948479,11.0
2680178,150.0,51947.520303964615,11.0
2681451,200.0,51958.604382276535,14.0
2682776,180.0,51970.203342437744,17.0
2684720,560.0,51987.39381194115,27.0
2686050,225.0,51998.981588602066,19.0
2687033,85.0,52007.759892225266,10.0
2688488,200.0,52020.85617184639,17.0
2690498,565.0,52038.54732966423,26.0
2691509,165.0,52047.470722436905,15.0
2692801,230.0,52058.884695768356,19.0
2695386,410.0,52081.45456457138,27.0
2697033,230.0,52095.93381023407,18.0
2698088,70.0,52105.159803152084,8.0
2700912,500.0,52129.77701044083,31.0
2702546,280.0,52144.03182077408,22.0
2704570,410.0,52161.94973349571,27.0
2706756,470.0,52181.20430064201,22.0
2708338,310.0,52195.27660536766,22.0
2710205,245.0,52211.94591999054,19.0
2711558,230.0,52223.93447136879,18.0
2713238,220.0,52238.818529844284,16.0
2715451,345.0,52258.34638786316,21.0
2716424,145.0,52266.953988075256,12.0
2717445,125.0,52276.047788619995,13.0
2720308,460.0,52301.198803424835,29.0
2721700,270.0,52313.41504693031,19.0
2722819,200.0,52323.25801515579,16.0
2724304,335.0,52336.18655371666,24.0
2725795,290.0,52349.48399782181,22.0
2727143,220.0,52361.58522057533,19.0
2728792,280.0,52376.23235940933,22.0
2730238,210.0,52389.16544866562,19.0
2731928,265.0,52403.81338810921,20.0
2734112,405.0,52422.72020769119,28.0
2735000,70.0,52430.33926939964,7.0
2737592,475.0,52452.789638996124,29.0
2739943,365.0,52473.395899534225,25.0
2742274,390.0,52493.68371129036,26.0
2743684,235.0,52505.86181592941,19.0
2744966,165.0,52516.88304758072,15.0
2747268,320.0,52536.849383831024,23.0
2748511,265.0,52547.40684580803,19.0
2749628,255.0,52556.955291986465,20.0
2751655,240.0,52574.23311209679,19.0
2752648,175.0,52582.76039791107,13.0
2754497,300.0,52598.66631126404,22.0
2755874,160.0,52610.43499279022,15.0
2757203,160.0,52621.85080265999,16.0
2759497,425.0,52641.59654998779,27.0
2761464,285.0,52658.431586027145,22.0
2762432,135.0,52666.69306230545,11.0
2764516,475.0,52684.703145980835,21.0
2766467,215.0,52701.71719574928,17.0
2768380,285.0,52718.47080826759,20.0
2770141,355.0,52733.70117306709,23.0
2771457,250.0,52744.980261325836,20.0
2773078,240.0,52759.074335575104,18.0
2774806,275.0,52773.98413562775,21.0
2776282,270.0,52786.88326597214,20.0
2777892,240.0,52801.25088477135,18.0
2778857,80.0,52809.86477661133,9.0
2780747,340.0,52826.52873086929,23.0
2782477,310.0,52841.91848087311,21.0
2783753,270.0,52853.27055001259,19.0
2785584,295.0,52869.769140958786,22.0
2787856,430.0,52889.6754386425,27.0
2789107,245.0,52900.53860902786,15.0
2790134,140.0,52909.40803837776,13.0
2791724,465.0,52923.020481586456,21.0
2792492,75.0,52929.63997507095,8.0
2794272,215.0,52944.73595762253,15.0
2796050,505.0,52959.90943789482,23.0
2797086,55.0,52968.84566140175,5.0
2798361,105.0,52979.95951509476,11.0
2799872,355.0,52992.99211549759,26.0
2801808,365.0,53009.50909924507,26.0
2803344,220.0,53022.587059020996,18.0
2804798,275.0,53034.98582816124,21.0
2807003,505.0,53053.60616326332,24.0
2809568,510.0,53075.30130195618,31.0
2811066,310.0,53088.33902192116,23.0
2812821,235.0,53103.35346198082,20.0
2813961,205.0,53113.033938884735,19.0
2816243,470.0,53132.71421265602,30.0
2817742,235.0,53145.764377593994,19.0
2819418,195.0,53160.39564681053,15.0
2821544,405.0,53179.17749834061,27.0
2823100,195.0,53192.73657655716,16.0
2824476,245.0,53204.87804841995,20.0
2825284,115.0,53212.05702972412,10.0
2826164,90.0,53219.751108407974,10.0
2828177,440.0,53237.246786117554,27.0
2829348,135.0,53247.70297384262,15.0
2831690,515.0,53268.40833735466,31.0
2833570,405.0,53285.02194976807,25.0
2835538,285.0,53302.33181595802,20.0
2837537,230.0,53320.07137584686,20.0
2838628,90.0,53329.786736011505,10.0
2840796,345.0,53349.007355451584,24.0
2842487,295.0,53363.83386826515,23.0
2843673,200.0,53374.200036525726,18.0
2845932,745.0,53393.892508268356,34.0
2847029,215.0,53403.58658480644,16.0
2848529,325.0,53416.72689962387,24.0
2849903,265.0,53428.89066243172,20.0
2852127,620.0,53448.08120012283,28.0
2853516,150.0,53459.999525785446,14.0
2855222,255.0,53474.683735609055,20.0
2857149,360.0,53491.441831827164,25.0
2858520,235.0,53503.34862971306,19.0
2860147,305.0,53517.41498208046,23.0
2862022,290.0,53533.42731451988,21.0
2862761,50.0,53539.723133802414,5.0
2864110,140.0,53551.48652267456,10.0
2866035,275.0,53568.44367980957,21.0
2866748,90.0,53574.588938713074,9.0
2868778,435.0,53591.92656612396,28.0
2870053,140.0,53602.77295923233,13.0
2871378,210.0,53614.0426299572,17.0
2873621,380.0,53633.42036104202,26.0
2874866,165.0,53644.19196009636,16.0
2876755,335.0,53660.55047607422,24.0
2878607,275.0,53676.48337101936,20.0
2880139,505.0,53689.53969669342,21.0
2881376,190.0,53700.030958890915,18.0
2883303,290.0,53716.328919410706,22.0
2884925,175.0,53730.25926685333,15.0
2886577,375.0,53744.62326288223,25.0
2888229,275.0,53758.81631016731,20.0
2889816,510.0,53772.56523060799,23.0
2890979,155.0,53782.79164958,10.0
2891913,135.0,53790.91823220253,12.0
2892807,70.0,53798.557482004166,7.0
2894579,280.0,53813.72351717949,21.0
2896903,395.0,53833.513847351074,24.0
2897622,100.0,53839.62733364105,10.0
2900522,775.0,53864.27238726616,35.0
2902005,345.0,53877.22598910332,23.0
2903393,235.0,53889.31116461754,19.0
2905474,440.0,53907.432705163956,28.0
2907542,255.0,53925.59670805931,18.0
2908511,55.0,53934.09375023842,6.0
2909518,140.0,53942.9708070755,14.0
2911196,270.0,53957.72850847244,21.0
2913073,350.0,53974.04637622833,24.0
2914641,260.0,53987.70223283768,22.0
2916128,260.0,54000.785024642944,21.0
2917506,415.0,54012.798072338104,19.0
2918908,285.0,54025.05411887169,19.0
2919829,125.0,54033.15173244476,11.0
2921153,155.0,54044.65490221977,14.0
2922679,335.0,54058.0844578743,23.0
2924393,285.0,54073.01137304306,23.0
2925786,140.0,54085.09537935257,13.0
2927703,185.0,54101.67451572418,16.0
2929681,600.0,54118.56014204025,28.0
2930583,90.0,54126.36886692047,9.0
2932967,450.0,54146.81407594681,29.0
2934235,120.0,54157.50059843063,13.0
2936376,260.0,54175.8751142025,20.0
2937877,225.0,54188.84577345848,18.0
2939690,265.0,54204.5124464035,22.0
2940967,280.0,54215.53342342377,20.0
2942521,280.0,54228.93656086922,22.0
2943746,235.0,54239.465477705,19.0
2944953,115.0,54249.85857653618,11.0
2946563,210.0,54263.55578303337,18.0
2948373,275.0,54278.969324588776,22.0
2950433,275.0,54296.73069906235,22.0
2953741,770.0,54325.34065556526,34.0
2955572,260.0,54341.181948661804,20.0
2956369,80.0,54348.0301091671,9.0
2957996,195.0,54362.31181669235,18.0
2959789,190.0,54377.91715669632,18.0
2961792,455.0,54395.32816910744,29.0
2964213,440.0,54416.460458517075,28.0
2966220,340.0,54434.000478982925,25.0
2967717,155.0,54447.01634311676,15.0
2970394,500.0,54470.18439388275,31.0
2971382,145.0,54478.62350130081,14.0
2973401,470.0,54495.94245624542,30.0
2974722,180.0,54507.17892026901,15.0
2976545,180.0,54522.806403160095,16.0
2978036,210.0,54535.63955831528,17.0
2979893,340.0,54551.7243001461,23.0
2980923,130.0,54560.76390480995,11.0
2982944,515.0,54578.398901462555,25.0
2984897,300.0,54595.24121642113,22.0
2987863,605.0,54620.9348988533,35.0
2989367,240.0,54634.18341469765,20.0
2992149,630.0,54658.72826695442,36.0
2993808,255.0,54673.44835853577,20.0
2994848,140.0,54682.66434907913,11.0
2996186,175.0,54694.3519551754,13.0
2999125,715.0,54719.552018880844,33.0
3001315,335.0,54738.45794081688,23.0
3002861,480.0,54751.74077486992,22.0
3004048,170.0,54762.12822723389,15.0
3005891,240.0,54778.10011410713,20.0
3007661,300.0,54793.26163029671,19.0
3009247,375.0,54806.84157919884,26.0
3010996,250.0,54821.84830951691,18.0
3012370,295.0,54833.621646404266,23.0
3013790,285.0,54845.73715257645,20.0
3015542,480.0,54860.71389460564,22.0
3016537,170.0,54869.08566021919,14.0
3017805,225.0,54879.91057395935,19.0
3019071,295.0,54890.742487192154,22.0
3020127,160.0,54899.697602033615,12.0
3021385,140.0,54910.30585074425,11.0
3022933,135.0,54923.558779239655,12.0
3023628,65.0,54929.640555381775,7.0
3025972,405.0,54949.896189689636,27.0
3027810,335.0,54965.71064066887,23.0
3028807,85.0,54974.38536310196,9.0
3030460,355.0,54988.66323304176,26.0
3031816,225.0,55000.396840810776,19.0
3034296,445.0,55022.14696121216,28.0
3035502,200.0,55032.546872377396,17.0
3037335,370.0,55048.14636898041,23.0
3038677,180.0,55059.73996758461,17.0
3040333,320.0,55073.98496723175,20.0
3042193,365.0,55090.063395023346,25.0
3044246,550.0,55107.81388139725,26.0
3045034,105.0,55114.487778902054,12.0
3046979,595.0,55131.137085437775,28.0
3048608,255.0,55145.28395819664,21.0
3050073,275.0,55157.87167906761,22.0
3052058,330.0,55174.870522499084,23.0
3053625,275.0,55188.454391002655,19.0
3055757,350.0,55206.96523976326,23.0
3057377,235.0,55220.87794971466,17.0
3059509,230.0,55239.247388362885,18.0
3061445,230.0,55255.85751199722,19.0
3063018,375.0,55269.42761659622,24.0
3064754,395.0,55284.32837224007,24.0
3066660,335.0,55300.78260540962,21.0
3068516,340.0,55316.65442752838,21.0
3070532,410.0,55333.97039961815,27.0
3071886,80.0,55345.654985666275,9.0
3074333,485.0,55367.04085564613,29.0
3076429,385.0,55385.40908908844,26.0
3077713,195.0,55396.558517456055,15.0
3079332,185.0,55410.72072434425,14.0
3080022,45.0,55416.918848991394,5.0
3081136,105.0,55426.75553750992,12.0
3083345,450.0,55445.91965794563,29.0
3084064,95.0,55452.00245642662,9.0
3085652,300.0,55465.739896297455,23.0
3087533,390.0,55481.80794429779,25.0
3089205,180.0,55496.12476181984,16.0
3090772,240.0,55509.5833029747,18.0
3092532,310.0,55524.80569577217,23.0
3094553,560.0,55542.32566285133,25.0
3096533,510.0,55559.22380852699,23.0
3097264,95.0,55565.54635810852,9.0
3099200,335.0,55582.06398844719,23.0
3101036,405.0,55597.73843359947,27.0
3102101,150.0,55606.909848451614,15.0
3103736,265.0,55620.542154073715,21.0
3105393,230.0,55634.6463367939,19.0
3106394,135.0,55643.17816901207,12.0
3107768,200.0,55654.91997098923,17.0
3109081,225.0,55666.13338184357,17.0
3111424,605.0,55686.287472486496,28.0
3112860,265.0,55698.6222486496,21.0
3114691,455.0,55714.33361053467,29.0
3116550,350.0,55730.30041050911,25.0
3118120,220.0,55743.74592757225,18.0
3119756,505.0,55757.87101626396,23.0
3121076,150.0,55769.08942890167,13.0
3122496,190.0,55781.355076789856,17.0
3124304,415.0,55796.67928981781,26.0
3126007,340.0,55811.300206661224,22.0
3127187,190.0,55821.625893354416,15.0
3128664,215.0,55834.50323343277,17.0
3130717,305.0,55852.493980407715,22.0
3131751,150.0,55861.48656320572,13.0
3133770,485.0,55879.04157972336,30.0
3134787,140.0,55888.07472872734,13.0
3136910,240.0,55906.539309978485,18.0
3138591,195.0,55921.19377374649,18.0
3140465,240.0,55937.491366147995,18.0
3141431,190.0,55945.843368291855,14.0
3142885,460.0,55958.410113334656,21.0
3143852,90.0,55966.81009030342,10.0
3145395,195.0,55980.21400332451,15.0
3147602,345.0,55999.57517004013,23.0
3148995,265.0,56011.67868709564,18.0
3149851,110.0,56019.09364581108,11.0
3152421,380.0,56041.272787332535,26.0
3153956,320.0,56054.35051417351,21.0
3155897,300.0,56071.15413427353,22.0
3158280,565.0,56091.81231999397,33.0
3159439,160.0,56101.992804288864,14.0
3160969,335.0,56115.38681578636,24.0
3162522,320.0,56128.8723628521,21.0
3164121,135.0,56142.78708958626,14.0
3167527,690.0,56172.545654296875,31.0
3169761,395.0,56192.33470892906,26.0
3170562,55.0,56199.374458789825,8.0
3172082,250.0,56212.66851782799,21.0
3172854,80.0,56219.31427717209,7.0
3174712,170.0,56235.76884102821,15.0
3175736,175.0,56244.79519557953,13.0
3177593,365.0,56260.97744035721,26.0
3179143,165.0,56274.560755968094,16.0
3180309,115.0,56284.71206021309,11.0
3182155,365.0,56301.11476922035,25.0
3182908,45.0,56307.78104996681,6.0
3184198,170.0,56319.19408249855,15.0
3185497,230.0,56330.902060985565,19.0
3187044,215.0,56344.743431806564,18.0
3188700,295.0,56359.655930280685,21.0
3190316,340.0,56374.16655087471,24.0
3191326,140.0,56383.149609327316,12.0
3194290,570.0,56409.587565898895,34.0
3196651,500.0,56430.91922020912,31.0
3198601,310.0,56448.27028131485,20.0
3199944,230.0,56460.00990772247,15.0
3200993,110.0,56469.47294425964,11.0
3202873,270.0,56486.32065200806,22.0
3205709,470.0,56511.75976920128,30.0
3207002,205.0,56523.409499406815,17.0
3209582,625.0,56546.457230091095,29.0
3210760,185.0,56557.013716459274,16.0
3212740,370.0,56574.736062049866,26.0
3214439,240.0,56589.753298044205,18.0
3216155,350.0,56604.80705809593,24.0
3218984,695.0,56629.90983939171,32.0
3220559,320.0,56643.93331694603,24.0
3222372,315.0,56659.770417928696,23.0
3225024,490.0,56683.336817741394,31.0
3227102,355.0,56701.59930610657,25.0
3228771,410.0,56715.91367959976,26.0
3230763,610.0,56733.55605340004,27.0
3231744,110.0,56742.22361588478,11.0
3232474,75.0,56748.36402797699,8.0
3233444,105.0,56756.81531333923,9.0
3235644,565.0,56775.7614338398,25.0
3237515,310.0,56791.83979964256,23.0
3238289,30.0,56798.655512571335,4.0
3239332,90.0,56807.75413131714,10.0
3240563,210.0,56818.33112311363,17.0
3242417,300.0,56834.15276098251,23.0
3243445,150.0,56842.97568368912,14.0
3244875,190.0,56855.290712833405,15.0
3245869,150.0,56863.95596218109,11.0
3247745,515.0,56880.168452978134,24.0
3249489,245.0,56895.279883146286,21.0
3251336,275.0,56911.20083117485,21.0
3253830,440.0,56932.639130592346,29.0
3255036,200.0,56943.10786628723,17.0
3256976,325.0,56959.95770955086,24.0
3257994,190.0,56968.56809782982,15.0
3259630,510.0,56982.404386758804,22.0
3260895,290.0,56993.22921347618,19.0
3262380,235.0,57005.807958602905,20.0
3264206,340.0,57021.42043018341,24.0
3266292,470.0,57039.52735543251,30.0
3268951,435.0,57062.343393325806,28.0
3269784,105.0,57069.61499619484,10.0
3272353,520.0,57091.80874800682,32.0
3274098,440.0,57106.94298672676,29.0
3276441,485.0,57127.41775894165,31.0
3277420,125.0,57136.01604318619,13.0
3280244,800.0,57160.635206222534,36.0
3282468,370.0,57179.818323135376,25.0
3283870,240.0,57191.74143385887,20.0
3286108,500.0,57211.35203790665,30.0
3287950,310.0,57227.359812259674,22.0
3289348,235.0,57238.656126737595,20.0
3290765,190.0,57249.87391805649,16.0
3292433,305.0,57263.14748263359,21.0
3295053,715.0,57281.52740955353,33.0
3297043,470.0,57293.42121219635,29.0
3298608,295.0,57302.686948776245,21.0
3300084,455.0,57311.41863965988,22.0
3301938,350.0,57322.33456707001,24.0
3303395,245.0,57331.06694793701,21.0
3305048,320.0,57340.87818264961,22.0
3306174,170.0,57347.521169900894,15.0
3307258,215.0,57353.902587890625,19.0
3309465,320.0,57366.918780088425,22.0
3310888,230.0,57375.261875629425,17.0
3313397,550.0,57389.947865486145,33.0
3314638,125.0,57397.188577890396,11.0
3316228,290.0,57406.435573101044,22.0
3317064,30.0,57411.42024087906,3.0
3318700,245.0,57420.95448970795,17.0
3320200,295.0,57429.80838942528,22.0
3322176,350.0,57441.45467710495,25.0
3323946,365.0,57452.03401207924,25.0
3325324,275.0,57460.139240026474,21.0
3327884,465.0,57475.27106666565,30.0
3329351,215.0,57483.93823671341,18.0
3330703,215.0,57492.072341918945,19.0
3331953,210.0,57499.3830704689,17.0
3332937,180.0,57505.15056800842,15.0
3333939,115.0,57511.00376749039,7.0
3336070,260.0,57523.64524936676,19.0
3337782,275.0,57533.734817266464,22.0
3340036,560.0,57546.984558820724,26.0
3342148,385.0,57559.42700791359,26.0
3344743,415.0,57574.811584472656,26.0
3346371,315.0,57584.424030303955,23.0
3347842,190.0,57593.220052719116,15.0
3348857,115.0,57599.25064969063,11.0
3349517,80.0,57603.22585105896,8.0
