1742,40.0,28.85802698135376,4.0
4758,260.0,51.71449375152588,17.0
7365,85.0,71.33894848823547,6.0
10138,105.0,91.7928376197815,6.0
12201,80.0,107.67464971542358,6.0
16033,115.0,136.64707040786743,9.0
19799,195.0,164.13364791870117,15.0
22208,40.0,182.0104796886444,5.0
24799,100.0,198.95335459709167,9.0
26364,80.0,208.36567878723145,5.0
29523,425.0,226.16965746879578,15.0
32179,30.0,241.10869431495667,4.0
36191,260.0,263.94560647010803,19.0
38764,60.0,280.11004853248596,6.0
42028,115.0,306.0727894306183,10.0
43779,75.0,319.76163268089294,5.0
47050,225.0,346.8502285480499,14.0
48916,80.0,361.6073114871979,7.0
52876,300.0,393.21801018714905,19.0
54835,45.0,408.8017897605896,5.0
56700,65.0,424.1572835445404,8.0
58879,95.0,441.76245522499084,7.0
61085,35.0,459.45061707496643,4.0
63057,30.0,475.8166184425354,3.0
67599,210.0,512.5253572463989,18.0
71330,195.0,543.0366966724396,13.0
76186,395.0,582.2644584178925,15.0
79462,65.0,607.7440450191498,8.0
83993,240.0,643.9131076335907,18.0
86882,85.0,667.4867081642151,8.0
88924,75.0,683.3717699050903,5.0
91332,105.0,703.0543711185455,6.0
95080,145.0,733.0171468257904,13.0
98811,165.0,762.9482164382935,12.0
101435,60.0,784.0350816249847,7.0
104436,115.0,809.3004989624023,8.0
107645,180.0,834.9566669464111,11.0
109437,65.0,849.7034244537354,6.0
111444,35.0,866.0550007820129,4.0
113533,105.0,878.9311180114746,6.0
115997,60.0,893.1579148769379,7.0
120028,150.0,916.5975105762482,13.0
121845,65.0,927.0834629535675,6.0
124954,125.0,944.9257864952087,10.0
128748,140.0,966.7709300518036,12.0
130222,65.0,975.3222379684448,6.0
132090,80.0,985.9737594127655,7.0
135008,180.0,1002.8964276313782,11.0
139002,210.0,1026.0043423175812,14.0
141222,120.0,1038.8321084976196,8.0
143316,110.0,1050.864943742752,7.0
145199,80.0,1061.7309083938599,6.0
149016,285.0,1083.692073583603,19.0
152915,230.0,1106.1492731571198,15.0
157846,490.0,1134.4927053451538,19.0
160450,105.0,1149.8573396205902,6.0
162660,80.0,1162.6628623008728,6.0
166601,445.0,1185.4357163906097,18.0
169200,190.0,1200.4701716899872,14.0
172171,240.0,1217.6065518856049,13.0
176050,190.0,1240.0737488269806,13.0
178399,60.0,1253.870416879654,6.0
180877,165.0,1267.9813978672028,14.0
184914,160.0,1291.3484847545624,14.0
189593,390.0,1318.2959599494934,26.0
192337,165.0,1334.1606607437134,12.0
195018,115.0,1349.6905748844147,8.0
197976,115.0,1366.8785231113434,10.0
200827,80.0,1383.3115720748901,7.0
203776,170.0,1400.3100011348724,14.0
205716,25.0,1411.4713470935822,4.0
209239,115.0,1431.8763618469238,13.0
211406,50.0,1444.309731721878,6.0
214211,140.0,1460.4353609085083,10.0
219584,330.0,1491.4943614006042,20.0
221635,100.0,1503.4583191871643,9.0
223981,55.0,1517.1277742385864,7.0
226513,60.0,1531.6400742530823,6.0
229847,150.0,1551.051786661148,13.0
233703,210.0,1573.4897797107697,12.0
236444,30.0,1589.366491317749,4.0
240475,320.0,1612.7097866535187,23.0
242934,50.0,1626.867193222046,7.0
245304,105.0,1640.5044476985931,10.0
248609,120.0,1659.584860086441,10.0
251539,155.0,1676.4304132461548,12.0
253011,40.0,1684.9106113910675,5.0
255789,85.0,1701.0117089748383,7.0
258263,80.0,1715.278079032898,9.0
260141,40.0,1726.1109442710876,4.0
264576,255.0,1751.7443816661835,18.0
267141,65.0,1766.5511560440063,7.0
270298,110.0,1784.8438177108765,12.0
273883,265.0,1805.8666245937347,19.0
275720,35.0,1816.6168777942657,4.0
278084,35.0,1830.228509426117,5.0
280203,20.0,1842.385004043579,3.0
282289,85.0,1854.4540185928345,8.0
286433,250.0,1878.4073173999786,18.0
288436,40.0,1889.913043498993,4.0
291220,160.0,1905.8276631832123,13.0
293206,35.0,1917.3556716442108,5.0
296954,160.0,1938.8989443778992,11.0
299849,160.0,1955.7338111400604,14.0
303590,145.0,1977.1795318126678,12.0
307248,120.0,1998.4283986091614,12.0
310867,235.0,2019.3956551551819,16.0
314770,130.0,2041.874358177185,10.0
316877,80.0,2054.0218513011932,7.0
319271,45.0,2067.823032140732,5.0
323411,270.0,2091.738469839096,21.0
326202,145.0,2107.7816240787506,12.0
328549,55.0,2121.4502494335175,5.0
329980,45.0,2129.7085592746735,4.0
332624,35.0,2145.106226205826,5.0
335168,90.0,2159.792744398117,6.0
338593,135.0,2179.6086888313293,11.0
340327,75.0,2189.6955881118774,6.0
345030,415.0,2216.7713153362274,19.0
349605,160.0,2243.3727843761444,14.0
352344,145.0,2259.062474966049,12.0
355700,280.0,2278.371583223343,19.0
357169,60.0,2286.7894032001495,5.0
358645,20.0,2295.343831539154,3.0
360652,85.0,2306.9406156539917,8.0
362705,50.0,2318.9167959690094,7.0
365382,90.0,2336.3952276706696,7.0
368525,130.0,2355.519773721695,10.0
371204,165.0,2373.322675704956,12.0
372751,35.0,2390.6472115516663,3.0
376158,230.0,2412.491556406021,17.0
380565,190.0,2442.0906977653503,15.0
382863,55.0,2457.7075147628784,5.0
386944,290.0,2484.9761197566986,20.0
390481,320.0,2508.3498711586,22.0
394509,370.0,2535.3059854507446,17.0
396362,50.0,2547.7449991703033,6.0
398861,125.0,2564.688581466675,9.0
402836,240.0,2590.5747961997986,19.0
404833,80.0,2603.874736070633,8.0
409662,115.0,2636.3070216178894,12.0
412334,75.0,2654.0418586730957,6.0
415393,100.0,2674.8039197921753,8.0
418076,140.0,2692.797112464905,8.0
420652,100.0,2709.8317346572876,10.0
424277,350.0,2733.9979417324066,12.0
427973,75.0,2758.5588788986206,8.0
430754,55.0,2777.3912789821625,8.0
432918,40.0,2791.8083579540253,4.0
436526,220.0,2815.8068828582764,16.0
439832,130.0,2837.597424030304,10.0
442148,125.0,2853.128178834915,9.0
446142,195.0,2879.1191425323486,15.0
449977,165.0,2904.736868619919,12.0
451988,35.0,2918.156327724457,4.0
454604,140.0,2935.7940261363983,12.0
457228,95.0,2953.5697252750397,7.0
459015,35.0,2965.5580785274506,4.0
462165,195.0,2987.522819519043,16.0
463875,40.0,3004.1898312568665,4.0
467006,85.0,3042.866985797882,9.0
469845,285.0,3080.087408065796,10.0
471953,65.0,3098.681796312332,6.0
473906,40.0,3111.7947182655334,3.0
478185,135.0,3137.7231640815735,10.0
482586,195.0,3164.7573165893555,16.0
485657,185.0,3184.1721634864807,13.0
490207,200.0,3211.5301072597504,15.0
493163,105.0,3230.0381774902344,10.0
496806,225.0,3250.994967699051,17.0
499418,105.0,3265.9904477596283,8.0
501474,50.0,3277.947296142578,5.0
504008,70.0,3292.5175137519836,7.0
505858,10.0,3303.162250518799,2.0
508102,50.0,3316.0920667648315,5.0
509832,50.0,3326.175942182541,6.0
513793,345.0,3349.2577407360077,13.0
518129,270.0,3377.050720691681,19.0
520769,170.0,3404.778110265732,12.0
523607,50.0,3423.347448825836,6.0
525389,85.0,3434.8614547252655,8.0
526828,55.0,3444.185060739517,5.0
529439,65.0,3461.2873141765594,8.0
531101,55.0,3471.992170572281,5.0
535658,265.0,3501.2275528907776,20.0
538086,45.0,3516.849882364273,4.0
542191,335.0,3543.591970682144,24.0
544322,70.0,3557.580122232437,9.0
547184,120.0,3576.345948457718,13.0
550602,280.0,3598.192342042923,19.0
552199,45.0,3608.243490457535,5.0
554980,130.0,3626.103914499283,10.0
557523,125.0,3642.2559168338776,11.0
561559,285.0,3668.460748195648,20.0
563708,25.0,3682.4184215068817,4.0
565862,25.0,3696.4063189029694,4.0
568368,55.0,3712.6888284683228,5.0
571293,80.0,3731.645558834076,8.0
573935,200.0,3748.714522600174,13.0
577480,90.0,3771.5150032043457,7.0
580067,165.0,3788.1854145526886,12.0
583497,325.0,3810.4999198913574,23.0
587535,255.0,3836.8752732276917,19.0
591465,240.0,3862.1898996829987,16.0
594820,305.0,3884.2817318439484,12.0
596438,30.0,3894.856087207794,3.0
601265,270.0,3926.180775642395,19.0
604960,180.0,3950.090794324875,13.0
607460,40.0,3966.31960439682,6.0
610028,35.0,3986.8431611061096,5.0
614524,210.0,4041.0958325862885,16.0
617154,65.0,4072.290427207947,6.0
618798,25.0,4087.1980967521667,4.0
622655,395.0,4111.882750034332,16.0
625849,130.0,4131.126135826111,12.0
628611,85.0,4148.410298585892,9.0
631305,185.0,4164.7523419857025,15.0
632849,40.0,4174.716555118561,5.0
634983,105.0,4187.422004938126,9.0
636926,55.0,4198.901669025421,5.0
640279,260.0,4219.762001991272,20.0
643663,70.0,4239.2229244709015,7.0
646009,85.0,4252.901287317276,7.0
649273,160.0,4271.763623476028,11.0
653123,215.0,4294.090661048889,16.0
655106,75.0,4305.5926558971405,6.0
657532,85.0,4319.654170036316,11.0
659590,25.0,4331.669188737869,4.0
662293,110.0,4347.311446905136,8.0
664151,50.0,4358.060154914856,5.0
666122,80.0,4369.321099281311,6.0
667708,35.0,4378.585433244705,4.0
671989,535.0,4403.286861896515,23.0
673953,30.0,4423.876987218857,5.0
676588,215.0,4443.793890714645,13.0
681126,245.0,4473.693566083908,16.0
683714,170.0,4490.68141913414,11.0
688277,315.0,4519.786393880844,20.0
690439,105.0,4533.432859182358,9.0
692179,10.0,4544.659665822983,2.0
693848,20.0,4555.433581113815,3.0
697311,110.0,4578.253028154373,10.0
701363,180.0,4604.749759435654,16.0
704754,160.0,4626.852966785431,11.0
707232,80.0,4643.022696971893,8.0
710037,50.0,4661.231039524078,7.0
712762,80.0,4679.043587207794,8.0
715807,315.0,4698.786828279495,10.0
718917,125.0,4719.1062932014465,11.0
720894,60.0,4732.01815533638,5.0
725256,230.0,4760.305754184723,18.0
727398,40.0,4774.2705183029175,5.0
730022,65.0,4791.502152919769,8.0
732750,80.0,4809.281077861786,7.0
736214,145.0,4831.791872262955,13.0
741373,245.0,4865.080813884735,19.0
743239,35.0,4877.275026798248,4.0
745346,90.0,4891.02468919754,7.0
748347,195.0,4910.354271411896,15.0
749722,25.0,4919.362056493759,4.0
753345,60.0,4942.613791465759,8.0
754747,45.0,4951.679962873459,5.0
756723,105.0,4964.556971311569,9.0
758682,170.0,4977.268193721771,12.0
761282,60.0,4994.244785308838,6.0
763869,50.0,5014.896894931793,7.0
766110,105.0,5039.903514146805,8.0
768991,200.0,5077.76291847229,15.0
770928,35.0,5100.831903219223,3.0
774680,265.0,5128.641019105911,17.0
777378,145.0,5145.015559434891,11.0
780736,240.0,5166.156279087067,19.0
784550,145.0,5189.180761814117,12.0
787138,105.0,5205.535791158676,10.0
790912,190.0,5228.322794675827,16.0
794971,580.0,5252.968367576599,23.0
798697,150.0,5274.56746339798,12.0
800141,30.0,5282.812541246414,5.0
802529,135.0,5296.738858938217,13.0
805534,160.0,5314.240177631378,10.0
807649,80.0,5326.7304055690765,7.0
809922,90.0,5339.804888010025,9.0
812583,80.0,5355.160851240158,7.0
815874,170.0,5374.197609901428,15.0
818124,60.0,5387.154356479645,6.0
821810,195.0,5408.618720769882,16.0
824175,85.0,5433.207192659378,8.0
825563,5.0,5444.353871583939,1.0
827678,70.0,5458.145025968552,6.0
831896,295.0,5485.659211397171,21.0
833869,95.0,5498.456577539444,9.0
836037,20.0,5512.564909696579,3.0
841609,285.0,5548.026540279388,18.0
845470,445.0,5572.320460796356,18.0
849034,210.0,5595.325093269348,19.0
850938,65.0,5607.614063501358,7.0
854558,160.0,5630.927186727524,15.0
857270,170.0,5648.742232561111,13.0
860541,100.0,5669.879697084427,11.0
863111,140.0,5686.659856557846,10.0
866101,155.0,5706.224282026291,12.0
867686,60.0,5716.679208517075,4.0
869655,110.0,5729.6007244586945,10.0
872441,305.0,5747.998628616333,12.0
874829,85.0,5763.717889785767,7.0
877490,80.0,5780.851154327393,6.0
882235,255.0,5811.461068868637,16.0
886148,170.0,5837.080035209656,14.0
888777,210.0,5854.4106187820435,16.0
892527,130.0,5878.808342218399,9.0
894914,145.0,5894.5834403038025,13.0
897317,95.0,5910.309801578522,10.0
899758,135.0,5926.161431312561,11.0
902386,50.0,5943.361301898956,7.0
904837,105.0,5959.497441530228,8.0
906361,40.0,5969.332834243774,6.0
910669,165.0,5997.426686525345,11.0
913360,75.0,6016.762731075287,8.0
915242,65.0,6034.272059679031,6.0
919851,340.0,6092.463660240173,23.0
922408,150.0,6118.6668264865875,10.0
924590,90.0,6134.226382255554,9.0
926317,75.0,6144.700560092926,7.0
930246,235.0,6168.375767946243,18.0
934042,220.0,6191.954191684723,17.0
937025,190.0,6210.5982837677,15.0
938421,45.0,6219.091307640076,3.0
944082,435.0,6253.4693920612335,27.0
946855,155.0,6269.557364702225,13.0
949502,105.0,6284.8063724040985,10.0
951565,50.0,6296.8287608623505,6.0
953533,80.0,6308.25861287117,9.0
955561,25.0,6319.948119878769,4.0
957141,65.0,6329.178823709488,7.0
959875,100.0,6344.962190151215,11.0
963539,190.0,6366.127760410309,14.0
966180,165.0,6381.514040231705,11.0
968124,70.0,6392.701724529266,7.0
972248,375.0,6416.677529096603,26.0
974292,30.0,6434.834766864777,3.0
976095,35.0,6452.4081382751465,5.0
980767,220.0,6482.712511539459,16.0
983484,150.0,6500.711260795593,15.0
986336,185.0,6519.263207912445,15.0
991417,345.0,6552.2014446258545,23.0
993894,60.0,6568.287225484848,8.0
996412,110.0,6584.839008569717,12.0
999030,65.0,6602.024833679199,6.0
1001530,85.0,6618.100585460663,7.0
1003710,50.0,6632.266732215881,4.0
1005659,135.0,6645.044592380524,10.0
1008484,100.0,6663.580915212631,11.0
1012174,140.0,6687.463069200516,14.0
1014025,60.0,6699.5839874744415,6.0
1015795,45.0,6711.200484037399,6.0
1020517,475.0,6742.074204206467,23.0
1022095,60.0,6752.293822288513,8.0
1026561,465.0,6780.0108416080475,20.0
1028314,30.0,6791.293107509613,2.0
1031714,240.0,6813.398318529129,19.0
1034976,280.0,6834.303013086319,21.0
1038855,170.0,6859.0300970077515,13.0
1041548,175.0,6876.659224033356,13.0
1043217,45.0,6887.459653377533,5.0
1045738,145.0,6903.847613573074,14.0
1050873,395.0,6937.472629308701,27.0
1053102,110.0,6952.172012805939,8.0
1055086,90.0,6965.055171489716,9.0
1057290,105.0,6979.372940540314,7.0
1060783,225.0,7002.113586902618,15.0
1064623,140.0,7029.619024991989,12.0
1066343,30.0,7046.606591939926,3.0
1069415,235.0,7085.344359636307,18.0
1074134,295.0,7132.672802209854,18.0
1077495,195.0,7153.638647079468,16.0
1082226,400.0,7182.348196983337,24.0
1084646,145.0,7196.475869178772,9.0
1088456,215.0,7219.648023843765,15.0
1090556,70.0,7232.122638225555,9.0
1092698,120.0,7244.814177751541,8.0
1096249,125.0,7266.504739522934,12.0
1099033,165.0,7282.564787864685,12.0
1101837,150.0,7298.836719512939,12.0
1104382,195.0,7313.539769649506,14.0
1108246,175.0,7335.7098915576935,15.0
1111401,120.0,7354.013593912125,8.0
1114491,320.0,7371.737608909607,12.0
1116520,40.0,7383.583474397659,6.0
1120627,335.0,7407.4275052547455,21.0
1122532,55.0,7418.370733737946,5.0
1125170,145.0,7442.002285480499,12.0
1127688,80.0,7462.315039634705,8.0
1132163,355.0,7491.239127159119,24.0
1134269,120.0,7504.866117715836,10.0
1135729,75.0,7514.236003637314,5.0
1137449,105.0,7525.483692884445,6.0
1140129,195.0,7542.872447490692,13.0
1143531,210.0,7563.939215183258,16.0
1147020,200.0,7586.5719957351685,14.0
1149740,195.0,7604.260516405106,15.0
1151823,45.0,7617.634620428085,7.0
1153688,25.0,7629.7832362651825,4.0
1155648,25.0,7642.465081691742,3.0
1157782,35.0,7656.215930223465,4.0
1161304,190.0,7679.195640802383,16.0
1163496,85.0,7693.26629447937,9.0
1166026,45.0,7709.291890621185,6.0
1168806,155.0,7727.071710824966,12.0
1170833,205.0,7740.442431926727,14.0
1173961,105.0,7761.042304992676,10.0
1176255,80.0,7776.076696157455,9.0
1178187,30.0,7788.769960403442,4.0
1180787,160.0,7805.762892961502,14.0
1184088,270.0,7827.347718954086,18.0
1186776,125.0,7845.060145139694,11.0
1188219,75.0,7854.46866440773,5.0
1190741,35.0,7870.891734600067,5.0
1193928,125.0,7891.546080112457,9.0
1196695,75.0,7909.800194978714,8.0
1198778,50.0,7923.1777856349945,5.0
1200639,50.0,7935.04469871521,5.0
1203618,410.0,7954.503732442856,16.0
1204999,55.0,7963.369745492935,5.0
1206488,80.0,7973.030036449432,5.0
1209314,95.0,7991.1887538433075,11.0
1211275,20.0,8004.006340742111,3.0
1214576,175.0,8026.831641435623,15.0
1218362,180.0,8068.63280248642,14.0
1221549,125.0,8110.248189687729,10.0
1225149,405.0,8140.935282468796,16.0
1226633,75.0,8150.304972171783,5.0
1228225,30.0,8159.938081741333,3.0
1230231,80.0,8171.985182285309,7.0
1232289,50.0,8185.22282576561,6.0
1233741,30.0,8193.888523101807,4.0
1236478,175.0,8210.43513417244,14.0
1239009,90.0,8226.533841848373,11.0
1240952,60.0,8238.170946836472,6.0
1243822,240.0,8256.332509040833,18.0
1247844,300.0,8279.72952580452,20.0
1251054,235.0,8298.361510038376,15.0
1253138,95.0,8310.470274448395,7.0
1255545,125.0,8324.388893842697,9.0
1259502,260.0,8347.307263851166,17.0
1262400,175.0,8364.127854585648,12.0
1264349,100.0,8375.547008037567,8.0
1268359,225.0,8398.796799182892,18.0
1272112,315.0,8420.576749563217,22.0
1274839,120.0,8440.64686203003,10.0
1276226,45.0,8456.538876771927,5.0
1278044,95.0,8469.173030138016,8.0
1281353,400.0,8490.65194773674,27.0
1283285,10.0,8503.135201931,2.0
1285999,180.0,8520.8677816391,15.0
1288060,35.0,8534.245790481567,4.0
1290151,100.0,8547.931291341782,6.0
1292799,120.0,8565.174309253693,10.0
1294699,20.0,8577.666723251343,3.0
1297975,320.0,8599.072876930237,22.0
1300658,80.0,8616.47195482254,8.0
1304155,390.0,8638.958487510681,24.0
1305776,80.0,8649.418503522873,8.0
1309849,685.0,8676.090932369232,23.0
1313891,265.0,8702.33717417717,20.0
1316495,145.0,8719.531428098679,12.0
1319229,130.0,8737.348932266235,12.0
1322832,275.0,8760.902866601944,22.0
1326681,250.0,8785.874864578247,19.0
1329469,125.0,8803.771838188171,11.0
1331095,65.0,8814.22641825676,6.0
1333143,45.0,8827.830560922623,6.0
1335735,125.0,8844.699379205704,11.0
1338272,50.0,8861.2399725914,6.0
1340374,55.0,8874.94436788559,7.0
1343460,135.0,8895.193772792816,12.0
1346561,210.0,8915.388420581818,17.0
1347935,20.0,8924.36632347107,3.0
1350141,80.0,8938.690212011337,8.0
1351926,80.0,8950.325046539307,7.0
1354195,40.0,8964.939713001251,5.0
1356775,185.0,8981.678821086884,15.0
1358419,80.0,8992.266258239746,7.0
1361325,215.0,9011.259589672089,15.0
1365225,255.0,9039.113473892212,20.0
1367644,55.0,9065.122702360153,5.0
1370433,150.0,9102.01737999916,12.0
1372351,70.0,9124.848284244537,8.0
1374423,60.0,9143.008632421494,8.0
1376160,20.0,9154.49135184288,4.0
1379344,100.0,9173.840738773346,8.0
1382677,70.0,9194.811962366104,8.0
1387228,315.0,9222.11669754982,22.0
1392264,335.0,9253.20290851593,23.0
1394352,150.0,9266.448064088821,11.0
1397972,220.0,9287.752605438232,15.0
1402756,470.0,9315.489525318146,30.0
1405490,130.0,9331.205844640732,14.0
1406892,45.0,9339.261226177216,5.0
1411031,300.0,9363.096500635147,21.0
1416025,495.0,9391.06956911087,30.0
1417981,100.0,9402.105070114136,9.0
1423251,625.0,9431.808156251907,29.0
1425729,80.0,9451.023011446,8.0
1429734,190.0,9481.933776378632,17.0
1433521,260.0,9505.821090698242,21.0
1438215,410.0,9535.449311494827,26.0
1443253,375.0,9567.685844659805,23.0
1446013,65.0,9584.9007127285,9.0
1449566,215.0,9607.537677049637,19.0
1452141,165.0,9623.95753788948,11.0
1454928,220.0,9641.943701505661,18.0
1458977,350.0,9667.796659708023,23.0
1460971,60.0,9680.468884468079,7.0
1462472,85.0,9689.86778473854,7.0
1466451,265.0,9715.217303991318,18.0
1470152,160.0,9738.127721309662,13.0
1473516,190.0,9759.626796245575,14.0
1476937,520.0,9781.654501914978,23.0
1479578,150.0,9798.234834194183,14.0
1484078,390.0,9826.726218938828,24.0
1486771,235.0,9843.807230949402,17.0
1490078,300.0,9865.046739339828,23.0
1494029,250.0,9890.088123083115,19.0
1497722,315.0,9913.294454336166,22.0
1500304,70.0,9929.632227182388,9.0
1501674,80.0,9938.289121866226,6.0
1504570,210.0,9956.770179510117,18.0
1507989,355.0,9978.71879529953,25.0
1511509,260.0,10000.940629005432,19.0
1514294,150.0,10018.069572210312,14.0
1515678,55.0,10026.967722177505,5.0
1519466,110.0,10057.805555820465,13.0
1522181,170.0,10091.7360394001,13.0
1525518,220.0,10130.120067358017,18.0
1528476,210.0,10152.14966058731,16.0
1532336,275.0,10175.04743885994,19.0
1535397,130.0,10193.954795360565,13.0
1538576,95.0,10212.172624826431,11.0
1541786,240.0,10231.816195964813,14.0
1544260,155.0,10246.28562951088,11.0
1546205,10.0,10258.482327222824,2.0
1547896,5.0,10268.314461708069,1.0
1549800,65.0,10279.251311540604,6.0
1552719,220.0,10295.545490503311,18.0
1555903,230.0,10313.6343896389,18.0
1558902,240.0,10330.472925901413,17.0
1562502,260.0,10350.715935707092,19.0
1566609,375.0,10374.071928977966,24.0
1569863,215.0,10392.451722621918,17.0
1573593,415.0,10413.459815502167,16.0
1575410,140.0,10423.712797641754,10.0
1577586,70.0,10439.182337284088,6.0
1579401,155.0,10458.071271657944,12.0
1580861,60.0,10467.280925512314,6.0
1583000,75.0,10480.999002933502,8.0
1586911,310.0,10506.191040039062,23.0
1589805,80.0,10524.575472354889,9.0
1593305,250.0,10546.417849779129,19.0
1596904,475.0,10569.230722427368,21.0
1601873,345.0,10600.695484638214,24.0
1605195,195.0,10621.809237003326,18.0
1608890,200.0,10644.799528837204,17.0
1611346,150.0,10660.280413866043,14.0
1613521,70.0,10674.00592303276,8.0
1617909,255.0,10701.43725156784,20.0
1620585,170.0,10718.199459791183,15.0
1625498,390.0,10749.47347187996,25.0
1628122,140.0,10766.21616768837,14.0
1630761,205.0,10783.18227314949,19.0
1632852,130.0,10796.320329904556,14.0
1635962,245.0,10816.149003744125,17.0
1638146,105.0,10829.423105716705,8.0
1641004,265.0,10847.593620061874,19.0
1644985,285.0,10872.843802213669,19.0
1649073,500.0,10898.623576402664,31.0
1652844,330.0,10922.497546195984,24.0
1654988,100.0,10936.091142177582,10.0
1658130,360.0,10956.097914934158,23.0
1660385,90.0,10970.328382730484,9.0
1663658,175.0,10991.340840101242,14.0
1668259,440.0,11020.40218424797,27.0
1671453,230.0,11046.383304357529,18.0
1676238,325.0,11104.96824145317,22.0
1678199,35.0,11125.02300620079,5.0
1679716,80.0,11137.094889640808,9.0
1682757,185.0,11155.802191495895,15.0
1685709,190.0,11172.95080447197,14.0
1688449,125.0,11189.663497924805,11.0
1691524,295.0,11207.783020496368,20.0
1693478,145.0,11219.843478679657,12.0
1697322,160.0,11242.158544540405,16.0
1699001,65.0,11252.626095056534,6.0
1701070,65.0,11264.669576644897,7.0
1704237,225.0,11282.362806558609,17.0
1708193,320.0,11304.552785634995,22.0
1710697,145.0,11318.808490514755,13.0
1713027,45.0,11331.817915439606,7.0
1715687,160.0,11347.076581954956,16.0
1717635,95.0,11357.944090127945,9.0
1721049,310.0,11377.3214635849,21.0
1724533,220.0,11397.047817230225,19.0
1727364,260.0,11413.095881938934,17.0
1730072,175.0,11430.560141086578,15.0
1734221,375.0,11465.602179288864,25.0
1737912,215.0,11489.304899215698,16.0
1740442,160.0,11505.106924295425,13.0
1744173,280.0,11528.847484111786,22.0
1747788,260.0,11552.171091794968,19.0
1751328,185.0,11574.778086423874,16.0
1753220,50.0,11586.780639886856,6.0
1755968,175.0,11604.437140703201,16.0
1759382,240.0,11626.019830942154,18.0
1761582,130.0,11639.940035104752,10.0
1765433,515.0,11664.603580236435,22.0
1766886,35.0,11673.877081155777,4.0
1771461,205.0,11703.11161661148,16.0
1776748,670.0,11736.77136874199,31.0
1779999,200.0,11757.415149211884,14.0
1782987,230.0,11776.255183935165,18.0
1785063,105.0,11789.610523939133,12.0
1788010,235.0,11808.227072954178,18.0
1791501,330.0,11830.42007303238,22.0
1795114,270.0,11853.43683886528,20.0
1797856,250.0,11871.016061544418,18.0
1799924,140.0,11883.938331127167,10.0
1802932,225.0,11902.519155025482,18.0
1807337,520.0,11930.264837741852,31.0
1809468,80.0,11943.532967805862,9.0
1813726,270.0,11970.550925016403,20.0
1818748,295.0,12002.189993143082,22.0
1821602,175.0,12020.633139371872,13.0
1824962,135.0,12051.479984045029,12.0
1829070,355.0,12101.480808496475,22.0
1833068,275.0,12136.638298988342,20.0
1838192,695.0,12167.006356477737,32.0
1840825,215.0,12182.98829627037,18.0
1843310,220.0,12197.641416788101,18.0
1849254,600.0,12233.215237379074,34.0
1851399,180.0,12246.36414194107,13.0
1855671,295.0,12270.823637485504,22.0
1861224,550.0,12302.159076452255,33.0
1865390,335.0,12325.446781873703,22.0
1869036,225.0,12345.917016267776,17.0
1871640,255.0,12360.39244556427,20.0
1874315,190.0,12375.45628619194,15.0
1878920,505.0,12401.372339963913,23.0
1880950,255.0,12412.580687761307,16.0
1884902,280.0,12445.800530672073,17.0
1887250,110.0,12460.92951965332,12.0
1891542,325.0,12488.031291723251,21.0
1895036,240.0,12509.78167104721,20.0
1898566,225.0,12532.04614162445,19.0
1904410,500.0,12568.848882198334,31.0
1909063,320.0,12597.7379322052,22.0
1912723,370.0,12620.155740976334,24.0
1916046,215.0,12640.717317819595,16.0
1918190,125.0,12654.25781750679,11.0
1921893,325.0,12677.483946561813,21.0
1925877,515.0,12702.299103736877,22.0
1929280,330.0,12723.471847295761,23.0
1933064,280.0,12747.245350837708,21.0
1935035,180.0,12759.775523662567,16.0
1938792,190.0,12783.232842683792,17.0
1940946,125.0,12796.642222642899,10.0
1945085,335.0,12822.385683774948,22.0
1948645,330.0,12844.62970495224,22.0
1952364,200.0,12867.917167901993,16.0
1955701,620.0,12888.161703109741,27.0
1958961,260.0,12907.42813873291,20.0
1961930,230.0,12925.30610871315,20.0
1966669,605.0,12956.031812906265,28.0
1968277,70.0,12966.3304977417,7.0
1971816,290.0,12988.506901979446,21.0
1973896,75.0,13001.22642493248,8.0
1979001,445.0,13036.899157524109,29.0
1982116,250.0,13070.804862260818,18.0
1986888,495.0,13118.963549137115,31.0
1989535,235.0,13136.573820114136,17.0
1992444,165.0,13153.561376571655,14.0
1996419,335.0,13177.51860499382,23.0
2001543,415.0,13206.673483610153,25.0
2008307,575.0,13247.012149095535,34.0
2012708,400.0,13271.944552183151,25.0
2017216,570.0,13296.936686515808,26.0
2021528,345.0,13320.77368736267,24.0
2025232,535.0,13341.250184297562,25.0
2028076,90.0,13357.076162815094,10.0
2030839,200.0,13372.47856760025,18.0
2032913,125.0,13384.016175031662,10.0
2035050,125.0,13396.002439022064,13.0
2036593,155.0,13404.600781440735,10.0
2039615,260.0,13423.19345998764,19.0
2041166,100.0,13440.369747400284,9.0
2043200,140.0,13454.286796569824,13.0
2045304,135.0,13467.257474660873,11.0
2049272,215.0,13492.315207004547,18.0
2054382,425.0,13525.053553581238,27.0
2058015,265.0,13547.679930210114,20.0
2060712,185.0,13564.373744249344,14.0
2062402,100.0,13575.01969742775,10.0
2065718,215.0,13595.928125619888,17.0
2068927,270.0,13616.317811250687,21.0
2071755,230.0,13634.311155557632,17.0
2074591,190.0,13652.011232852936,17.0
2077299,85.0,13668.677391767502,10.0
2079403,90.0,13681.759318828583,10.0
2081362,60.0,13693.95151591301,7.0
2085210,340.0,13717.947589635849,24.0
2090641,380.0,13752.234036684036,26.0
2095926,430.0,13785.181272268295,28.0
2099905,290.0,13809.914364099503,22.0
2102833,295.0,13827.6177277565,22.0
2104346,65.0,13836.986572742462,7.0
2106990,220.0,13853.796342372894,18.0
2110836,455.0,13878.172657489777,29.0
2114538,310.0,13901.779506444931,22.0
2117415,150.0,13919.567727088928,14.0
2120814,285.0,13940.568699836731,19.0
2123535,150.0,13957.501474142075,13.0
2127525,585.0,13982.154935836792,26.0
2133140,515.0,14018.061527729034,32.0
2137420,390.0,14061.018911600113,27.0
2140838,200.0,14101.774917840958,17.0
2143715,165.0,14125.142127752304,13.0
2146894,285.0,14144.996082782745,21.0
2150608,290.0,14166.545867443085,21.0
2152791,75.0,14179.767235994339,8.0
2156859,340.0,14203.406500577927,25.0
2162704,525.0,14237.997849464417,32.0
2165403,200.0,14253.569011449814,14.0
2168821,240.0,14272.542896032333,18.0
2171544,130.0,14287.721101760864,14.0
2175117,295.0,14307.757247447968,20.0
2176879,120.0,14317.6018409729,11.0
2180202,245.0,14335.985916852951,20.0
2185523,450.0,14365.242641210556,28.0
2188265,190.0,14380.437715530396,15.0
2190351,95.0,14391.891476154327,10.0
2193648,280.0,14410.262724399567,21.0
2198004,635.0,14447.088161706924,27.0
2201477,290.0,14468.73187661171,21.0
2205096,345.0,14490.833369970322,24.0
2208924,250.0,14514.495163679123,20.0
2212898,280.0,14539.38961315155,21.0
2217397,395.0,14567.798258781433,27.0
2220413,180.0,14586.850574016571,16.0
2222880,145.0,14601.950625658035,13.0
2225073,95.0,14615.398851156235,9.0
2229082,375.0,14640.167266130447,24.0
2230848,45.0,14651.25529384613,4.0
2233389,115.0,14667.173256158829,10.0
2236241,190.0,14685.189705371857,17.0
2240252,645.0,14710.236830949783,29.0
2243898,205.0,14732.854199409485,17.0
2247052,210.0,14752.11084151268,16.0
2251446,460.0,14779.232302427292,29.0
2253685,165.0,14793.309093475342,13.0
2256356,200.0,14810.217032909393,17.0
2261204,375.0,14840.675456762314,24.0
2264016,170.0,14858.136024475098,15.0
2268959,495.0,14888.65254497528,31.0
2271050,100.0,14901.782423973083,10.0
2275406,400.0,14929.187970161438,26.0
2278185,190.0,14946.810399532318,18.0
2282989,485.0,14976.77337217331,30.0
2286353,195.0,14997.32718706131,18.0
2289474,220.0,15019.99096417427,16.0
2295273,455.0,15086.700892210007,29.0
2300637,500.0,15133.717613220215,31.0
2303919,425.0,15156.104262828827,19.0
2306413,220.0,15172.359467506409,19.0
2309137,370.0,15190.375493764877,14.0
2311458,155.0,15205.435106039047,13.0
2315167,255.0,15230.290985107422,20.0
2320123,470.0,15259.124492406845,30.0
2323360,350.0,15278.200440645218,25.0
2324844,65.0,15286.522628545761,7.0
2330376,450.0,15318.212898254395,28.0
2335311,520.0,15346.570589065552,32.0
2337963,205.0,15361.014231204987,15.0
2341620,170.0,15380.801323413849,16.0
2343160,75.0,15389.228910446167,7.0
2346703,365.0,15408.37954878807,25.0
2349490,205.0,15423.468772411346,14.0
2355249,450.0,15454.791827201843,29.0
2357815,180.0,15468.729988574982,14.0
2362648,445.0,15494.933747053146,28.0
2366672,320.0,15517.118544101715,21.0
2369021,125.0,15538.115363836288,13.0
2372245,250.0,15557.889412403107,21.0
2376146,350.0,15583.686876296997,23.0
2379793,340.0,15607.647272825241,24.0
2383006,205.0,15628.656753778458,17.0
2389955,735.0,15674.395613908768,42.0
2392165,185.0,15688.888760328293,15.0
2395665,285.0,15712.019062042236,19.0
2397200,65.0,15722.089053630829,6.0
2400910,405.0,15746.526097774506,25.0
2402865,110.0,15759.52118563652,10.0
2408691,445.0,15797.372782468796,29.0
2410688,135.0,15810.476839542389,10.0
2412747,125.0,15823.892740488052,13.0
2415589,295.0,15842.32492685318,22.0
2418352,510.0,15860.504656791687,23.0
2421532,280.0,15880.684506893158,21.0
2424673,235.0,15900.733908891678,18.0
2427808,215.0,15920.888588666916,16.0
2431457,325.0,15944.578645467758,24.0
2435297,365.0,15969.736099243164,25.0
2440147,435.0,16001.323100328445,28.0
2443149,375.0,16020.945194721222,25.0
2446212,270.0,16041.040371894836,21.0
2449861,395.0,16064.833295106888,26.0
2452906,200.0,16084.64795088768,16.0
2454880,100.0,16097.473448991776,12.0
2458617,335.0,16123.24325299263,23.0
2462018,205.0,16160.567827701569,17.0
2466156,355.0,16211.381867170334,26.0
2469177,185.0,16234.029309272766,16.0
2472549,440.0,16253.899799108505,27.0
2475663,365.0,16272.85505080223,23.0
2479312,535.0,16293.675025939941,24.0
2482129,295.0,16310.68097949028,21.0
2486659,300.0,16336.870286941528,23.0
2489878,175.0,16355.906985759735,15.0
2492979,260.0,16373.234509706497,20.0
2495316,225.0,16386.205017328262,17.0
2499911,185.0,16411.776756048203,17.0
2501501,120.0,16420.52691745758,11.0
2504174,170.0,16435.327358722687,15.0
2508579,350.0,16459.98328256607,24.0
2513307,510.0,16486.346476078033,31.0
2516481,120.0,16505.169350624084,12.0
2519178,185.0,16532.516800880432,15.0
2521546,245.0,16547.936183929443,19.0
2525131,330.0,16571.459245443344,22.0
2527489,215.0,16587.11348438263,18.0
2529017,130.0,16597.220097780228,11.0
2531814,260.0,16615.697945594788,18.0
2538095,655.0,16656.58605837822,30.0
2539641,50.0,16666.591242313385,7.0
2542714,235.0,16686.40590071678,18.0
2545918,365.0,16707.22686624527,24.0
2549380,260.0,16730.073316335678,18.0
2552277,170.0,16749.042206287384,15.0
2556425,695.0,16776.038751602173,32.0
2559392,270.0,16795.150322198868,22.0
2562359,210.0,16814.613442897797,17.0
2566318,380.0,16840.45280098915,24.0
2568110,90.0,16852.018726348877,9.0
2572005,375.0,16877.10376572609,24.0
2575092,220.0,16896.438045740128,17.0
2577189,170.0,16909.534981250763,14.0
2580267,315.0,16929.32144331932,24.0
2581737,85.0,16938.71624302864,8.0
2585363,380.0,16962.02631998062,26.0
2588609,330.0,16982.778522491455,24.0
2592465,375.0,17007.381782770157,26.0
2598060,555.0,17043.406455993652,33.0
2602027,385.0,17068.927095651627,25.0
2606177,470.0,17096.132699251175,30.0
2608329,65.0,17114.255284786224,7.0
2610326,150.0,17135.82463145256,14.0
2612994,245.0,17168.906902074814,19.0
2615677,235.0,17196.382113695145,17.0
2619499,245.0,17222.893316984177,18.0
2621538,190.0,17234.796641349792,15.0
2624056,185.0,17249.43587422371,17.0
2626956,215.0,17267.105613946915,17.0
2631922,510.0,17296.727741241455,23.0
2635240,290.0,17316.048187494278,21.0
2637326,150.0,17328.82942390442,14.0
2640887,405.0,17348.486225128174,17.0
2644362,270.0,17367.859549045563,20.0
2648048,285.0,17388.35085463524,21.0
2652727,360.0,17414.36105155945,25.0
2655406,240.0,17429.2575571537,19.0
2656816,90.0,17437.120292663574,9.0
2659881,280.0,17454.145645856857,19.0
2662645,180.0,17469.3918299675,16.0
2664833,115.0,17481.549020767212,11.0
2667846,345.0,17511.020143270493,24.0
2672960,430.0,17544.461577892303,28.0
2677133,525.0,17571.59109020233,32.0
2681122,400.0,17597.830395698547,25.0
2685532,425.0,17626.581954956055,27.0
2687044,110.0,17636.394387722015,9.0
2691208,345.0,17663.69983315468,24.0
2694058,315.0,17682.391630411148,23.0
2697467,345.0,17704.870751857758,24.0
2701247,395.0,17729.87018918991,26.0
2703713,180.0,17746.10067677498,16.0
2705932,245.0,17760.53550171852,17.0
2707261,65.0,17769.125735759735,6.0
2713473,645.0,17809.514466047287,39.0
2715546,55.0,17822.341668367386,7.0
2719230,330.0,17845.06768131256,24.0
2723068,365.0,17870.07097005844,25.0
2729311,515.0,17909.833694934845,31.0
2731849,205.0,17926.189946889877,17.0
2735844,320.0,17952.14463186264,22.0
2739329,365.0,17974.991859197617,23.0
2741444,155.0,17988.708193540573,12.0
2743256,115.0,18000.396805286407,12.0
2747090,360.0,18025.238212108612,24.0
2750396,220.0,18046.36966276169,18.0
2752130,65.0,18057.286739826202,7.0
2756813,345.0,18089.429986953735,24.0
2759438,180.0,18116.922183275223,13.0
2762573,250.0,18157.246302366257,17.0
2767083,595.0,18195.940925121307,28.0
2770747,345.0,18217.468571424484,25.0
2774630,320.0,18240.730283737183,19.0
2779305,445.0,18268.613123178482,29.0
2783762,320.0,18294.12023973465,24.0
2785511,125.0,18304.64307618141,11.0
2789190,365.0,18325.321269273758,26.0
2791953,235.0,18340.66892361641,20.0
2795455,210.0,18360.31480741501,16.0
2798457,345.0,18377.071566820145,25.0
2800568,140.0,18388.858851909637,15.0
2802988,195.0,18402.170610904694,17.0
2805462,245.0,18415.911094665527,19.0
2809132,310.0,18436.294442415237,22.0
2811649,115.0,18450.279307603836,11.0
2815196,260.0,18471.35312318802,19.0
2817911,150.0,18498.783225774765,15.0
2820452,260.0,18515.366081237793,20.0
2822376,140.0,18527.809136390686,12.0
2826046,315.0,18551.95983171463,21.0
2827405,100.0,18560.938679218292,8.0
2831242,250.0,18586.083006620407,20.0
2834528,300.0,18607.684499025345,23.0
2837801,250.0,18629.032380104065,20.0
2839231,65.0,18638.400099754333,7.0
2843384,400.0,18665.136169672012,28.0
2845645,130.0,18679.45734024048,11.0
2848151,215.0,18695.706310749054,17.0
2851637,245.0,18718.609294891357,19.0
2855239,305.0,18742.194423675537,23.0
2859665,340.0,18771.000941991806,22.0
2863221,330.0,18794.651117801666,24.0
2865791,165.0,18811.441083192825,14.0
2869023,240.0,18832.398598194122,19.0
2871049,125.0,18845.555474042892,12.0
2873860,500.0,18864.04127073288,23.0
2879432,455.0,18900.379015684128,29.0
2885914,580.0,18942.83717441559,34.0
2892127,500.0,18983.73382616043,31.0
2896077,320.0,19009.74113869667,24.0
2900724,460.0,19040.035220623016,29.0
2903660,255.0,19059.275674581528,21.0
2906824,320.0,19085.557242155075,23.0
2910664,335.0,19132.666711091995,24.0
2915209,365.0,19175.928900957108,25.0
2918070,210.0,19193.442976474762,16.0
2921465,230.0,19213.120337724686,18.0
2925306,355.0,19236.47329735756,24.0
2928648,295.0,19256.679973840714,22.0
2932437,295.0,19278.62782931328,23.0
2935639,240.0,19297.67341685295,20.0
2938732,220.0,19314.957889080048,17.0
2942498,340.0,19336.046337604523,23.0
2946533,530.0,19358.502421855927,32.0
2949185,310.0,19373.34170603752,20.0
2954952,390.0,19405.491651773453,26.0
2959548,340.0,19431.16708254814,22.0
2964516,625.0,19465.065493106842,29.0
2968168,485.0,19494.144010066986,30.0
2970736,120.0,19510.96847987175,13.0
2974547,320.0,19535.92137336731,21.0
2978227,235.0,19560.102301836014,19.0
2981518,465.0,19581.511199712753,21.0
2985957,415.0,19610.04945755005,27.0
2988088,55.0,19623.868070840836,7.0
2992536,525.0,19652.86785173416,23.0
2994088,150.0,19662.79559612274,10.0
2997913,365.0,19687.854260206223,24.0
3002275,365.0,19716.63194155693,25.0
3005467,315.0,19737.589305877686,23.0
3009627,410.0,19764.481267929077,26.0
3013136,300.0,19787.30645751953,23.0
3016727,210.0,19810.76575422287,17.0
3022240,600.0,19846.48074221611,35.0
3024445,180.0,19860.701468467712,15.0
3027447,325.0,19880.0038728714,22.0
3030303,240.0,19898.46243596077,18.0
3033996,325.0,19922.33480644226,23.0
3037375,320.0,19944.42359685898,24.0
3040246,170.0,19963.198544740677,16.0
3043433,220.0,19984.018221855164,18.0
3046788,290.0,20005.833941936493,23.0
3049576,155.0,20023.940481185913,16.0
3053825,335.0,20052.996633052826,24.0
3055939,120.0,20072.59475016594,12.0
3059121,310.0,20111.444509983063,23.0
3062155,255.0,20145.74242568016,19.0
3064629,175.0,20164.061057329178,15.0
3068927,365.0,20189.227648735046,25.0
3070308,65.0,20197.177260160446,7.0
3071877,60.0,20207.15330004692,8.0
3075649,405.0,20228.781504154205,27.0
3080268,445.0,20256.26573562622,29.0
3083172,320.0,20273.77880167961,23.0
3087107,370.0,20296.070279836655,24.0
3090839,295.0,20316.95884490013,21.0
3092453,90.0,20326.0235619545,9.0
3096479,490.0,20348.533861637115,31.0
3098874,240.0,20361.88673210144,19.0
3103578,415.0,20388.111797332764,26.0
3107472,430.0,20409.701714754105,28.0
3112210,605.0,20436.101461172104,28.0
3116341,425.0,20469.395718336105,27.0
3118278,130.0,20482.04123187065,11.0
3121520,370.0,20503.26259303093,25.0
3125374,380.0,20528.39458680153,26.0
3126990,45.0,20538.98985695839,6.0
3129587,160.0,20556.034224510193,13.0
3131449,190.0,20568.149464845657,14.0
3135292,360.0,20593.308391094208,26.0
3139603,295.0,20621.626564264297,22.0
3144841,540.0,20655.526963472366,32.0
3147955,255.0,20676.162430286407,21.0
3152042,595.0,20702.785631418228,27.0
3156965,355.0,20735.174280643463,25.0
3161691,415.0,20766.05250930786,28.0
3164990,410.0,20787.45458674431,27.0
3169361,380.0,20815.93586421013,26.0
3172294,305.0,20835.19393014908,23.0
3177691,530.0,20870.720972537994,32.0
3183263,655.0,20907.16015148163,30.0
3185805,205.0,20923.63161611557,15.0
3187857,165.0,20937.160967826843,16.0
3191651,345.0,20962.226791858673,23.0
3196249,455.0,20991.912669181824,29.0
3201459,630.0,21024.959225654602,36.0
3206607,675.0,21071.954315185547,31.0
3209013,135.0,21101.579755067825,12.0
3214574,635.0,21149.693472623825,29.0
3218781,280.0,21174.480385303497,21.0
3223644,570.0,21203.710574388504,25.0
3229667,465.0,21239.2520942688,29.0
3233185,205.0,21260.08954143524,16.0
3238104,515.0,21287.723365306854,31.0
3240255,175.0,21299.71944952011,13.0
3242871,195.0,21314.258186340332,16.0
3246208,225.0,21332.665790319443,20.0
3249575,325.0,21351.360424995422,23.0
3251415,100.0,21361.53068137169,11.0
3254234,285.0,21377.10986804962,21.0
3258274,525.0,21399.57929468155,24.0
3261481,255.0,21417.43527364731,19.0
3267073,710.0,21464.519509792328,43.0
3270637,365.0,21487.5797226429,25.0
3272228,55.0,21497.86918950081,8.0
3276733,515.0,21527.127628326416,25.0
3279175,120.0,21542.968889951706,11.0
3283661,620.0,21572.143278360367,29.0
3288133,515.0,21601.02280807495,32.0
3291478,255.0,21622.625455379486,21.0
3295268,410.0,21647.33577132225,27.0
3296948,65.0,21658.25981760025,8.0
3300050,300.0,21678.645530700684,23.0
3305084,455.0,21711.57462120056,29.0
3306539,80.0,21721.195366621017,7.0
3309205,190.0,21738.47259759903,17.0
3312080,180.0,21756.982960939407,17.0
3314006,90.0,21769.15913271904,9.0
3317384,305.0,21791.011645555496,20.0
3321598,395.0,21818.25289416313,26.0
3325525,150.0,21843.72602391243,14.0
3329691,415.0,21870.741707086563,28.0
3332668,255.0,21890.01671886444,19.0
3337727,600.0,21922.554062128067,28.0
3340601,230.0,21941.008679628372,17.0
3344397,190.0,21965.567452669144,17.0
3347183,145.0,21983.272748947144,13.0
3352637,785.0,22019.853115797043,35.0
3354663,135.0,22039.560382843018,13.0
3357745,285.0,22077.923464775085,19.0
3361855,370.0,22119.354704856873,25.0
3366016,390.0,22144.587539434433,24.0
3370061,320.0,22168.30826473236,24.0
3373003,235.0,22185.23839044571,18.0
3375717,190.0,22201.238364458084,17.0
3379909,375.0,22225.013622283936,25.0
3382064,160.0,22238.07143139839,14.0
3383718,130.0,22247.853680610657,11.0
3386626,260.0,22264.129192829132,19.0
3390807,395.0,22287.68144083023,26.0
3394719,385.0,22309.682060956955,26.0
3398502,330.0,22330.9846637249,23.0
3401571,255.0,22348.19948244095,19.0
3404260,235.0,22363.416742801666,17.0
3407058,295.0,22379.14519071579,21.0
3410634,365.0,22399.579041719437,26.0
3415590,525.0,22443.714415311813,32.0
3418345,235.0,22462.311685562134,20.0
3421398,275.0,22482.789947271347,21.0
3424087,255.0,22500.93678379059,20.0
3425512,50.0,22510.94045162201,6.0
3427154,40.0,22522.361566066742,5.0
3429436,235.0,22537.94314956665,18.0
3432221,230.0,22556.8003783226,20.0
3436528,230.0,22584.718630552292,20.0
3439148,170.0,22601.684497833252,16.0
3446107,875.0,22647.014765501022,42.0
3448569,215.0,22663.144427537918,19.0
3451337,170.0,22681.221773147583,15.0
3456082,415.0,22712.16705083847,27.0
3458985,215.0,22731.33384203911,18.0
3464093,570.0,22764.6265938282,26.0
3467568,245.0,22787.945091724396,17.0
3469640,90.0,22801.972583055496,11.0
3474257,570.0,22832.740072011948,25.0
3477488,235.0,22854.243890285492,20.0
3478831,70.0,22863.03098130226,7.0
3481606,320.0,22881.002329826355,22.0
3484164,155.0,22897.901495695114,14.0
3488321,595.0,22925.120809555054,26.0
3491629,515.0,22946.586707115173,25.0
3494051,215.0,22962.139588594437,16.0
3497199,275.0,22982.569488048553,22.0
3501001,350.0,23012.28238916397,25.0
3506168,395.0,23076.469536066055,26.0
3509809,320.0,23110.293382883072,24.0
3512452,180.0,23126.307999134064,16.0
3514019,90.0,23135.614487171173,9.0
3516878,250.0,23152.938572883606,18.0
3521013,415.0,23176.856724262238,28.0
3524394,415.0,23197.138900995255,28.0
3527543,270.0,23215.251989364624,20.0
3531450,375.0,23238.196314573288,25.0
3535934,210.0,23263.300240516663,17.0
3538437,235.0,23277.251038074493,18.0
3543212,480.0,23303.853633880615,30.0
3545932,150.0,23319.177926301956,14.0
3550969,515.0,23347.37801837921,32.0
3555170,385.0,23370.851252794266,25.0
3559933,690.0,23409.792940855026,31.0
3562765,310.0,23429.54273533821,22.0
3565500,150.0,23448.23986506462,13.0
3568982,245.0,23471.840801239014,18.0
3575036,655.0,23512.12460541725,30.0
3577469,200.0,23528.389191389084,17.0
3582597,520.0,23563.04271364212,31.0
3585574,330.0,23583.197339773178,22.0
3589341,285.0,23608.551605939865,20.0
3594637,575.0,23644.044805049896,34.0
3598570,615.0,23670.852213859558,29.0
3600086,85.0,23681.086582660675,10.0
3602963,520.0,23700.329560756683,23.0
3605660,180.0,23718.499301195145,15.0
3607708,215.0,23732.20302939415,17.0
3611797,355.0,23759.71815609932,23.0
3613465,80.0,23770.97252702713,9.0
3616453,285.0,23791.06779408455,22.0
3620193,415.0,23815.558309793472,27.0
3624350,440.0,23843.257707595825,29.0
3628805,425.0,23873.148815393448,28.0
3631700,245.0,23892.14681339264,18.0
3635041,385.0,23913.900200128555,27.0
3637347,135.0,23928.897057056427,12.0
3641803,535.0,23958.19055867195,24.0
3644843,280.0,23978.6559445858,22.0
3646516,100.0,23992.118158340454,11.0
3650223,290.0,24033.77526807785,21.0
3653284,285.0,24069.9050822258,23.0
3658340,375.0,24104.734522342682,26.0
3660703,250.0,24118.168493032455,17.0
3665575,715.0,24146.6771402359,33.0
3668977,300.0,24166.661408901215,21.0
3672035,395.0,24183.92217206955,25.0
3675388,230.0,24203.22018790245,18.0
3678676,310.0,24221.205536842346,22.0
3681866,305.0,24238.70563840866,22.0
3685067,345.0,24255.830684661865,23.0
3689863,490.0,24282.111297607422,30.0
3692962,300.0,24299.176181554794,22.0
3695072,180.0,24310.419377565384,16.0
3697284,140.0,24322.569484949112,15.0
3699042,85.0,24332.081609010696,9.0
3701889,185.0,24347.53017258644,15.0
3703372,65.0,24355.564829826355,6.0
3706037,250.0,24379.896105527878,18.0
3710328,635.0,24410.112466812134,29.0
3715239,470.0,24442.212966918945,30.0
3719356,650.0,24469.38991999626,30.0
3721459,135.0,24482.95490884781,12.0
3724174,170.0,24500.985652446747,16.0
3728441,425.0,24528.958984851837,28.0
3731215,125.0,24547.097127199173,12.0
3735633,525.0,24575.765570402145,32.0
3737312,85.0,24586.707627534866,7.0
3740485,250.0,24607.233780384064,20.0
3743519,285.0,24627.129384040833,22.0
3747497,340.0,24653.152302742004,24.0
3750485,255.0,24672.521389722824,19.0
3753862,450.0,24694.281143665314,29.0
3757391,255.0,24717.252640008926,20.0
3759257,85.0,24729.258062839508,11.0
3763208,340.0,24755.125269412994,24.0
3766139,185.0,24774.334049224854,16.0
3769203,325.0,24794.352875232697,21.0
3773225,365.0,24819.965096712112,25.0
3776568,345.0,24841.063878059387,25.0
3779357,270.0,24859.301234722137,20.0
3782673,315.0,24881.06759572029,23.0
3787495,490.0,24911.86257982254,31.0
3793138,695.0,24948.991563796997,31.0
3796603,280.0,24979.85893678665,21.0
3800433,540.0,25027.22844839096,26.0
3804894,590.0,25062.790437698364,27.0
3808190,290.0,25081.53400826454,23.0
3812742,320.0,25107.943667173386,24.0
3815844,295.0,25125.506621599197,22.0
3820849,470.0,25154.89485359192,29.0
3823412,200.0,25170.23689699173,16.0
3828560,500.0,25198.629808187485,31.0
3833052,530.0,25223.485589504242,32.0
3836111,320.0,25240.383994579315,23.0
3839906,355.0,25261.34559416771,25.0
3842037,140.0,25272.940996408463,13.0
3845017,295.0,25289.36806869507,23.0
3848085,290.0,25306.148663043976,21.0
3851590,385.0,25325.525806188583,27.0
3853910,195.0,25347.006915330887,17.0
3856918,190.0,25368.741151094437,16.0
3859193,85.0,25383.399327993393,9.0
3861567,170.0,25398.78749537468,16.0
3865731,470.0,25425.506363153458,30.0
3870635,465.0,25456.825491905212,29.0
3876571,835.0,25496.28468799591,37.0
3879093,150.0,25513.52886223793,14.0
3881261,170.0,25528.22207427025,17.0
3886123,745.0,25560.866418123245,34.0
3889782,235.0,25585.610604524612,18.0
3891836,220.0,25599.321247816086,18.0
3895354,295.0,25623.669090509415,22.0
3899770,365.0,25652.376752614975,24.0
3904469,540.0,25683.013855457306,33.0
3907412,220.0,25701.8173558712,19.0
3911159,305.0,25726.065395116806,23.0
3915154,455.0,25751.603513479233,29.0
3916633,70.0,25761.200466156006,8.0
3919430,100.0,25778.828613996506,11.0
3923254,445.0,25803.260013341904,28.0
3928456,520.0,25835.825855731964,32.0
3933149,590.0,25866.920217752457,28.0
3938489,500.0,25901.420124053955,31.0
3941480,165.0,25921.49703836441,15.0
3945015,400.0,25954.973926782608,27.0
3947520,165.0,25987.111907958984,14.0
3952843,490.0,26032.235051870346,31.0
3955737,265.0,26048.620584726334,22.0
3958353,145.0,26063.68372321129,13.0
3962512,365.0,26088.16516017914,26.0
3966745,330.0,26112.976130962372,24.0
3972076,650.0,26143.49542069435,30.0
3974131,30.0,26154.950677633286,5.0
3978379,450.0,26178.179681301117,28.0
3981862,530.0,26196.93628501892,23.0
3985318,385.0,26215.892548799515,24.0
3988837,220.0,26235.315749168396,17.0
3990412,50.0,26243.792631864548,6.0
3993452,330.0,26260.47075819969,20.0
3996340,185.0,26276.11944127083,16.0
4001133,530.0,26305.773301124573,25.0
4009262,700.0,26366.83077955246,42.0
4012771,400.0,26390.21704673767,26.0
4016322,375.0,26414.056032419205,26.0
4019606,120.0,26435.8366458416,13.0
4022802,270.0,26456.52626633644,21.0
4026598,410.0,26481.22784948349,27.0
4030850,390.0,26509.39766716957,25.0
4034280,335.0,26532.16929769516,22.0
4037651,295.0,26554.640944719315,21.0
4040938,330.0,26576.080139160156,24.0
4045453,645.0,26605.954315185547,29.0
4048467,230.0,26625.85397028923,19.0
4052508,575.0,26652.727439165115,26.0
4056927,370.0,26681.916340827942,25.0
4061211,625.0,26709.80551314354,29.0
4064274,355.0,26730.090008974075,25.0
4068464,210.0,26758.007447242737,18.0
4073280,295.0,26789.58372282982,21.0
4076115,270.0,26808.45490217209,21.0
4080656,670.0,26838.3419110775,31.0
4084199,335.0,26861.685499429703,24.0
4086050,105.0,26874.015236854553,10.0
4090973,425.0,26913.77407002449,28.0
4094884,350.0,26963.00437426567,25.0
4098355,535.0,26994.874650001526,25.0
4100164,125.0,27006.47127699852,12.0
4102977,230.0,27022.32304263115,18.0
4107966,290.0,27051.347665309906,23.0
4110507,145.0,27065.836537599564,13.0
4113256,245.0,27082.27125930786,20.0
4114890,90.0,27091.498024463654,10.0
4119177,345.0,27116.645644187927,24.0
4121255,100.0,27127.97845864296,10.0
4127039,800.0,27159.630623102188,36.0
4129900,275.0,27175.63524222374,21.0
4133562,210.0,27195.785135507584,18.0
4138749,755.0,27224.409550189972,34.0
4141762,265.0,27240.91150546074,20.0
4145188,315.0,27259.909398794174,24.0
4146544,50.0,27269.25229382515,6.0
4151260,555.0,27308.263723373413,33.0
4154981,270.0,27333.442710638046,20.0
4158386,310.0,27356.7019906044,23.0
4161424,255.0,27376.7712328434,21.0
4165671,430.0,27404.83182311058,28.0
4167478,90.0,27416.970155477524,10.0
4171650,580.0,27444.49319243431,27.0
4175196,370.0,27467.333118915558,25.0
4177871,245.0,27485.027844190598,19.0
4183521,630.0,27521.65212368965,36.0
4186873,390.0,27544.01531648636,27.0
4189620,155.0,27562.751717567444,16.0
4193755,485.0,27590.47343659401,23.0
4196543,265.0,27609.050867795944,21.0
4199429,245.0,27628.295563220978,19.0
4202621,290.0,27649.77755188942,22.0
4206555,370.0,27676.115077018738,26.0
4209253,245.0,27694.193385362625,16.0
4211737,105.0,27710.703858852386,11.0
4216807,420.0,27745.569580554962,27.0
4222378,525.0,27783.42398262024,32.0
4225233,190.0,27802.678918361664,17.0
4227396,225.0,27816.83833193779,19.0
4230510,265.0,27837.594835996628,22.0
4234738,490.0,27871.48745250702,31.0
4237620,200.0,27906.622848510742,18.0
4240302,190.0,27943.71652030945,18.0
4242221,100.0,27963.145801782608,9.0
4244217,135.0,27979.684409856796,13.0
4246955,185.0,27996.24396443367,17.0
4249122,175.0,28009.20684504509,13.0
4251881,235.0,28026.326729774475,19.0
4256264,505.0,28053.56615281105,31.0
4260861,435.0,28080.49793601036,27.0
4265894,835.0,28111.011630773544,30.0
4268673,195.0,28126.914865255356,18.0
4272094,185.0,28146.5892059803,16.0
4275217,220.0,28164.758915901184,16.0
4279239,435.0,28187.85470223427,29.0
4285189,830.0,28221.921236753464,37.0
4288164,530.0,28239.209287405014,25.0
4290836,175.0,28254.496214151382,17.0
4295052,425.0,28294.32711458206,28.0
4298677,600.0,28320.781101703644,28.0
4302870,450.0,28351.042917251587,29.0
4306364,195.0,28375.698309898376,15.0
4310714,470.0,28406.75028371811,30.0
4313512,185.0,28426.81829738617,17.0
4318279,685.0,28461.23004603386,31.0
4322527,475.0,28491.709556102753,30.0
4324840,205.0,28508.402787446976,18.0
4327946,220.0,28530.4018573761,18.0
4329994,105.0,28544.84887599945,11.0
4333790,390.0,28572.00884413719,27.0
4337469,470.0,28598.62132668495,30.0
4342198,430.0,28632.532279014587,28.0
4346527,430.0,28663.65071105957,28.0
4353596,670.0,28713.942656755447,41.0
4358880,465.0,28751.193987369537,30.0
4360509,50.0,28762.520238399506,6.0
4361995,65.0,28773.132955551147,7.0
4366974,345.0,28808.456094503403,25.0
4373155,640.0,28852.754225492477,30.0
4377899,625.0,28905.22260904312,29.0
4381422,345.0,28951.63524699211,23.0
4386355,675.0,28989.430459737778,31.0
4389066,270.0,29005.854675769806,18.0
4393635,450.0,29034.012694358826,28.0
4397911,565.0,29059.913148880005,26.0
4399527,160.0,29069.457399129868,13.0
4403903,425.0,29096.10657596588,28.0
4405328,55.0,29104.419035434723,5.0
4409570,760.0,29128.858971118927,26.0
4412071,250.0,29143.121384859085,21.0
4416715,640.0,29170.069957733154,30.0
4420098,345.0,29189.29906654358,24.0
4422232,150.0,29201.863597393036,13.0
4427165,415.0,29230.830110549927,28.0
4431890,515.0,29260.062863588333,32.0
4436348,485.0,29301.852691173553,31.0
4439888,375.0,29327.130095481873,26.0
4442346,225.0,29344.77421116829,17.0
4447090,435.0,29378.800574302673,28.0
4449484,205.0,29396.196160316467,17.0
4453091,405.0,29422.00012612343,26.0
4456992,400.0,29449.772755861282,26.0
4459975,330.0,29471.613357782364,24.0
4463050,335.0,29493.720193386078,23.0
4465736,215.0,29513.32440638542,15.0
4469413,470.0,29540.40500974655,21.0
4475012,480.0,29580.50825548172,31.0
4480960,545.0,29623.192207336426,33.0
4483308,135.0,29639.97733092308,12.0
4487413,395.0,29669.435613155365,26.0
4491513,520.0,29698.400416851044,32.0
4495367,455.0,29726.229128599167,29.0
4497587,225.0,29742.045779705048,19.0
4500745,255.0,29764.786420345306,21.0
4504402,150.0,29790.839802265167,13.0
4507229,240.0,29811.121174812317,20.0
4512409,495.0,29847.246806144714,31.0
4515014,195.0,29870.53920006752,16.0
4517966,340.0,29907.526391983032,25.0
4522425,440.0,29962.8874168396,28.0
4526828,620.0,29991.984251499176,29.0
4532474,800.0,30026.823058843613,36.0
4534444,110.0,30038.627806663513,11.0
4537370,265.0,30057.095256567,21.0
4542314,515.0,30087.460330724716,32.0
4545456,320.0,30106.2217502594,23.0
4549254,395.0,30128.351667642593,27.0
4555091,500.0,30162.191259622574,31.0
4558982,430.0,30184.26346373558,28.0
4563741,600.0,30211.42512845993,35.0
4566093,205.0,30224.815890789032,16.0
4568144,185.0,30236.84869813919,15.0
4573023,470.0,30268.917265176773,30.0
4579003,580.0,30319.7857670784,34.0
4582138,305.0,30342.018089532852,23.0
4587015,475.0,30375.449469327927,30.0
4589675,210.0,30394.505093097687,17.0
4593480,400.0,30421.956117391586,28.0
4598199,460.0,30455.67812514305,29.0
4600983,265.0,30475.58492255211,20.0
4603031,140.0,30490.262982845306,13.0
4605142,195.0,30505.55711388588,15.0
4610217,485.0,30542.023737192154,30.0
4613401,370.0,30564.61931657791,25.0
4617538,340.0,30594.52666926384,24.0
4621725,275.0,30624.68796157837,21.0
4627019,625.0,30663.105651140213,27.0
4629380,70.0,30680.142120361328,9.0
4632269,290.0,30700.786982297897,22.0
4635642,395.0,30724.85719513893,27.0
4637658,150.0,30739.245960235596,13.0
4642560,405.0,30774.158195257187,26.0
4645204,245.0,30792.862278938293,20.0
4649634,275.0,30824.770768880844,21.0
4654513,470.0,30860.30846118927,29.0
4660941,975.0,30936.05427789688,36.0
4664216,240.0,30971.878286361694,19.0
4670013,800.0,31009.812797307968,35.0
4672794,195.0,31026.845831394196,16.0
4677252,525.0,31053.571690797806,32.0
4680803,365.0,31075.677726984024,24.0
4684303,380.0,31097.260634183884,26.0
4688138,350.0,31119.587022066116,25.0
4692101,360.0,31142.681792497635,25.0
4696897,495.0,31170.261897325516,31.0
4701808,705.0,31198.680587291718,32.0
4705996,355.0,31222.653511285782,25.0
4708641,265.0,31237.854483366013,19.0
4710739,225.0,31249.823479652405,19.0
4716408,630.0,31298.97735118866,36.0
4720270,425.0,31326.77939939499,28.0
4723674,640.0,31351.00308895111,30.0
4727479,275.0,31378.697410821915,21.0
4730504,365.0,31400.34872484207,26.0
4735573,500.0,31437.119084119797,31.0
4738575,415.0,31458.569525003433,26.0
4741163,170.0,31477.438007593155,16.0
4744982,580.0,31505.01534628868,27.0
4748150,355.0,31528.005425691605,24.0
4751687,305.0,31553.23755955696,23.0
4755479,385.0,31580.816236257553,27.0
4758471,225.0,31602.068614959717,17.0
4762541,390.0,31631.240875005722,26.0
4766120,370.0,31657.113375902176,23.0
4770368,555.0,31687.411407232285,33.0
4774749,320.0,31718.72279691696,24.0
4781284,525.0,31766.125151872635,32.0
4785702,480.0,31798.26123714447,31.0
4791150,515.0,31836.94557785988,32.0
4792676,45.0,31847.66519665718,5.0
4797656,540.0,31896.62748813629,33.0
4802679,475.0,31959.314893245697,30.0
4805711,230.0,31984.127938508987,18.0
4808159,180.0,31998.99499821663,14.0
4812272,370.0,32023.68399500847,26.0
4813626,80.0,32032.081296682358,7.0
4817079,580.0,32052.58527612686,27.0
4819978,420.0,32070.765730142593,26.0
4823460,255.0,32092.507516384125,21.0
4827379,520.0,32115.304480791092,23.0
4831002,365.0,32135.904004573822,24.0
4835283,460.0,32160.87743282318,29.0
4838591,220.0,32180.068258047104,19.0
4841105,170.0,32194.09385418892,17.0
4843438,135.0,32207.376538038254,13.0
4846094,225.0,32222.452998399734,18.0
4850883,405.0,32249.36725139618,27.0
4854436,305.0,32282.178436756134,23.0
4857678,235.0,32306.68207359314,19.0
4863279,605.0,32346.93489265442,35.0
4867136,435.0,32374.741055965424,28.0
4872685,485.0,32413.976729393005,31.0
4876211,345.0,32439.266096115112,25.0
4878631,175.0,32456.80515217781,14.0
4883831,550.0,32494.485758066177,33.0
4887576,360.0,32521.017434597015,25.0
4891120,440.0,32546.131914138794,27.0
4894937,380.0,32573.24515914917,26.0
4899074,435.0,32602.69715166092,29.0
4903399,410.0,32633.605741500854,28.0
4906417,215.0,32655.375839948654,16.0
4909610,310.0,32678.58995294571,23.0
4915867,470.0,32723.34520983696,30.0
4917789,115.0,32736.8656976223,12.0
4919278,70.0,32747.577415943146,7.0
4924967,570.0,32788.87638783455,34.0
4927826,260.0,32808.79624891281,21.0
4931839,385.0,32837.22352838516,16.0
4934611,315.0,32857.71454715729,23.0
4936821,180.0,32879.89247918129,17.0
4940659,405.0,32930.67003917694,27.0
4944312,345.0,32970.3987596035,23.0
4948311,280.0,32996.73541021347,20.0
4952051,270.0,33020.202869176865,22.0
4955361,420.0,33039.97674226761,26.0
4957991,165.0,33056.25226354599,15.0
4961134,400.0,33074.624230861664,27.0
4964571,575.0,33095.12311530113,27.0
4969032,555.0,33120.95853757858,33.0
4973596,480.0,33146.95422792435,30.0
4975584,160.0,33158.60472011566,14.0
4978501,330.0,33175.261330366135,23.0
4983585,395.0,33204.28218770027,27.0
4985896,160.0,33217.61925816536,16.0
4990023,415.0,33241.25775074959,28.0
4994069,370.0,33277.39078903198,26.0
4996758,140.0,33297.77641749382,14.0
5000536,425.0,33325.13534450531,26.0
5003816,335.0,33348.77071762085,23.0
5009247,480.0,33387.911434173584,30.0
5012707,335.0,33413.3008582592,23.0
5016641,440.0,33441.904985666275,29.0
5019285,175.0,33461.08888864517,15.0
5022159,260.0,33482.054023742676,19.0
5025980,320.0,33509.42821073532,24.0
5029510,535.0,33534.879287958145,25.0
5032142,130.0,33553.687233924866,13.0
5036141,320.0,33582.27701306343,23.0
5039239,285.0,33604.426503658295,20.0
5041888,210.0,33623.71558189392,14.0
5045482,550.0,33649.38130879402,33.0
5048125,205.0,33668.30349588394,16.0
5050473,190.0,33684.614376068115,18.0
5055933,510.0,33723.69905972481,31.0
5061500,545.0,33763.416090250015,33.0
5067255,540.0,33805.03790330887,32.0
5072498,700.0,33842.81039142609,32.0
5076225,360.0,33877.8157992363,24.0
5079572,325.0,33922.28024172783,24.0
5083096,290.0,33963.22243475914,21.0
5085099,165.0,33977.69101309776,12.0
5087031,195.0,33989.248608112335,16.0
5091154,335.0,34014.95050954819,23.0
5096273,490.0,34046.58631372452,31.0
5098642,220.0,34060.58739352226,17.0
5103798,545.0,34092.121653556824,33.0
5106561,220.0,34107.76337957382,18.0
5110105,405.0,34128.10414934158,27.0
5112686,155.0,34142.874472141266,13.0
5117423,605.0,34170.31916642189,35.0
5120000,235.0,34185.39080309868,18.0
5121563,85.0,34194.41830039024,10.0
5125483,350.0,34216.83410382271,24.0
5129074,425.0,34237.33419704437,28.0
5132169,240.0,34263.57578277588,18.0
5136637,370.0,34299.9292178154,25.0
5140442,360.0,34327.16571354866,26.0
5143328,185.0,34347.905418395996,15.0
5146053,230.0,34368.04190802574,17.0
5149474,365.0,34393.341322898865,25.0
5154061,470.0,34425.55416560173,29.0
5160995,690.0,34474.756799697876,42.0
5164341,250.0,34498.59392595291,19.0
5169739,420.0,34536.879788160324,28.0
5172542,280.0,34556.631831645966,21.0
5176280,430.0,34583.75787091255,28.0
5179210,330.0,34604.6552028656,24.0
5182841,350.0,34630.676841259,24.0
5185431,195.0,34649.06726336479,16.0
5190733,515.0,34687.539823532104,32.0
5192465,95.0,34699.84639215469,9.0
5197451,715.0,34735.49223446846,33.0
5200744,325.0,34759.49949884415,23.0
5205421,510.0,34792.31987929344,31.0
5209897,495.0,34823.77507066727,31.0
5214333,470.0,34859.5273308754,30.0
5218695,440.0,34916.93222165108,29.0
5222041,480.0,34955.076615810394,30.0
5225537,555.0,34979.37364554405,25.0
5228247,175.0,34995.52727007866,17.0
5232810,545.0,35023.435660123825,33.0
5237760,525.0,35053.72330021858,32.0
5240256,185.0,35068.48355317116,15.0
5244902,495.0,35096.688876628876,31.0
5248082,400.0,35114.97838282585,26.0
5252564,545.0,35141.064596652985,33.0
5257436,515.0,35168.9232749939,32.0
5261671,410.0,35193.239231824875,27.0
5267249,575.0,35225.44942069054,34.0
5270264,360.0,35243.4136633873,25.0
5273755,550.0,35279.560374975204,24.0
5278267,395.0,35312.13411974907,27.0
5280542,210.0,35328.77737951279,17.0
5282683,130.0,35343.84148597717,10.0
5286032,355.0,35368.19572997093,25.0
5291420,545.0,35407.05049204826,33.0
5296898,755.0,35445.75477695465,34.0
5301870,425.0,35481.56419324875,27.0
5306080,460.0,35511.45318245888,30.0
5311406,570.0,35549.88147473335,34.0
5315851,435.0,35581.15781331062,29.0
5319843,465.0,35609.8707447052,30.0
5324002,555.0,35639.371659994125,33.0
5327886,470.0,35667.442512750626,30.0
5334251,575.0,35713.22984671593,34.0
5336764,250.0,35731.12374687195,20.0
5340049,265.0,35754.96644449234,21.0
5343843,460.0,35781.826755046844,29.0
5346786,220.0,35802.9327712059,18.0
5348430,50.0,35814.087596178055,6.0
5351626,455.0,35836.95583701134,29.0
5355304,330.0,35875.75997018814,24.0
5357491,185.0,35906.48232913017,15.0
5366134,925.0,35983.64290928841,56.0
5371455,545.0,36016.2940428257,33.0
5374870,360.0,36037.668592214584,25.0
5376854,165.0,36049.42244529724,12.0
5379860,305.0,36067.44956302643,22.0
5383925,440.0,36092.21759700775,28.0
5386651,235.0,36108.028161764145,17.0
5391660,455.0,36136.676988601685,30.0
5397243,465.0,36169.15957403183,29.0
5401517,415.0,36193.615023612976,28.0
5406055,440.0,36219.68389701843,29.0
5409972,460.0,36245.41637682915,30.0
5412048,105.0,36269.974380493164,11.0
5416777,610.0,36303.59516096115,35.0
5421338,425.0,36336.64828014374,28.0
5425566,540.0,36366.57242107391,33.0
5429210,545.0,36392.963963747025,25.0
5432635,390.0,36418.13684678078,25.0
5435409,240.0,36437.93179988861,20.0
5440705,570.0,36475.50822973251,34.0
5443209,175.0,36493.2322974205,15.0
5445320,110.0,36508.15859055519,11.0
5447944,165.0,36526.42669892311,15.0
5451612,365.0,36552.4546995163,25.0
5457925,785.0,36597.70330905914,35.0
5462019,330.0,36627.40266227722,24.0
5465130,230.0,36649.828531980515,17.0
5468126,265.0,36671.175082206726,19.0
5470681,220.0,36689.28263115883,18.0
5474960,720.0,36719.611728191376,33.0
5478786,365.0,36746.52175927162,25.0
5481533,180.0,36766.10230636597,16.0
5484958,335.0,36789.59742450714,24.0
5489273,500.0,36821.03642177582,31.0
5493331,295.0,36855.30494594574,20.0
5497773,690.0,36915.579490184784,31.0
5500822,290.0,36950.07233428955,21.0
5502433,65.0,36962.13799452782,8.0
5505023,195.0,36977.86069011688,16.0
5507596,150.0,36993.083158016205,14.0
5511047,405.0,37014.64053583145,28.0
5514979,330.0,37038.80549001694,24.0
5518276,305.0,37058.26189780235,23.0
5520823,195.0,37074.18745350838,17.0
5525816,420.0,37103.085971832275,28.0
5529483,290.0,37124.081914424896,22.0
5532570,255.0,37142.02868747711,21.0
5538024,660.0,37173.11166882515,30.0
5540342,190.0,37186.0698633194,17.0
5542550,200.0,37198.049511671066,17.0
5546027,230.0,37217.28973722458,18.0
5549366,340.0,37235.6198759079,25.0
5551484,150.0,37259.81840467453,13.0
5556253,650.0,37291.87081336975,30.0
5559523,530.0,37313.444918870926,25.0
5564656,490.0,37347.74082684517,31.0
5569195,495.0,37377.68065714836,31.0
5571769,215.0,37394.46281647682,16.0
5576669,545.0,37426.514610767365,33.0
5578836,135.0,37440.514041900635,13.0
5582993,490.0,37467.46274614334,31.0
5585811,265.0,37485.8384013176,20.0
5591037,465.0,37520.17326545715,30.0
5596794,580.0,37556.47303915024,34.0
5601351,605.0,37585.02495121956,35.0
5604579,360.0,37606.34473776817,25.0
5607091,195.0,37622.732152462006,18.0
5609253,190.0,37636.9493021965,16.0
5614129,490.0,37669.1700963974,31.0
5616351,175.0,37683.81356883049,15.0
5618577,135.0,37698.71237254143,12.0
5621445,335.0,37717.51356291771,25.0
5623133,105.0,37728.74302983284,11.0
5628173,745.0,37762.05127668381,34.0
5632038,570.0,37787.62903499603,34.0
5636104,415.0,37813.68286943436,28.0
5640794,575.0,37857.39973974228,34.0
5643919,235.0,37898.766810655594,19.0
5647979,370.0,37932.69620513916,25.0
5650817,235.0,37948.99175238609,19.0
5654596,380.0,37971.52699947357,26.0
5658233,405.0,37992.31680607796,27.0
5663543,510.0,38023.52572107315,30.0
5668155,770.0,38050.32165122032,35.0
5672450,395.0,38073.93974709511,25.0
5676421,615.0,38095.74700284004,29.0
5679079,155.0,38110.3072514534,15.0
5683100,360.0,38132.22652721405,26.0
5688331,525.0,38161.03824543953,32.0
5692473,550.0,38183.68971037865,32.0
5695136,160.0,38198.493123054504,15.0
5698369,235.0,38230.12924718857,19.0
5701764,365.0,38252.47230553627,25.0
5703720,155.0,38265.46431398392,15.0
5706570,255.0,38284.34998345375,20.0
5709523,165.0,38304.04301714897,14.0
5712699,290.0,38324.95159673691,22.0
5716597,330.0,38350.789741277695,25.0
5720733,415.0,38378.11320018768,28.0
5726574,485.0,38416.965732097626,29.0
5729318,215.0,38435.19804739952,16.0
5732249,315.0,38454.279475688934,22.0
5737665,780.0,38490.13955402374,35.0
5739110,60.0,38499.70362854004,6.0
5741922,250.0,38518.23799324036,20.0
5746601,455.0,38548.52733850479,29.0
5749391,230.0,38566.66620016098,19.0
5755162,520.0,38604.09405565262,32.0
5757362,155.0,38618.46099567413,14.0
5759318,140.0,38631.219123125076,13.0
5762757,285.0,38653.83728790283,22.0
5768053,540.0,38689.24100494385,32.0
5771564,295.0,38712.30657243729,22.0
5777163,685.0,38748.602496385574,40.0
5782209,560.0,38781.20185470581,33.0
5786055,590.0,38815.176862478256,27.0
5789489,190.0,38858.907175302505,18.0
5794446,755.0,38900.3153116703,34.0
5798796,545.0,38925.21888613701,33.0
5802960,440.0,38949.438448667526,27.0
5807365,405.0,38975.214199543,27.0
5810092,325.0,38990.69450426102,23.0
5811995,125.0,39001.297256946564,12.0
5816579,665.0,39027.786977529526,31.0
5821143,495.0,39053.01878428459,31.0
5824322,395.0,39070.571412563324,25.0
5828506,345.0,39093.5160381794,25.0
5833289,435.0,39119.75912332535,28.0
5835595,215.0,39132.65444159508,17.0
5839631,415.0,39154.80662679672,27.0
5841032,85.0,39162.54342389107,8.0
5844813,355.0,39196.34227657318,24.0
5849725,460.0,39228.79273247719,29.0
5853924,300.0,39256.85515284538,22.0
5856880,140.0,39276.60342001915,14.0
5861197,400.0,39305.446228027344,27.0
5862798,55.0,39315.804988622665,7.0
5866188,280.0,39338.50230169296,21.0
5868394,185.0,39353.462810754776,16.0
5872541,345.0,39380.25773477554,25.0
5877213,640.0,39411.088980436325,30.0
5879330,155.0,39424.79546499252,14.0
5881326,85.0,39437.926352500916,11.0
5886211,520.0,39470.126906871796,32.0
5889250,340.0,39489.85890173912,24.0
5895565,485.0,39530.945046663284,31.0
5898478,320.0,39550.018522024155,23.0
5900047,85.0,39560.38157057762,8.0
5903907,365.0,39586.087034225464,25.0
5908225,495.0,39614.49253106117,31.0
5913218,495.0,39647.7861366272,31.0
5919308,675.0,39687.131662368774,40.0
5922400,325.0,39707.40316605568,24.0
5925098,225.0,39724.88717484474,19.0
5927419,215.0,39740.316336631775,16.0
5931178,380.0,39769.006665706635,26.0
5934263,310.0,39806.069283008575,23.0
5938603,645.0,39855.336876153946,30.0
5943299,405.0,39884.63160729408,27.0
5945837,185.0,39899.19538593292,16.0
5947933,215.0,39911.92989206314,18.0
5953770,780.0,39945.979863643646,35.0
5955880,115.0,39957.857958078384,12.0
5959791,360.0,39980.89654445648,25.0
5964578,770.0,40007.43805360794,35.0
5967531,305.0,40023.807213783264,23.0
5969702,135.0,40035.683371305466,13.0
5974039,440.0,40059.57974481583,29.0
5978150,500.0,40082.15700531006,30.0
5983142,440.0,40109.64512395859,29.0
5987971,555.0,40137.06988406181,33.0
5991672,280.0,40170.21431875229,21.0
5994853,400.0,40191.211544275284,26.0
5996800,85.0,40204.35963654518,9.0
5999829,195.0,40224.44129514694,17.0
6002531,225.0,40242.40409040451,19.0
6007763,745.0,40277.084537267685,34.0
6011044,295.0,40298.97054314613,21.0
6016385,575.0,40333.86345553398,34.0
6021095,815.0,40364.60694217682,36.0
6023856,275.0,40382.905019283295,19.0
6027893,380.0,40409.654099941254,25.0
6033006,525.0,40443.17549490929,32.0
6038506,500.0,40479.257716178894,31.0
6042013,525.0,40502.31461572647,24.0
6046318,440.0,40530.70445752144,29.0
6048276,180.0,40543.80048727989,14.0
6051987,600.0,40568.58310866356,27.0
6057468,545.0,40604.84723711014,32.0
6061114,440.0,40629.06900668144,27.0
6066249,545.0,40662.99492096901,33.0
6071148,710.0,40695.14617109299,32.0
6074858,600.0,40719.76880311966,28.0
6079737,470.0,40771.364968538284,30.0
6081778,150.0,40798.13374757767,11.0
6084850,275.0,40826.5367474556,20.0
6090026,705.0,40856.874227523804,32.0
6094265,290.0,40881.90844774246,22.0
6098102,330.0,40903.89993286133,23.0
6103182,365.0,40933.47229170799,25.0
6108149,430.0,40962.052716732025,28.0
6114453,800.0,40997.22113227844,36.0
6116861,205.0,41010.543605566025,17.0
6120065,290.0,41028.36994743347,23.0
6124326,445.0,41051.77243280411,29.0
6128596,445.0,41075.364730119705,29.0
6133057,410.0,41100.05766916275,27.0
6136180,340.0,41130.89931702614,24.0
6140521,450.0,41159.33730530739,29.0
6144897,465.0,41188.50093650818,30.0
6149364,460.0,41218.028621435165,30.0
6155547,570.0,41258.65446352959,34.0
6161086,465.0,41295.544619083405,29.0
6165672,500.0,41326.09741854668,31.0
6167731,125.0,41339.665611982346,11.0
6169930,160.0,41354.24135875702,14.0
6174528,340.0,41384.73313307762,25.0
6177864,255.0,41406.60053730011,17.0
6181044,300.0,41427.43192100525,23.0
6185768,600.0,41458.59713888168,35.0
6190736,470.0,41490.929982185364,30.0
6195812,470.0,41523.655913352966,30.0
6199015,375.0,41544.48466134071,26.0
6201798,220.0,41562.49499440193,16.0
6204363,70.0,41579.719190597534,8.0
6207168,240.0,41597.67791080475,17.0
6210735,365.0,41620.42584848404,25.0
6215277,545.0,41650.36303973198,33.0
6218259,215.0,41670.00315642357,19.0
6220700,265.0,41686.732734918594,20.0
6223884,310.0,41718.059485673904,21.0
6228990,445.0,41781.1527466774,29.0
6232171,240.0,41803.40769410133,19.0
6237139,600.0,41831.73595929146,35.0
6239963,225.0,41848.65303397179,19.0
6242855,115.0,41865.324343919754,12.0
6247150,390.0,41890.34302520752,27.0
6249356,175.0,41903.58284330368,13.0
6253436,515.0,41926.39866685867,32.0
6255820,170.0,41939.53300333023,14.0
6259780,340.0,41961.27693629265,24.0
6263005,330.0,41979.16567015648,23.0
6267427,415.0,42003.517611026764,28.0
6270640,335.0,42021.32769179344,23.0
6275283,545.0,42046.93113183975,32.0
6278830,390.0,42066.27586102486,26.0
6283911,645.0,42109.08819627762,29.0
6289745,415.0,42147.18674468994,28.0
6291789,160.0,42160.427558898926,15.0
6295197,365.0,42182.834839344025,26.0
6299699,480.0,42212.57445859909,30.0
6305520,600.0,42250.863664627075,35.0
6307602,125.0,42264.57680606842,12.0
6309756,185.0,42278.851425886154,13.0
6314301,365.0,42308.308561086655,26.0
6316657,255.0,42323.809106349945,18.0
6320128,320.0,42346.443910598755,24.0
6322403,160.0,42361.62248659134,13.0
6326137,395.0,42386.518293857574,27.0
6329378,360.0,42408.545677661896,24.0
6333468,470.0,42435.95792531967,30.0
6336515,185.0,42456.079595804214,16.0
6341996,480.0,42492.94571828842,31.0
6346722,540.0,42524.83981823921,33.0
6348322,75.0,42535.521215200424,8.0
6350335,155.0,42549.12221765518,15.0
6353269,265.0,42568.11594772339,21.0
6357422,380.0,42595.9569671154,25.0
6361718,400.0,42624.86086368561,27.0
6366031,495.0,42653.598848342896,31.0
6369938,445.0,42694.93422746658,29.0
6372918,325.0,42733.86089301109,21.0
6376728,420.0,42768.39683628082,28.0
6379341,205.0,42783.819105148315,16.0
6384534,400.0,42814.9729282856,27.0
6388374,145.0,42837.26394319534,12.0
6392409,600.0,42861.064079999924,28.0
6396732,545.0,42886.55808901787,33.0
6399626,260.0,42902.862926244736,21.0
6403355,330.0,42923.820028066635,25.0
6408314,455.0,42951.66111469269,29.0
6412379,410.0,42974.55368971825,27.0
6415550,385.0,42992.17904114723,25.0
6421335,525.0,43024.912640333176,32.0
6426115,470.0,43061.71563386917,30.0
6428173,125.0,43077.05583500862,11.0
6432584,415.0,43106.365414619446,28.0
6436748,570.0,43132.912669181824,34.0
6439643,270.0,43151.50787329674,22.0
6443985,400.0,43178.90970182419,24.0
6448022,335.0,43204.66596674919,21.0
6451966,340.0,43229.750676870346,23.0
6457432,545.0,43264.675686597824,33.0
6461561,405.0,43290.7511343956,27.0
6467051,690.0,43325.66079425812,32.0
6471259,375.0,43352.24407291412,26.0
6472773,95.0,43361.72925281525,10.0
6477519,475.0,43391.51975440979,30.0
6480616,300.0,43410.98705601692,23.0
6482166,65.0,43420.73234462738,6.0
6484547,160.0,43435.770802259445,13.0
6488001,330.0,43457.69075632095,24.0
6492569,520.0,43486.5686917305,32.0
6497457,490.0,43517.35526609421,31.0
6499862,250.0,43532.610589027405,18.0
6504791,740.0,43563.55390691757,34.0
6507245,260.0,43578.98076105118,18.0
6511325,550.0,43604.16192126274,26.0
6514911,295.0,43627.74773025513,21.0
6517554,185.0,43652.738828897476,17.0
6521351,440.0,43699.61712765694,27.0
6526388,735.0,43738.93086886406,33.0
6531939,425.0,43770.35287332535,28.0
6536989,450.0,43799.69656872749,29.0
6539516,200.0,43814.651513814926,17.0
6543289,420.0,43835.8773252964,28.0
6548426,665.0,43865.06847405434,31.0
6551941,420.0,43884.19594120979,28.0
6556876,665.0,43911.10524916649,30.0
6561243,405.0,43934.97844290733,26.0
6564834,440.0,43954.63931131363,27.0
6567443,160.0,43968.939245224,15.0
6570597,245.0,43986.12237095833,18.0
6575110,745.0,44019.328377485275,34.0
6579195,400.0,44048.02748465538,27.0
6581656,230.0,44063.666754722595,20.0
6587082,465.0,44098.066792964935,29.0
6590566,405.0,44119.85042691231,25.0
6595908,525.0,44153.33742237091,32.0
6597956,215.0,44165.64527797699,16.0
6600754,185.0,44183.04641842842,17.0
6603768,390.0,44202.01556134224,25.0
6609385,495.0,44237.254531145096,31.0
6612549,380.0,44257.05968785286,25.0
6616991,540.0,44285.01442146301,32.0
6619054,130.0,44298.058854818344,14.0
6622190,255.0,44317.88721823692,20.0
6625268,350.0,44336.743477106094,24.0
6630956,540.0,44372.20711231232,33.0
6635675,685.0,44401.239783763885,32.0
6638739,250.0,44420.68910384178,19.0
6640468,110.0,44431.23308825493,10.0
6645522,470.0,44463.1698448658,30.0
6650324,565.0,44493.4792509079,33.0
6654852,480.0,44522.044041872025,30.0
6658153,310.0,44542.76248717308,23.0
6659530,75.0,44551.460888147354,8.0
6664153,600.0,44581.061693668365,35.0
6665833,110.0,44594.34373641014,11.0
6669835,325.0,44637.914875268936,24.0
6676161,630.0,44695.30017733574,36.0
6680855,470.0,44721.72491264343,29.0
6686400,695.0,44753.75875735283,32.0
6690445,400.0,44777.25583291054,27.0
6695221,435.0,44804.96494626999,28.0
6698269,230.0,44821.80549120903,18.0
6702972,395.0,44847.56871008873,27.0
6707778,540.0,44874.05618548393,33.0
6710371,235.0,44888.16181731224,20.0
6714925,485.0,44913.25609874725,31.0
6718511,480.0,44932.84933400154,23.0
6723736,540.0,44964.64589595795,33.0
6726858,305.0,44991.93394446373,23.0
6729097,160.0,45006.089040756226,14.0
6734743,550.0,45041.82886123657,33.0
6739509,555.0,45072.1016266346,33.0
6744679,520.0,45104.94936585426,32.0
6750780,545.0,45143.542159080505,33.0
6754348,350.0,45166.316870212555,23.0
6757556,255.0,45186.90538191795,19.0
6760381,205.0,45204.64881324768,17.0
6763579,305.0,45224.74575853348,23.0
6766734,310.0,45244.524990320206,22.0
6770148,335.0,45265.95833611488,24.0
6773072,245.0,45284.40925979614,18.0
6775938,285.0,45302.5547785759,21.0
6778909,275.0,45321.383759498596,19.0
6782385,335.0,45343.150252103806,24.0
6786686,550.0,45370.03330993652,24.0
6790188,300.0,45392.270933389664,21.0
6794243,475.0,45417.783571481705,29.0
6796451,160.0,45431.47829771042,13.0
6802204,800.0,45467.928726673126,36.0
6805540,325.0,45489.13058543205,24.0
6810933,630.0,45522.980947971344,36.0
6815329,525.0,45552.23851490021,32.0
6820633,420.0,45612.15404677391,27.0
6824108,375.0,45644.90746426582,26.0
6828101,405.0,45668.18420314789,27.0
6832636,730.0,45694.592653512955,33.0
6836963,530.0,45719.164947509766,32.0
6840550,320.0,45740.19918060303,23.0
6843654,250.0,45758.412618637085,21.0
6846225,140.0,45772.8296251297,12.0
6850183,425.0,45794.44917535782,27.0
6852259,120.0,45805.941571474075,13.0
6857716,655.0,45835.721361875534,38.0
6861182,660.0,45854.66183614731,30.0
6866270,555.0,45882.53285217285,33.0
6871073,460.0,45908.87603855133,30.0
6875629,405.0,45945.963626623154,28.0
6880272,545.0,45975.526505470276,33.0
6882325,115.0,45988.801059007645,10.0
6886418,475.0,46014.781844854355,30.0
6890980,430.0,46043.13556909561,28.0
6894153,230.0,46063.38200855255,19.0
6897063,260.0,46081.77777647972,17.0
6901552,675.0,46109.99350500107,31.0
6905279,500.0,46133.44461894035,31.0
6910173,555.0,46164.5193734169,33.0
6912919,190.0,46182.03996968269,17.0
6917292,460.0,46209.69323348999,30.0
6920699,310.0,46231.09180307388,23.0
6925600,520.0,46261.964891433716,31.0
6931108,545.0,46296.89615082741,33.0
6934677,395.0,46319.47046160698,27.0
6936907,185.0,46333.61135530472,16.0
6940312,315.0,46355.201716184616,22.0
6944551,555.0,46382.068479537964,33.0
6950068,395.0,46416.71239686012,27.0
6954426,660.0,46444.28052043915,31.0
6958920,475.0,46472.48525762558,30.0
6964226,545.0,46507.50390005112,33.0
6967148,395.0,46536.94959688187,25.0
6971720,495.0,46591.221326589584,31.0
6974053,185.0,46608.741134405136,14.0
6976154,110.0,46620.99932575226,12.0
6980804,490.0,46647.9551923275,31.0
6983327,250.0,46662.10771608353,20.0
6987503,440.0,46686.26872777939,29.0
6990756,325.0,46704.79499745369,24.0
6995336,655.0,46731.038370370865,30.0
6999103,375.0,46751.7521648407,25.0
7001937,305.0,46767.237408638,22.0
7004931,235.0,46783.59111237526,18.0
7012714,770.0,46826.08252501488,35.0
7014085,65.0,46833.54451704025,6.0
7017964,420.0,46854.72137475014,27.0
7020350,240.0,46867.76217865944,18.0
7023830,330.0,46896.736307144165,22.0
7025909,200.0,46911.18609213829,15.0
7031602,465.0,46947.42936038971,30.0
7035908,535.0,46974.65677857399,32.0
7039039,505.0,46994.619356155396,22.0
7041070,125.0,47007.62161016464,12.0
7046197,545.0,47040.52718377113,33.0
7049611,295.0,47062.041174173355,22.0
7053745,395.0,47088.09519076347,27.0
7056005,110.0,47102.43734359741,12.0
7057837,85.0,47114.02684426308,10.0
7063870,600.0,47152.25362586975,35.0
7066279,280.0,47167.47277235985,21.0
7067667,50.0,47176.10000681877,6.0
7069102,100.0,47185.24052786827,8.0
7072895,415.0,47209.191361665726,28.0
7076271,405.0,47230.50072002411,27.0
7079211,255.0,47248.86293435097,20.0
7083597,460.0,47276.1722137928,29.0
7085566,165.0,47288.720134973526,16.0
7089832,485.0,47315.72628068924,30.0
7094358,470.0,47344.2169239521,30.0
7098785,570.0,47371.72542142868,34.0
7104187,600.0,47405.90731430054,35.0
7106755,255.0,47422.15830683708,19.0
7109733,250.0,47440.88713312149,19.0
7112562,335.0,47459.45650887489,24.0
7116409,510.0,47497.60957932472,31.0
7120624,515.0,47547.56366825104,32.0
7125164,490.0,47578.29813909531,31.0
7129747,655.0,47604.030774354935,29.0
7133849,545.0,47627.84992933273,33.0
7136051,180.0,47641.063559532166,15.0
7137533,85.0,47649.31590008736,8.0
7140278,220.0,47664.58625841141,19.0
7142413,165.0,47677.21389055252,14.0
7147603,640.0,47705.93277859688,30.0
7150013,230.0,47719.28835964203,18.0
7153854,425.0,47740.24854874611,28.0
7158548,545.0,47766.02494645119,33.0
7162189,325.0,47785.81472373009,22.0
7167534,695.0,47815.04844236374,32.0
7173360,725.0,47857.204318761826,32.0
7176831,370.0,47880.64162659645,26.0
7180683,445.0,47905.03420495987,29.0
7184749,445.0,47931.046947956085,28.0
7189041,435.0,47958.50000143051,29.0
7190651,60.0,47968.88209891319,6.0
7194015,375.0,47989.69986796379,25.0
7197672,510.0,48011.864263772964,31.0
7199259,110.0,48021.809375047684,12.0
7202311,350.0,48040.92888045311,24.0
7205594,400.0,48061.21249842644,26.0
7208044,200.0,48076.6823489666,17.0
7211203,395.0,48096.748120069504,27.0
7213545,225.0,48111.43284201622,18.0
7216341,360.0,48129.143609285355,26.0
7219956,270.0,48151.990841150284,22.0
7224977,540.0,48183.40066456795,32.0
7229466,590.0,48211.54484152794,27.0
7233908,450.0,48239.6229095459,29.0
7236792,210.0,48257.73264122009,18.0
7241229,450.0,48285.813044548035,29.0
7243547,190.0,48300.588420152664,15.0
7247134,295.0,48323.26372075081,21.0
7249992,195.0,48341.38698363304,16.0
7253446,430.0,48362.96456480026,27.0
7257145,375.0,48386.04213118553,26.0
7260568,365.0,48407.32017636299,25.0
7265607,570.0,48449.91456532478,34.0
7268624,270.0,48487.73018717766,21.0
7273067,425.0,48527.112518548965,28.0
7277606,495.0,48553.590245485306,31.0
7282341,485.0,48581.16569709778,31.0
7286943,435.0,48607.52271437645,29.0
7290844,345.0,48629.13472509384,25.0
7295226,465.0,48654.01687169075,30.0
7298095,255.0,48669.7497651577,21.0
7301735,355.0,48689.75688171387,24.0
7306559,520.0,48716.20171999931,32.0
7310409,470.0,48737.29078912735,30.0
7313509,270.0,48754.20285606384,21.0
7316547,140.0,48770.81297683716,14.0
7320465,515.0,48792.37850308418,22.0
7323163,245.0,48818.05742383003,17.0
7327633,600.0,48847.02754402161,35.0
7331715,445.0,48872.82672381401,28.0
7336473,555.0,48902.990595817566,33.0
7338736,110.0,48917.370951890945,11.0
7343846,530.0,48949.72156381607,32.0
7347349,350.0,48971.729474544525,25.0
7350465,525.0,48991.68867993355,25.0
7354610,540.0,49017.513392448425,33.0
7360103,585.0,49052.65842342377,34.0
7364621,540.0,49080.975762844086,33.0
7370096,575.0,49115.36265516281,34.0
7374358,360.0,49142.06455254555,25.0
7377307,305.0,49160.61638736725,23.0
7378823,55.0,49169.93728041649,7.0
7383522,470.0,49199.47153377533,30.0
7387335,395.0,49223.5644030571,26.0
7388888,125.0,49233.340126514435,9.0
7393717,600.0,49263.909418582916,35.0
7396705,345.0,49282.688005924225,25.0
7399494,255.0,49300.20384311676,21.0
7402473,265.0,49318.946380376816,22.0
7406766,495.0,49345.8326382637,31.0
7412785,970.0,49386.3685028553,36.0
7414835,130.0,49407.1288087368,12.0
7418322,345.0,49452.0293803215,25.0
7421216,240.0,49478.71518754959,19.0
7424660,410.0,49499.85163640976,27.0
7428472,450.0,49521.87502002716,22.0
7432980,490.0,49547.51938509941,31.0
7435168,210.0,49560.578795433044,18.0
7437220,170.0,49572.08701944351,15.0
7441184,465.0,49595.063683748245,30.0
7444496,410.0,49613.55589389801,27.0
7449969,535.0,49643.46658563614,32.0
7454689,460.0,49669.33805894852,29.0
7460434,630.0,49700.798531770706,36.0
7465450,515.0,49728.225402116776,32.0
7468356,345.0,49744.20765209198,25.0
7472512,525.0,49779.665769815445,32.0
7475836,355.0,49800.92705845833,25.0
7479107,350.0,49821.78457713127,25.0
7483342,625.0,49848.61929130554,29.0
7487957,500.0,49878.225935935974,31.0
7489643,95.0,49889.09467816353,9.0
7493387,295.0,49912.91878414154,21.0
7498014,625.0,49941.47065639496,29.0
7502657,500.0,49970.28776693344,31.0
7506578,425.0,49994.674778699875,28.0
7509375,245.0,50012.3341319561,19.0
7514046,510.0,50041.769439697266,32.0
7519101,570.0,50073.80767965317,34.0
7523556,605.0,50101.98646187782,27.0
7527168,280.0,50124.77591300011,20.0
7530353,640.0,50144.6138381958,28.0
7533941,270.0,50166.57829499245,21.0
7538821,495.0,50197.60983920097,31.0
7543821,575.0,50228.881902217865,34.0
7545664,110.0,50240.57614302635,12.0
7550479,515.0,50271.08558297157,32.0
7555394,490.0,50302.08537173271,31.0
7560245,745.0,50332.88247013092,34.0
7561948,105.0,50346.51784801483,11.0
7565883,465.0,50391.44385790825,30.0
7569618,235.0,50431.2030479908,16.0
7574556,455.0,50461.68629527092,28.0
7579117,445.0,50488.48242807388,29.0
7584003,545.0,50516.691803216934,33.0
7587451,390.0,50536.25923895836,27.0
7591572,670.0,50560.36862254143,31.0
7595448,545.0,50581.499962329865,26.0
7597450,160.0,50592.50759267807,15.0
7601177,380.0,50612.98310160637,25.0
7606253,495.0,50640.80381155014,31.0
7609518,350.0,50658.59887886047,25.0
7613784,600.0,50681.872747421265,35.0
7616153,230.0,50694.86831879616,19.0
7621730,635.0,50737.69545388222,30.0
7626015,715.0,50764.76544523239,33.0
7630096,425.0,50789.49693751335,28.0
7634512,500.0,50817.556535720825,31.0
7638524,425.0,50842.87659525871,27.0
7643054,395.0,50871.778304338455,27.0
7647807,600.0,50902.113555431366,35.0
7652070,515.0,50929.123394966125,32.0
7654358,190.0,50943.18565821648,17.0
7657574,365.0,50963.480828523636,25.0
7660798,340.0,50983.63268494606,24.0
7665750,670.0,51014.964633226395,31.0
7667499,100.0,51025.94180679321,10.0
7669768,135.0,51040.32468032837,15.0
7674446,570.0,51069.63828110695,34.0
7679498,510.0,51100.96606874466,32.0
7684424,575.0,51132.036301612854,34.0
7687433,390.0,51150.84297466278,25.0
7689909,180.0,51166.17526912689,15.0
7693374,350.0,51188.227444410324,23.0
7696690,270.0,51209.13309931755,20.0
7698437,120.0,51220.30412077904,12.0
7702866,725.0,51247.90610861778,33.0
7706608,580.0,51271.21764874458,27.0
7711434,510.0,51304.68875217438,32.0
7714712,330.0,51340.46733188629,24.0
7719491,600.0,51391.72500085831,34.0
7723556,555.0,51416.30816698074,33.0
7726680,325.0,51433.86189556122,24.0
7730356,345.0,51455.37019777298,25.0
7733253,205.0,51472.50412273407,18.0
7738163,600.0,51500.052099227905,35.0
7740272,125.0,51512.66840696335,12.0
7743473,305.0,51530.28802204132,21.0
7747800,415.0,51553.97073221207,28.0
7753479,745.0,51584.931258916855,34.0
7758461,520.0,51612.1897277832,32.0
7761072,210.0,51626.41822218895,19.0
7763758,180.0,51641.096740961075,17.0
7767664,595.0,51662.4483089447,28.0
7770628,335.0,51689.222177028656,23.0
7773691,310.0,51710.04628562927,23.0
7777379,420.0,51733.52951979637,28.0
7781505,750.0,51759.61781215668,34.0
7786819,470.0,51793.40704894066,30.0
7791583,605.0,51823.68364953995,35.0
7795668,255.0,51849.73014211655,18.0
7800163,500.0,51878.19637155533,31.0
7803940,430.0,51902.049376010895,29.0
7806850,300.0,51920.46983718872,21.0
7811086,490.0,51947.240195035934,31.0
7816453,545.0,51981.02858424187,33.0
7821628,445.0,52013.52872943878,29.0
7825096,590.0,52035.264409303665,28.0
7829696,570.0,52064.27044701576,34.0
7835284,800.0,52099.619166851044,35.0
7839689,400.0,52127.47242856026,27.0
7844682,500.0,52159.12065863609,31.0
7849054,440.0,52186.47349238396,28.0
7852585,250.0,52208.49275302887,21.0
7855805,355.0,52228.819069862366,25.0
7859453,255.0,52252.27425980568,20.0
7863371,450.0,52290.38678383827,29.0
7865561,100.0,52318.09907412529,11.0
7869738,415.0,52356.92932152748,28.0
7871958,210.0,52370.31125497818,17.0
7874506,290.0,52384.88115000725,21.0
7877282,130.0,52401.26664805412,13.0
7880792,380.0,52421.183186769485,24.0
7885745,800.0,52450.00443291664,36.0
7889444,260.0,52471.613072395325,21.0
7894530,680.0,52499.37775993347,40.0
7897685,340.0,52516.73119831085,25.0
7901618,530.0,52538.26439642906,32.0
7904843,195.0,52555.92799806595,14.0
7910205,600.0,52585.27457976341,35.0
7913531,385.0,52603.4963824749,25.0
7917164,420.0,52623.4969792366,28.0
7919290,175.0,52635.5768904686,15.0
7923027,330.0,52655.8529214859,24.0
7926007,260.0,52671.96439862251,18.0
7929509,340.0,52691.06520104408,23.0
7933582,370.0,52713.170944452286,25.0
7939105,545.0,52743.17052316666,32.0
7942402,315.0,52760.98060584068,23.0
7946246,475.0,52781.73462557793,30.0
7948920,220.0,52796.179589271545,17.0
7953719,570.0,52822.21355986595,34.0
7959421,600.0,52853.131242752075,35.0
7962933,480.0,52872.112446546555,22.0
7966073,375.0,52889.033251047134,25.0
7968675,275.0,52903.04841685295,21.0
7973619,740.0,52929.80553150177,33.0
7977970,530.0,52953.27025985718,32.0
7981787,320.0,52973.93285393715,24.0
7984953,320.0,52991.07146477699,23.0
7988945,455.0,53012.44209194183,30.0
7994486,610.0,53042.329008579254,35.0
7998693,910.0,53065.00240802765,33.0
8002026,280.0,53083.01252961159,22.0
8004218,180.0,53094.85215353966,17.0
8008708,430.0,53119.029962301254,28.0
8012587,265.0,53139.91620826721,21.0
8017154,600.0,53164.61887931824,35.0
8020403,410.0,53182.2279958725,25.0
8024632,415.0,53205.11135172844,28.0
8027440,215.0,53220.37765002251,19.0
8030581,310.0,53237.37201786041,24.0
8034442,475.0,53258.33058929443,30.0
8037664,160.0,53275.70445752144,14.0
8039986,140.0,53288.302745342255,12.0
8044154,415.0,53310.74135994911,28.0
8046914,305.0,53325.70122432709,23.0
8051697,455.0,53351.64641332626,29.0
8055119,270.0,53370.30329084396,21.0
8060409,525.0,53398.800993680954,32.0
8065354,510.0,53425.69963812828,32.0
8069446,430.0,53447.82140445709,29.0
8072900,250.0,53466.57697415352,20.0
8076705,520.0,53487.01862072945,32.0
8079882,415.0,53504.23766541481,26.0
8082207,220.0,53516.82611680031,17.0
8084999,315.0,53531.871064186096,21.0
8088736,460.0,53552.05254006386,29.0
8093802,540.0,53579.528369903564,33.0
8099882,775.0,53612.428871154785,35.0
8104997,540.0,53639.85230112076,33.0
8109934,500.0,53666.57927942276,31.0
8114145,555.0,53689.34058094025,33.0
8116949,235.0,53704.46917581558,19.0
8120217,505.0,53722.174260139465,24.0
8125092,735.0,53748.52167201042,33.0
8128687,510.0,53767.868220090866,31.0
8131676,310.0,53783.95210266113,22.0
8135035,340.0,53802.1204931736,25.0
8138306,350.0,53819.87090873718,23.0
8142359,670.0,53841.85242462158,31.0
8147376,710.0,53868.99555182457,32.0
8149837,160.0,53882.33790898323,13.0
8152308,135.0,53895.636390686035,14.0
8158090,775.0,53926.93605828285,35.0
8162052,620.0,53948.297494888306,29.0
8167345,770.0,53976.73690342903,35.0
8171605,510.0,53999.87064790726,30.0
8174015,280.0,54012.940283060074,20.0
8177971,550.0,54034.403777599335,33.0
8181034,205.0,54050.89863705635,17.0
8186591,645.0,54080.88573884964,38.0
8192139,545.0,54110.911261320114,33.0
8196286,430.0,54133.44174718857,28.0
8200020,340.0,54153.477367162704,25.0
8201975,170.0,54164.1499505043,15.0
8204540,165.0,54177.919471502304,15.0
8209413,525.0,54204.31995344162,32.0
8213884,645.0,54228.46557235718,30.0
8218986,540.0,54256.14378499985,33.0
8223163,590.0,54278.67299103737,28.0
8229092,525.0,54310.78961992264,32.0
8235182,545.0,54343.865661382675,33.0
8238725,385.0,54363.10449934006,25.0
8243718,500.0,54390.15889811516,31.0
8248688,725.0,54417.184614896774,33.0
8253348,490.0,54442.50960731506,31.0
8256975,620.0,54462.17880153656,28.0
8263837,665.0,54499.32007551193,41.0
8267340,245.0,54518.17532658577,19.0
8270545,325.0,54535.52868080139,23.0
8274578,470.0,54557.26565694809,29.0
8276551,140.0,54567.96554303169,13.0
8280413,425.0,54588.847862005234,28.0
8284758,545.0,54612.32100844383,33.0
8286904,165.0,54624.006150722504,14.0
8290107,220.0,54641.33036875725,18.0
8295360,485.0,54669.77306294441,30.0
8298729,280.0,54687.9502017498,20.0
8303282,500.0,54712.45277309418,31.0
8308572,540.0,54741.03357839584,33.0
8311651,325.0,54757.93954348564,24.0
8316622,575.0,54784.85574102402,34.0
8322059,775.0,54814.34813094139,35.0
8325951,545.0,54835.35505151749,33.0
8330185,500.0,54858.22033691406,31.0
8334576,660.0,54881.99281191826,30.0
8338473,375.0,54903.11517190933,25.0
8342822,590.0,54926.66775369644,28.0
8345372,230.0,54940.38905072212,19.0
8349118,405.0,54960.596269369125,27.0
8353270,685.0,54982.896315813065,32.0
8357642,525.0,55006.637489557266,32.0
8364288,660.0,55042.64721632004,39.0
8368882,745.0,55067.530042886734,34.0
8373401,450.0,55091.93358254433,29.0
8377224,660.0,55112.61931037903,30.0
8381836,520.0,55137.70587015152,32.0
8386531,745.0,55163.08294892311,34.0
8390156,445.0,55182.5562005043,29.0
8394921,385.0,55208.234094142914,27.0
8398782,440.0,55229.22752118111,29.0
8404244,675.0,55258.769454956055,41.0
8407257,380.0,55274.926476955414,25.0
8409322,145.0,55286.227725982666,12.0
8414761,465.0,55315.51598715782,30.0
8416713,190.0,55326.07000398636,14.0
8419381,225.0,55340.548739910126,18.0
8424421,525.0,55367.794837236404,32.0
8428051,275.0,55387.26708197594,19.0
8433494,480.0,55416.70689368248,30.0
8439011,545.0,55446.39025735855,33.0
8442566,635.0,55465.705451488495,29.0
8445192,295.0,55479.97257351875,20.0
8448959,390.0,55500.43261599541,25.0
8454595,785.0,55531.0709028244,35.0
8457210,285.0,55545.219469070435,22.0
8459697,220.0,55558.65770816803,19.0
8463721,670.0,55580.455525159836,30.0
8467065,365.0,55598.513625621796,26.0
8469680,285.0,55612.57868099213,22.0
8473288,425.0,55632.16548204422,27.0
8475846,160.0,55646.08270287514,15.0
8481056,500.0,55674.32098865509,31.0
8484272,275.0,55691.528034448624,21.0
8487331,345.0,55708.03268480301,25.0
8493058,800.0,55738.93680071831,35.0
8497677,575.0,55763.98592400551,34.0
8501109,315.0,55782.63014483452,23.0
8505531,485.0,55806.46754312515,30.0
8508305,275.0,55821.520770311356,22.0
8511605,420.0,55839.365322351456,26.0
8517210,520.0,55869.712368011475,32.0
8521779,515.0,55894.430243730545,32.0
8527008,545.0,55922.79074072838,32.0
8530763,450.0,55943.053179740906,29.0
8537241,665.0,55978.1082572937,39.0
8540127,430.0,55993.799025774,28.0
8544191,310.0,56015.83648777008,24.0
8550254,490.0,56048.594103336334,31.0
8552964,235.0,56063.225209236145,18.0
8554636,110.0,56072.38529801369,10.0
8557248,245.0,56086.49212241173,20.0
8559230,130.0,56097.289824962616,11.0
8563387,405.0,56119.79169154167,27.0
8567313,465.0,56140.960387945175,30.0
8573250,515.0,56173.323130607605,32.0
8577564,390.0,56196.73471188545,27.0
8579689,140.0,56208.27601337433,13.0
8582492,250.0,56223.46120810509,20.0
8587429,665.0,56250.13279008865,31.0
8589932,150.0,56263.6001868248,14.0
8592009,85.0,56274.8791718483,10.0
8596717,600.0,56300.28349900246,35.0
8602322,490.0,56330.57115030289,31.0
8606627,465.0,56353.917098760605,29.0
8611606,600.0,56380.946390628815,35.0
8616360,780.0,56406.75725698471,35.0
8619545,375.0,56424.040441036224,26.0
8624254,690.0,56449.41622686386,32.0
8627841,415.0,56468.91754794121,26.0
8630292,215.0,56482.248205661774,18.0
8634576,455.0,56505.5172829628,29.0
8638045,510.0,56524.27918720245,25.0
8642750,515.0,56549.73399400711,32.0
8645386,300.0,56564.076803684235,23.0
8648932,415.0,56583.30857682228,28.0
8653271,525.0,56606.84336948395,32.0
8659319,630.0,56639.58343720436,36.0
8662073,240.0,56654.62282848358,19.0
8663487,90.0,56662.2693734169,9.0
8665122,95.0,56671.220462322235,10.0
8669216,510.0,56693.45869350433,31.0
8670837,75.0,56702.269092559814,9.0
8673810,300.0,56718.35090088844,23.0
8676104,155.0,56730.86786556244,14.0
8679314,415.0,56748.37574696541,28.0
8682145,220.0,56763.74719405174,17.0
8685699,690.0,56783.06997656822,32.0
8688428,340.0,56797.90468788147,23.0
8693393,650.0,56824.88978552818,30.0
8695556,195.0,56836.5568959713,16.0
8698058,290.0,56850.27370405197,22.0
8703640,545.0,56880.68686723709,33.0
8707523,420.0,56901.894324064255,27.0
8711704,355.0,56924.556072711945,26.0
8715699,555.0,56946.32408261299,26.0
8720299,545.0,56971.36178398132,33.0
8725089,550.0,56997.428874731064,33.0
8729544,510.0,57021.479614019394,32.0
8733938,545.0,57045.34496426582,33.0
8735991,150.0,57056.579197883606,14.0
8739206,280.0,57074.125036001205,20.0
8744367,645.0,57102.20289897919,30.0
8747365,295.0,57118.747622966766,22.0
8750596,320.0,57136.30775284767,24.0
8754511,580.0,57157.767852544785,28.0
8757770,320.0,57175.60071849823,24.0
8762147,500.0,57199.4764149189,31.0
8766189,390.0,57221.552763938904,26.0
8769324,350.0,57238.65452837944,24.0
8773680,350.0,57262.548350572586,23.0
8778962,600.0,57291.4293525219,35.0
8784584,575.0,57322.18619227409,34.0
8790624,570.0,57355.22275686264,34.0
8794265,465.0,57375.0011510849,30.0
8798724,485.0,57399.39617013931,31.0
8801407,230.0,57414.129930496216,20.0
8805469,440.0,57436.22565698624,29.0
8810811,485.0,57465.37202882767,31.0
8814111,465.0,57483.4022693634,30.0
8816460,205.0,57496.322459459305,17.0
8819155,225.0,57510.95896577835,18.0
8823959,570.0,57537.44013428688,33.0
8827426,395.0,57556.36504006386,27.0
8829578,245.0,57568.15616559982,19.0
8833238,405.0,57588.24672484398,27.0
8836401,410.0,57605.28973150253,28.0
