1,18.0,13.47611403465271,7942
2,16.0,13.750678777694702,8148
3,24.0,14.27857255935669,8437
4,17.0,14.621501207351685,8698
5,36.0,15.505826234817505,9232
6,40.0,16.473927974700928,9825
7,25.0,16.959089994430542,10215
8,15.0,17.288366556167603,10462
9,13.0,17.57790231704712,10684
10,10.0,17.80745506286621,10859
11,16.0,18.125583171844482,11107
12,21.0,18.579197883605957,11455
13,19.0,18.97892427444458,11758
14,14.0,19.26302719116211,11975
15,19.0,19.63298988342285,12258
16,17.0,19.998727083206177,12540
17,16.0,20.372755527496338,12820
18,45.0,21.331178903579712,13550
19,13.0,21.59761071205139,13733
20,17.0,21.969436645507812,14014
21,18.0,22.298923015594482,14275
22,27.0,22.821996688842773,14688
23,17.0,23.15810751914978,14946
24,18.0,23.545315504074097,15255
25,32.0,24.213285446166992,15762
26,30.0,24.841469049453735,16266
27,20.0,25.276370763778687,16582
28,35.0,25.99674701690674,17129
29,22.0,26.495197296142578,17500
30,51.0,27.542158842086792,18298
31,45.0,28.46088433265686,18987
32,71.0,29.915249824523926,20095
33,15.0,30.22720503807068,20332
34,10.0,30.471124410629272,20501
35,19.0,30.887861251831055,20800
36,20.0,31.312655687332153,21127
37,11.0,31.575092554092407,21322
38,34.0,32.28593444824219,21860
39,21.0,32.77652907371521,22205
40,20.0,33.1994731426239,22524
41,24.0,33.68006110191345,22882
42,33.0,34.41652703285217,23431
43,13.0,34.71388292312622,23654
44,26.0,35.305442571640015,24102
45,11.0,35.52219748497009,24267
46,30.0,36.16586089134216,24758
47,21.0,36.58764672279358,25107
48,20.0,36.98355436325073,25427
49,79.0,38.61145234107971,26717
50,15.0,38.933032751083374,26965
51,19.0,39.340935945510864,27287
52,86.0,41.162333250045776,28657
53,85.0,42.91620707511902,30059
54,42.0,43.79053592681885,30740
55,15.0,44.10242199897766,30968
56,15.0,44.41787075996399,31208
57,12.0,44.66558218002319,31402
58,15.0,44.99964356422424,31662
59,21.0,45.41371536254883,31995
60,15.0,45.73188829421997,32246
61,32.0,46.38994765281677,32772
62,17.0,46.72397971153259,33047
63,20.0,47.081347942352295,33355
64,35.0,47.77304482460022,33925
65,19.0,48.163769483566284,34240
66,61.0,49.358736515045166,35196
67,17.0,49.72511959075928,35475
68,38.0,50.51500105857849,36101
69,34.0,51.20040035247803,36633
70,38.0,51.97691512107849,37226
71,77.0,53.61901330947876,38523
72,64.0,54.9413697719574,39572
73,16.0,55.30539655685425,39856
74,36.0,56.02660369873047,40422
75,12.0,56.289366006851196,40614
76,18.0,56.680901288986206,40924
77,69.0,58.11562776565552,42032
78,50.0,59.11763954162598,42812
79,51.0,60.12703537940979,43611
80,30.0,60.68524765968323,44039
81,104.0,62.69664263725281,45681
82,38.0,63.48582100868225,46303
83,34.0,64.18257641792297,46846
84,49.0,65.20020747184753,47624
85,52.0,66.18775606155396,48411
86,36.0,66.8721866607666,48994
87,42.0,67.67247295379639,49640
88,27.0,68.21970748901367,50057
89,50.0,69.27197027206421,50843
90,84.0,70.99801325798035,52192
91,55.0,72.07487273216248,53044
92,43.0,72.97475504875183,53731
93,51.0,74.06831383705139,54552
94,65.0,75.38300466537476,55605
95,66.0,76.71058583259583,56653
96,102.0,78.61276054382324,58278
97,27.0,79.15059757232666,58726
98,50.0,80.09863495826721,59509
99,71.0,81.51538443565369,60641
100,47.0,82.44887614250183,61403
101,59.0,83.61302733421326,62357
102,102.0,85.69328141212463,63972
103,55.0,86.7510085105896,64861
104,35.0,87.39707374572754,65413
105,50.0,88.38217782974243,66202
106,41.0,89.27780485153198,66889
107,125.0,91.8126368522644,68895
108,41.0,92.61557388305664,69546
109,73.0,94.00641822814941,70703
110,71.0,95.38294911384583,71868
111,67.0,96.71460461616516,72978
112,95.0,98.66671776771545,74504
113,131.0,101.29101610183716,76602
114,63.0,102.56102180480957,77575
115,68.0,103.89702248573303,78636
116,43.0,104.82781720161438,79333
117,58.0,106.01363444328308,80246
118,77.0,107.60180854797363,81512
119,58.0,108.8157250881195,82462
120,43.0,109.69161629676819,83155
121,59.0,110.89731478691101,84102
122,85.0,112.6831681728363,85513
123,65.0,113.98828625679016,86537
124,46.0,114.90283632278442,87281
125,67.0,116.19844436645508,88339
126,58.0,117.3211281299591,89274
127,90.0,119.09221768379211,90738
128,109.0,121.28010034561157,92521
129,45.0,122.12486529350281,93233
130,85.0,123.68359446525574,94551
131,63.0,124.92759561538696,95550
132,52.0,125.92234516143799,96364
133,99.0,127.9678463935852,97968
134,42.0,128.88856148719788,98653
135,63.0,130.2043719291687,99660
136,61.0,131.48144435882568,100651
137,67.0,132.86011695861816,101740
138,64.0,134.19263339042664,102778
139,63.0,135.4131052494049,103758
140,46.0,136.3872618675232,104511
141,68.0,137.72866082191467,105581
142,80.0,139.28623223304749,106838
143,35.0,139.98355722427368,107409
144,65.0,141.2768738269806,108459
145,91.0,143.0217010974884,109927
146,106.0,145.04603624343872,111614
147,51.0,146.05593967437744,112404
148,90.0,147.78198504447937,113834
149,77.0,149.28651475906372,115064
150,41.0,150.10816168785095,115724
151,94.0,152.0325391292572,117280
152,48.0,153.09573483467102,118072
153,68.0,154.52365803718567,119180
154,114.0,156.86509203910828,121015
155,60.0,158.14878630638123,122015
156,58.0,159.3034529685974,122946
157,59.0,160.4492313861847,123889
158,56.0,161.53087329864502,124770
159,50.0,162.54885625839233,125570
160,50.0,163.5253040790558,126375
161,54.0,164.55142426490784,127222
162,60.0,165.74290871620178,128198
163,39.0,166.50081062316895,128810
164,64.0,167.77876496315002,129844
165,48.0,168.71754503250122,130634
166,41.0,169.51676726341248,131272
167,66.0,170.78739047050476,132314
168,103.0,172.8892571926117,134000
169,110.0,175.0904278755188,135710
170,81.0,176.72598099708557,136993
171,56.0,177.92884254455566,137912
172,82.0,179.49609518051147,139141
173,52.0,180.60399961471558,139984
174,63.0,181.85618901252747,140953
175,55.0,182.9515872001648,141816
176,60.0,184.221773147583,142795
177,102.0,186.37006783485413,144449
178,76.0,187.84912490844727,145617
179,63.0,189.1792197227478,146646
180,99.0,191.16194462776184,148202
181,83.0,192.76873993873596,149527
182,69.0,194.2252757549286,150644
183,64.0,195.57925295829773,151690
184,34.0,196.3048882484436,152248
185,69.0,197.75244116783142,153396
186,49.0,198.70388889312744,154185
187,118.0,200.96295952796936,156027
188,72.0,202.39185166358948,157122
189,95.0,204.16148209571838,158639
190,78.0,205.74452137947083,159895
191,54.0,206.79898142814636,160720
192,71.0,208.24382948875427,161844
193,42.0,209.14866256713867,162528
194,60.0,210.40909028053284,163497
195,62.0,211.64460134506226,164472
196,52.0,212.69057989120483,165293
197,59.0,213.876118183136,166237
198,52.0,214.85834908485413,167035
199,65.0,216.13589882850647,168101
200,54.0,217.18291234970093,168940
201,65.0,218.52216506004333,169992
202,103.0,220.65684747695923,171698
203,92.0,222.47266721725464,173123
204,122.0,224.94863438606262,175053
205,77.0,226.58170580863953,176312
206,80.0,228.2512617111206,177626
207,99.0,230.30229306221008,179222
208,49.0,231.3012990951538,180018
209,60.0,232.50346994400024,180986
210,70.0,233.9371576309204,182113
211,61.0,235.13242149353027,183079
212,72.0,236.6089415550232,184229
213,55.0,237.68336248397827,185092
214,74.0,239.1823058128357,186298
215,85.0,240.9339988231659,187658
216,112.0,243.22445678710938,189449
217,52.0,244.3438150882721,190304
218,63.0,245.65430307388306,191300
219,75.0,247.09075593948364,192496
220,45.0,247.98559093475342,193240
221,41.0,248.82590007781982,193877
222,57.0,249.9987666606903,194799
223,113.0,252.30318307876587,196627
224,56.0,253.38365530967712,197492
225,89.0,255.04350757598877,198916
226,85.0,256.62869596481323,200253
227,101.0,258.7195580005646,201893
228,70.0,260.1120390892029,203026
229,88.0,261.97983956336975,204478
230,55.0,263.0304968357086,205383
231,63.0,264.21446347236633,206377
232,53.0,265.2001371383667,207216
233,84.0,266.9469864368439,208599
234,72.0,268.4527575969696,209793
235,60.0,269.5993444919586,210739
236,62.0,270.80989956855774,211769
237,106.0,272.88960433006287,213511
238,50.0,273.8369879722595,214306
239,80.0,275.47555208206177,215624
240,49.0,276.4625151157379,216389
241,114.0,278.78162002563477,218181
242,56.0,279.8979687690735,219104
243,51.0,280.91653394699097,219931
244,81.0,282.57580614089966,221267
245,136.0,285.31533908843994,223431
246,63.0,286.63090205192566,224480
247,62.0,287.86329317092896,225478
248,74.0,289.3508360385895,226637
249,76.0,291.0070812702179,227926
250,72.0,292.387318611145,229087
251,56.0,293.5155985355377,229971
252,63.0,294.7532606124878,230971
253,64.0,296.0200912952423,231996
254,43.0,296.92181754112244,232719
255,65.0,298.18810057640076,233765
256,94.0,299.9405710697174,235250
257,88.0,301.5992839336395,236612
258,42.0,302.4588415622711,237279
259,101.0,304.4346971511841,238871
260,66.0,305.8010175228119,239920
261,82.0,307.46304416656494,241225
262,51.0,308.4550988674164,242000
263,75.0,309.9779784679413,243211
264,46.0,310.8520739078522,243942
265,50.0,311.8377261161804,244738
266,74.0,313.41421723365784,245947
267,127.0,315.9269633293152,247947
268,54.0,316.98223519325256,248779
269,54.0,318.07647228240967,249623
270,64.0,319.31681180000305,250623
271,62.0,320.5878837108612,251631
272,64.0,321.8648717403412,252634
273,92.0,323.74393129348755,254106
274,49.0,324.76471734046936,254902
275,67.0,326.1635971069336,255998
276,79.0,327.72813749313354,257230
277,82.0,329.4142370223999,258567
278,99.0,331.2772114276886,260079
279,117.0,333.6135733127594,261913
280,43.0,334.4740262031555,262603
281,68.0,335.8421401977539,263689
282,101.0,337.9683184623718,265348
283,41.0,338.77311396598816,266001
284,107.0,340.84422969818115,267673
285,67.0,342.2157938480377,268741
286,102.0,344.30366826057434,270387
287,114.0,346.57001662254333,272175
288,44.0,347.43711853027344,272865
289,58.0,348.6581904888153,273821
290,82.0,350.32316613197327,275158
291,96.0,352.2182343006134,276662
292,74.0,353.6766469478607,277821
293,65.0,355.0081100463867,278862
294,94.0,356.9004428386688,280366
295,69.0,358.2598476409912,281434
296,65.0,359.64445447921753,282528
297,98.0,361.5557076931,284025
298,48.0,362.52495193481445,284797
299,132.0,365.1105172634125,286901
300,72.0,366.5555078983307,288048
301,73.0,368.0637924671173,289238
302,97.0,370.08301401138306,290814
303,58.0,371.2538981437683,291751
304,40.0,372.07343220710754,292395
305,51.0,373.0637638568878,293185
306,107.0,375.2118413448334,294878
307,72.0,376.67107009887695,296024
308,68.0,378.0694954395294,297134
309,42.0,378.92170000076294,297817
310,63.0,380.1888282299042,298821
311,54.0,381.294246673584,299687
312,58.0,382.5290479660034,300656
313,118.0,384.91627311706543,302532
314,51.0,385.9454016685486,303338
315,110.0,388.1978123188019,305113
316,47.0,389.13016057014465,305898
317,68.0,390.38610672950745,306943
318,122.0,392.8455708026886,308883
319,75.0,394.3547029495239,310066
320,63.0,395.6540813446045,311075
321,174.0,399.31226348876953,313951
322,102.0,401.41930174827576,315595
323,112.0,403.6906535625458,317374
324,103.0,405.84881234169006,319065
325,55.0,406.922137260437,319928
326,47.0,407.8742733001709,320671
327,54.0,408.9487609863281,321519
328,85.0,410.651260137558,322866
329,123.0,413.0685362815857,324797
330,45.0,413.97565388679504,325527
331,92.0,415.8298349380493,326987
332,58.0,417.0205702781677,327915
333,87.0,418.76721811294556,329283
334,153.0,421.91173028945923,331756
335,53.0,423.0595495700836,332653
336,66.0,424.4776804447174,333765
337,54.0,425.60960578918457,334645
338,61.0,426.79419803619385,335623
339,76.0,428.33657932281494,336889
340,82.0,429.9949645996094,338226
341,200.0,434.1160657405853,341470
342,78.0,435.6653342247009,342704
343,85.0,437.3680200576782,344055
344,70.0,438.7447290420532,345139
345,151.0,441.8402421474457,347562
346,112.0,444.1173083782196,349366
347,106.0,446.284188747406,351067
348,56.0,447.4041473865509,351961
349,101.0,449.44731974601746,353585
350,53.0,450.53573966026306,354431
351,179.0,454.06456184387207,357259
352,68.0,455.4852788448334,358389
353,102.0,457.5891058444977,360038
354,71.0,459.0022659301758,361186
355,48.0,459.90574836730957,361959
356,144.0,462.76290249824524,364256
357,76.0,464.299307346344,365483
358,60.0,465.51502752304077,366455
359,49.0,466.54134798049927,367267
360,57.0,467.72954511642456,368237
361,84.0,469.45914030075073,369586
362,79.0,471.1134226322174,370884
363,122.0,473.5796022415161,372834
364,80.0,475.17403507232666,374114
365,99.0,477.16540145874023,375691
366,124.0,479.696652173996,377710
367,87.0,481.4469954967499,379108
368,103.0,483.5976984500885,380795
369,58.0,484.7622158527374,381711
370,70.0,486.23660039901733,382866
371,68.0,487.6711013317108,384000
372,78.0,489.2306685447693,385236
373,54.0,490.341055393219,386110
374,53.0,491.444509267807,386971
375,114.0,493.67198371887207,388762
376,96.0,495.64966654777527,390316
377,115.0,498.0525665283203,392196
378,50.0,499.0868706703186,393004
379,65.0,500.3683524131775,394022
380,89.0,502.1256809234619,395398
381,58.0,503.3434588909149,396351
382,53.0,504.4287853240967,397203
383,92.0,506.31506276130676,398717
384,162.0,509.52371883392334,401254
385,86.0,511.23232340812683,402612
386,84.0,512.9590899944305,403987
387,86.0,514.7644689083099,405432
388,70.0,516.2061383724213,406579
389,98.0,518.1246111392975,408097
390,66.0,519.4479870796204,409162
391,60.0,520.657208442688,410137
392,56.0,521.7308781147003,411024
393,65.0,522.9516069889069,412075
394,55.0,524.0267009735107,412955
395,60.0,525.2371304035187,413889
396,80.0,526.8480370044708,415156
397,66.0,528.2099294662476,416240
398,112.0,530.3799259662628,417942
399,56.0,531.5144476890564,418838
400,66.0,532.8476243019104,419909
401,67.0,534.1885526180267,420980
402,108.0,536.25550365448,422669
403,101.0,538.3005990982056,424272
404,48.0,539.2932057380676,425064
405,100.0,541.3743097782135,426675
406,46.0,542.3044667243958,427415
407,74.0,543.7631449699402,428592
408,75.0,545.2332668304443,429782
409,63.0,546.4584360122681,430756
410,58.0,547.5893831253052,431665
411,50.0,548.6108846664429,432486
412,72.0,550.0301036834717,433647
413,45.0,550.8754391670227,434341
414,61.0,552.0919034481049,435306
415,95.0,553.8840851783752,436790
416,68.0,555.2211997509003,437895
417,48.0,556.1874058246613,438662
418,51.0,557.1544482707977,439458
419,200.0,561.2391364574432,442697
420,80.0,562.8149123191833,443996
421,52.0,563.8005375862122,444811
422,99.0,565.7552764415741,446344
423,73.0,567.1967287063599,447496
424,68.0,568.5961008071899,448623
425,66.0,569.8788449764252,449655
426,91.0,571.6694951057434,451133
427,190.0,575.3468730449677,454109
428,83.0,577.039822101593,455438
429,55.0,578.1798477172852,456335
430,91.0,580.0714797973633,457853
431,68.0,581.4689638614655,458958
432,61.0,582.7302393913269,459956
433,58.0,583.8971476554871,460879
434,54.0,584.9902632236481,461750
435,64.0,586.3310272693634,462809
436,63.0,587.5877816677094,463809
437,79.0,589.1800005435944,465078
438,95.0,591.1175413131714,466623
439,96.0,593.0673232078552,468152
440,190.0,596.9083771705627,471196
441,109.0,599.1066756248474,472935
442,182.0,602.7314915657043,475860
443,69.0,604.0851483345032,476952
444,200.0,608.130035161972,480208
445,73.0,609.5307137966156,481355
446,107.0,611.5966856479645,483105
447,45.0,612.5377385616302,483861
448,65.0,613.8593370914459,484899
449,73.0,615.3448209762573,486105
450,70.0,616.7727949619293,487249
451,74.0,618.2393708229065,488418
452,75.0,619.7045044898987,489645
453,152.0,622.6889011859894,492078
454,165.0,625.9947748184204,494705
455,50.0,626.9404182434082,495467
456,63.0,628.1844339370728,496464
457,127.0,630.6808562278748,498497
458,74.0,632.0892691612244,499654
459,99.0,634.0308568477631,501251
460,66.0,635.3484938144684,502330
461,78.0,636.9749138355255,503605
462,91.0,638.7287874221802,505044
463,50.0,639.7330634593964,505856
464,57.0,640.8949291706085,506776
465,76.0,642.4771256446838,508038
466,47.0,643.4217917919159,508803
467,43.0,644.3113749027252,509514
468,185.0,647.9479382038116,512425
469,39.0,648.7165675163269,513068
470,200.0,652.7277569770813,516307
471,139.0,655.451728105545,518534
472,57.0,656.5568153858185,519412
473,59.0,657.7518858909607,520363
474,175.0,661.3498005867004,523215
475,101.0,663.3478393554688,524822
476,83.0,665.056702375412,526191
477,50.0,666.0111470222473,526979
478,77.0,667.5253961086273,528215
479,173.0,670.9757966995239,530964
480,89.0,672.659565448761,532386
481,68.0,673.9068641662598,533446
482,129.0,676.5050165653229,535540
483,81.0,678.1186099052429,536827
484,76.0,679.6787645816803,538090
485,70.0,681.0498640537262,539199
486,200.0,685.04443526268,542432
487,119.0,687.4118099212646,544335
488,58.0,688.5517792701721,545268
489,105.0,690.6174900531769,546985
490,56.0,691.7176723480225,547864
491,65.0,693.0053267478943,548887
492,108.0,695.1194314956665,550589
493,62.0,696.3796541690826,551618
494,141.0,699.1946799755096,553873
495,139.0,702.0060133934021,556134
496,132.0,704.6381196975708,558249
497,104.0,706.7282767295837,559925
498,48.0,707.6731057167053,560686
499,71.0,709.0784072875977,561811
500,91.0,710.8279058933258,563241
501,61.0,712.0480110645294,564235
502,115.0,714.3804633617401,566082
503,200.0,718.4265441894531,569351
504,89.0,720.207111120224,570773
505,59.0,721.374370098114,571738
506,69.0,722.7379884719849,572834
507,61.0,723.9708795547485,573824
508,96.0,725.8706555366516,575383
509,58.0,727.0567588806152,576342
510,69.0,728.457991361618,577462
511,56.0,729.5417790412903,578349
512,62.0,730.7994351387024,579363
513,48.0,731.8008813858032,580169
514,56.0,732.9022078514099,581041
515,108.0,735.0996000766754,582817
516,46.0,736.0511367321014,583578
517,75.0,737.5121374130249,584732
518,81.0,739.096127986908,585993
519,62.0,740.3274426460266,586976
520,137.0,743.0637519359589,589162
521,67.0,744.4500563144684,590258
522,74.0,745.8763704299927,591397
523,71.0,747.3143782615662,592548
524,153.0,750.2327516078949,594985
525,165.0,753.4732129573822,597609
526,100.0,755.4451668262482,599235
527,107.0,757.6223523616791,600964
528,76.0,759.1276135444641,602172
529,93.0,760.9298942089081,603600
530,75.0,762.4047319889069,604784
531,61.0,763.6419382095337,605777
532,118.0,765.9188313484192,607645
533,123.0,768.2742717266083,609609
534,128.0,770.8635363578796,611685
535,61.0,772.1230611801147,612676
536,52.0,773.1779074668884,613517
537,74.0,774.6601946353912,614692
538,153.0,777.741632938385,617194
539,131.0,780.3009994029999,619240
540,102.0,782.305371761322,620867
541,156.0,785.2920308113098,623422
542,75.0,786.7389841079712,624603
543,200.0,790.6780455112457,627768
544,72.0,792.1036369800568,628921
545,102.0,794.133517742157,630538
546,78.0,795.6779172420502,631800
547,182.0,799.1254281997681,634686
548,68.0,800.3958177566528,635731
549,94.0,802.1453297138214,637177
550,152.0,805.0277483463287,639608
551,84.0,806.6493148803711,640944
552,97.0,808.5876357555389,642507
553,64.0,809.9149596691132,643566
554,114.0,812.164790391922,645387
555,107.0,814.3032073974609,647096
556,106.0,816.4527230262756,648820
557,152.0,819.43749833107,651261
558,98.0,821.3839609622955,652811
559,74.0,822.8442230224609,654027
560,112.0,824.9415686130524,655797
561,166.0,828.3671004772186,658527
562,171.0,831.7215316295624,661231
563,122.0,834.2059931755066,663221
564,168.0,837.5498902797699,665932
565,72.0,838.8964664936066,667057
566,161.0,842.1204080581665,669633
567,59.0,843.3102874755859,670587
568,47.0,844.2772169113159,671370
569,96.0,846.1794664859772,672887
570,167.0,849.4576852321625,675521
571,148.0,852.4304895401001,677921
572,95.0,854.3075935840607,679431
573,91.0,856.1289885044098,680905
574,70.0,857.5126950740814,681997
575,59.0,858.6863393783569,682946
576,61.0,859.8914647102356,683936
577,88.0,861.6960854530334,685383
578,54.0,862.798433303833,686268
579,181.0,866.4357268810272,689191
580,65.0,867.7158417701721,690219
581,42.0,868.5370013713837,690877
582,114.0,870.7122557163239,692668
583,172.0,874.0990443229675,695399
584,200.0,878.0882458686829,698609
585,64.0,879.398500919342,699669
586,105.0,881.468507528305,701314
587,118.0,883.8525187969208,703241
588,43.0,884.7439866065979,703956
589,86.0,886.482429265976,705371
590,66.0,887.8482251167297,706479
591,200.0,891.7280983924866,709721
592,83.0,893.340469121933,711051
593,144.0,896.1371786594391,713341
594,80.0,897.7157905101776,714598
595,146.0,900.6356749534607,716936
596,88.0,902.3530311584473,718329
597,146.0,905.2080821990967,720641
598,84.0,906.819910287857,721929
599,70.0,908.20938539505,723035
600,150.0,911.1529080867767,725419
601,133.0,913.810798406601,727543
602,79.0,915.337607383728,728836
603,187.0,919.0816922187805,731927
604,83.0,920.7897279262543,733277
605,123.0,923.2385330200195,735269
606,46.0,924.1429498195648,735985
607,155.0,927.2220838069916,738500
608,103.0,929.2817044258118,740137
609,195.0,933.2402036190033,743313
610,200.0,937.10688829422,746489
611,166.0,940.248820066452,749075
612,67.0,941.5779111385345,750135
613,80.0,943.1866343021393,751420
614,50.0,944.1755666732788,752219
615,170.0,947.6030344963074,754973
616,82.0,949.2465128898621,756287
617,200.0,953.3121302127838,759560
618,101.0,955.1330857276917,761120
619,71.0,956.485194683075,762213
620,79.0,958.072493314743,763491
621,74.0,959.5481746196747,764703
622,84.0,961.2167387008667,766083
623,92.0,963.0892169475555,767597
624,114.0,965.3133568763733,769382
625,166.0,968.5179395675659,772053
626,100.0,970.4610571861267,773606
627,55.0,971.4851791858673,774443
628,80.0,973.0677070617676,775720
629,81.0,974.6686174869537,777007
630,200.0,978.6671078205109,780224
631,116.0,980.9833166599274,782086
632,200.0,984.9584531784058,785273
633,200.0,988.830007314682,788380
634,95.0,990.7777101993561,789934
635,166.0,994.0147502422333,792524
636,86.0,995.7573251724243,793913
637,85.0,997.4336924552917,795246
638,101.0,999.4342355728149,796908
639,145.0,1002.3398807048798,799230
640,84.0,1003.9809899330139,800553
641,174.0,1007.3806207180023,803294
642,200.0,1011.3030817508698,806434
643,161.0,1014.5308840274811,809025
644,61.0,1015.7448720932007,810008
645,116.0,1018.1218264102936,811901
646,107.0,1020.2739481925964,813635
647,94.0,1022.1652450561523,815155
648,197.0,1026.0047347545624,818297
649,200.0,1029.9999797344208,821521
650,99.0,1031.9648373126984,823083
651,110.0,1034.069031238556,824815
652,180.0,1037.6130032539368,827689
653,86.0,1039.3753459453583,829132
654,200.0,1043.3166327476501,832328
655,82.0,1044.9950139522552,833644
656,107.0,1047.183272600174,835411
657,114.0,1049.4718029499054,837260
658,93.0,1051.3068914413452,838732
659,177.0,1054.8565080165863,841602
660,157.0,1057.962316274643,844071
661,90.0,1059.764184474945,845526
662,86.0,1061.487794160843,846926
663,163.0,1064.6386682987213,849502
664,95.0,1066.5927798748016,851052
665,143.0,1069.5497777462006,853409
666,131.0,1072.0690565109253,855499
667,200.0,1076.0615503787994,858746
668,200.0,1080.0594351291656,862000
669,200.0,1084.028668642044,865202
670,103.0,1086.1131756305695,866872
671,124.0,1088.516360282898,868858
672,152.0,1091.4209671020508,871221
673,96.0,1093.3768510818481,872779
674,114.0,1095.7302339076996,874659
675,200.0,1099.474585533142,877790
676,87.0,1101.1819605827332,879196
677,102.0,1103.142838716507,880829
678,150.0,1106.085556268692,883204
679,149.0,1108.941204547882,885556
680,110.0,1111.1737377643585,887356
681,109.0,1113.2494812011719,889065
682,85.0,1114.9960842132568,890502
683,153.0,1118.0440397262573,892964
684,98.0,1119.9761762619019,894569
685,95.0,1121.80748295784,896082
686,84.0,1123.451922416687,897425
687,60.0,1124.6294882297516,898383
688,100.0,1126.5926744937897,899954
689,149.0,1129.4233808517456,902286
690,93.0,1131.2619767189026,903796
691,107.0,1133.362102508545,905484
692,100.0,1135.3816633224487,907117
693,88.0,1137.0847721099854,908483
694,62.0,1138.323537349701,909507
695,200.0,1142.1375663280487,912690
696,116.0,1144.4440007209778,914535
697,122.0,1146.9195029735565,916538
698,168.0,1150.220366716385,919209
699,61.0,1151.3851387500763,920201
700,98.0,1153.2391741275787,921765
701,55.0,1154.3180923461914,922651
702,68.0,1155.6232235431671,923733
703,200.0,1159.6249794960022,926958
704,200.0,1163.5713047981262,930161
705,104.0,1165.6954345703125,931843
706,116.0,1167.9073359966278,933656
707,158.0,1171.066244840622,936238
708,91.0,1172.9647097587585,937747
709,82.0,1174.6506884098053,939108
710,103.0,1176.675164937973,940739
711,85.0,1178.3546588420868,942087
712,121.0,1180.7782049179077,944060
713,103.0,1182.8817286491394,945742
714,71.0,1184.3168504238129,946893
715,81.0,1185.8963005542755,948163
716,58.0,1187.0047852993011,949076
717,88.0,1188.822641134262,950532
718,64.0,1190.1097617149353,951588
719,150.0,1193.136373758316,954038
720,128.0,1195.63299036026,956059
721,176.0,1199.1408758163452,958888
722,69.0,1200.4066045284271,959940
723,54.0,1201.432552576065,960765
724,112.0,1203.6712062358856,962577
725,115.0,1205.8656191825867,964365
726,138.0,1208.560343503952,966566
727,93.0,1210.4582347869873,968084
728,67.0,1211.8294751644135,969199
729,123.0,1214.2198700904846,971097
730,129.0,1216.7456393241882,973153
731,89.0,1218.4872851371765,974562
732,149.0,1221.5277650356293,976971
733,109.0,1223.6325874328613,978731
734,135.0,1226.3346536159515,980929
735,84.0,1227.9404320716858,982285
736,184.0,1231.5699563026428,985240
737,142.0,1234.4314665794373,987510
738,106.0,1236.5539350509644,989207
739,200.0,1240.526375055313,992455
740,141.0,1243.28612947464,994723
741,150.0,1246.2665960788727,997157
742,200.0,1250.1584420204163,1000356
743,134.0,1252.8044562339783,1002553
744,79.0,1254.3224322795868,1003788
745,200.0,1258.274442911148,1007007
746,118.0,1260.4660177230835,1008832
747,200.0,1264.3447966575623,1011996
748,159.0,1267.4600801467896,1014519
749,93.0,1269.2978556156158,1015997
750,116.0,1271.5703189373016,1017827
751,62.0,1272.799477338791,1018810
752,148.0,1275.694394826889,1021160
753,54.0,1276.726571559906,1022015
754,171.0,1280.0237810611725,1024706
755,137.0,1282.6871650218964,1026846
756,192.0,1286.4554340839386,1029920
757,123.0,1288.8560268878937,1031881
758,91.0,1290.613930463791,1033307
759,105.0,1292.6143174171448,1034951
760,75.0,1294.173380613327,1036198
761,200.0,1298.085708618164,1039368
762,77.0,1299.6000745296478,1040613
763,61.0,1300.7796792984009,1041566
764,200.0,1304.723360300064,1044734
765,88.0,1306.475427865982,1046140
766,140.0,1309.2328944206238,1048400
767,138.0,1311.9941811561584,1050625
768,83.0,1313.6992342472076,1051995
769,78.0,1315.26287317276,1053265
770,154.0,1318.2696859836578,1055697
771,87.0,1319.9539093971252,1057084
772,60.0,1321.1851074695587,1058065
773,114.0,1323.3832247257233,1059889
774,119.0,1325.6885521411896,1061815
775,176.0,1329.1988949775696,1064656
776,200.0,1333.1332449913025,1067852
777,70.0,1334.5387539863586,1068981
778,74.0,1335.9804892539978,1070161
779,97.0,1337.9643206596375,1071761
780,110.0,1340.1645922660828,1073525
781,126.0,1342.6818842887878,1075538
782,200.0,1346.64772439003,1078753
783,78.0,1348.192327260971,1080003
784,164.0,1351.4834101200104,1082634
785,200.0,1355.5690188407898,1085897
786,67.0,1356.9009788036346,1086972
787,144.0,1359.8227388858795,1089309
788,134.0,1362.533704996109,1091478
789,55.0,1363.676417350769,1092391
790,58.0,1364.822782754898,1093295
791,65.0,1366.1049597263336,1094319
792,66.0,1367.503512620926,1095440
793,69.0,1368.823651790619,1096507
794,106.0,1370.8639397621155,1098211
795,79.0,1372.3442425727844,1099433
796,186.0,1376.068591594696,1102443
797,101.0,1378.1494851112366,1104103
798,90.0,1379.9429037570953,1105541
799,200.0,1383.8489768505096,1108723
800,97.0,1385.8132197856903,1110286
801,67.0,1387.1696774959564,1111372
802,69.0,1388.49396443367,1112465
803,94.0,1390.2330086231232,1113960
804,83.0,1391.8711590766907,1115328
805,101.0,1393.8951833248138,1116970
806,88.0,1395.565232515335,1118323
807,93.0,1397.3994686603546,1119853
808,200.0,1401.3084952831268,1123026
809,128.0,1403.7960574626923,1125040
810,141.0,1406.5586216449738,1127263
811,186.0,1410.3029141426086,1130268
812,93.0,1412.107698917389,1131759
813,62.0,1413.3333926200867,1132748
814,148.0,1416.1505887508392,1135047
815,60.0,1417.3284106254578,1136011
816,138.0,1420.1633639335632,1138279
817,73.0,1421.6216468811035,1139441
818,58.0,1422.776831150055,1140370
819,200.0,1426.6839742660522,1143541
820,121.0,1429.0296432971954,1145426
821,160.0,1432.1436550617218,1147940
822,161.0,1435.3289723396301,1150519
823,102.0,1437.3673841953278,1152169
824,200.0,1441.3391036987305,1155371
825,88.0,1443.098751783371,1156791
826,146.0,1446.0016770362854,1159173
827,158.0,1449.0666980743408,1161700
828,200.0,1452.9313414096832,1164861
829,200.0,1456.7808063030243,1168047
830,85.0,1458.4229490756989,1169412
831,108.0,1460.5776770114899,1171166
832,72.0,1462.018802165985,1172332
833,200.0,1465.8559937477112,1175475
834,67.0,1467.2162556648254,1176587
835,152.0,1470.1770820617676,1179001
836,81.0,1471.7674508094788,1180290
837,149.0,1474.6542077064514,1182669
838,200.0,1478.648443698883,1185904
839,200.0,1482.4491662979126,1189104
840,200.0,1486.4888994693756,1192364
841,138.0,1489.211327791214,1194598
842,200.0,1493.1313881874084,1197804
843,115.0,1495.4351465702057,1199684
844,200.0,1499.3063917160034,1202901
845,58.0,1500.4479820728302,1203809
846,164.0,1503.7382168769836,1206478
847,78.0,1505.2407729625702,1207716
848,87.0,1506.978722333908,1209120
849,72.0,1508.369794845581,1210268
850,61.0,1509.541115283966,1211226
851,181.0,1513.1242394447327,1214189
852,200.0,1517.04221200943,1217378
853,58.0,1518.1895294189453,1218299
854,136.0,1520.9269325733185,1220481
855,200.0,1524.8482921123505,1223652
856,106.0,1526.9582271575928,1225354
857,112.0,1529.1798787117004,1227134
858,111.0,1531.4067780971527,1228933
859,129.0,1533.9867992401123,1230989
860,141.0,1536.771678686142,1233234
861,200.0,1540.5805926322937,1236432
862,194.0,1544.356659412384,1239481
863,87.0,1546.10973238945,1240876
864,68.0,1547.4473371505737,1241967
865,68.0,1548.8296837806702,1243080
866,108.0,1550.9888043403625,1244821
867,75.0,1552.5431368350983,1246063
868,81.0,1554.1223785877228,1247352
869,71.0,1555.4970474243164,1248469
870,194.0,1559.3748245239258,1251664
871,104.0,1561.3787202835083,1253322
872,187.0,1564.9652280807495,1256341
873,188.0,1568.6787593364716,1259330
874,118.0,1571.0522663593292,1261261
875,200.0,1575.0425200462341,1264480
876,200.0,1578.9898474216461,1267640
877,130.0,1581.5393688678741,1269736
878,200.0,1585.3556034564972,1272935
879,123.0,1587.6599123477936,1274869
880,148.0,1590.5608859062195,1277188
881,72.0,1591.993573665619,1278349
882,117.0,1594.3520729541779,1280237
883,155.0,1597.427833557129,1282758
884,92.0,1599.2637655735016,1284264
885,111.0,1601.4029359817505,1286015
886,200.0,1605.4045350551605,1289232
887,136.0,1608.0873186588287,1291427
888,119.0,1610.4358551502228,1293362
889,180.0,1613.9053001403809,1296215
890,200.0,1617.6236684322357,1299397
891,200.0,1621.5006625652313,1302577
892,103.0,1623.5761620998383,1304286
893,125.0,1626.0188508033752,1306308
894,200.0,1629.8460056781769,1309469
895,191.0,1633.5666694641113,1312534
896,200.0,1637.565512418747,1315745
897,162.0,1640.7609238624573,1318329
898,200.0,1644.6912105083466,1321521
899,200.0,1648.5686857700348,1324679
900,200.0,1652.464891910553,1327864
901,200.0,1656.363749742508,1331027
902,108.0,1658.4596526622772,1332751
903,114.0,1660.707153558731,1334578
904,124.0,1663.172860622406,1336568
905,105.0,1665.2549164295197,1338267
906,82.0,1666.8347330093384,1339545
907,119.0,1669.1590719223022,1341432
908,200.0,1673.0990624427795,1344609
909,107.0,1675.2220726013184,1346335
910,82.0,1676.8984758853912,1347705
911,97.0,1678.8471727371216,1349283
912,177.0,1682.36461186409,1352124
913,158.0,1685.548454284668,1354680
914,112.0,1687.809547662735,1356499
915,125.0,1690.2198734283447,1358493
916,200.0,1694.0438623428345,1361660
917,146.0,1697.0024445056915,1364045
918,200.0,1701.0077080726624,1367287
919,108.0,1703.1747217178345,1369046
920,109.0,1705.4021210670471,1370833
921,200.0,1709.298968076706,1374067
922,89.0,1711.0569281578064,1375471
923,154.0,1714.0669453144073,1377881
924,200.0,1718.1456158161163,1381191
925,176.0,1721.5767483711243,1383978
926,200.0,1725.578326702118,1387273
927,200.0,1729.4650917053223,1390391
928,143.0,1732.3343029022217,1392709
929,81.0,1733.9748313426971,1394039
930,197.0,1737.8398315906525,1397210
931,80.0,1739.436665058136,1398501
932,200.0,1743.4590713977814,1401754
933,75.0,1744.924491405487,1402924
934,77.0,1746.4326236248016,1404144
935,119.0,1748.7118320465088,1406001
936,200.0,1752.6420004367828,1409177
937,93.0,1754.4339535236359,1410642
938,96.0,1756.35311293602,1412194
939,76.0,1757.880922794342,1413444
940,62.0,1759.0748319625854,1414424
941,91.0,1760.9087898731232,1415904
942,200.0,1764.8398401737213,1419063
943,190.0,1768.5104269981384,1422087
944,200.0,1772.515496969223,1425312
945,166.0,1775.9273042678833,1428048
946,200.0,1779.7080917358398,1431254
947,165.0,1783.0280208587646,1433995
948,191.0,1786.7860918045044,1437041
949,118.0,1789.1047759056091,1438892
950,200.0,1793.0461728572845,1442073
951,66.0,1794.3320007324219,1443136
952,148.0,1797.233449935913,1445490
953,136.0,1799.9375069141388,1447697
954,76.0,1801.4415452480316,1448900
955,96.0,1803.3992238044739,1450476
956,200.0,1807.290222644806,1453661
957,94.0,1809.1631798744202,1455180
958,200.0,1813.1330637931824,1458414
959,121.0,1815.592571258545,1460399
960,170.0,1818.9348249435425,1463111
961,102.0,1820.960611820221,1464731
962,94.0,1822.7943823337555,1466258
963,200.0,1826.735643863678,1469462
964,134.0,1829.3758630752563,1471604
965,89.0,1831.0953652858734,1472994
966,80.0,1832.6515762805939,1474232
967,200.0,1836.5482563972473,1477402
968,117.0,1838.8112246990204,1479280
969,200.0,1842.7733702659607,1482474
970,131.0,1845.4056887626648,1484596
971,124.0,1847.7808780670166,1486516
972,112.0,1850.0376181602478,1488307
973,147.0,1852.9471180438995,1490653
974,68.0,1854.262666940689,1491775
975,83.0,1855.8045547008514,1493059
976,143.0,1858.6207213401794,1495317
977,137.0,1861.3435378074646,1497547
978,107.0,1863.4552705287933,1499258
979,146.0,1866.3545546531677,1501599
980,99.0,1868.2732734680176,1503169
981,110.0,1870.3952577114105,1504878
982,100.0,1872.3692638874054,1506468
983,193.0,1876.272610425949,1509601
984,147.0,1879.109719991684,1511976
985,181.0,1882.6333403587341,1514907
986,161.0,1885.824658870697,1517491
987,137.0,1888.5267314910889,1519712
988,200.0,1892.3686718940735,1522917
989,158.0,1895.467468738556,1525477
990,74.0,1896.852914571762,1526695
991,189.0,1900.5535428524017,1529731
992,165.0,1903.6343204975128,1532327
993,200.0,1907.5191304683685,1535540
994,184.0,1911.2324481010437,1538556
995,109.0,1913.4346981048584,1540343
996,148.0,1916.29483628273,1542667
997,165.0,1919.5588824748993,1545314
998,87.0,1921.2269575595856,1546715
999,119.0,1923.5305089950562,1548586
1000,65.0,1924.8270344734192,1549611
1001,161.0,1928.0087132453918,1552181
1002,200.0,1931.8513896465302,1555370
1003,82.0,1933.4342710971832,1556672
1004,151.0,1936.2274219989777,1559043
1005,200.0,1940.0953142642975,1562221
1006,189.0,1943.770486831665,1565204
1007,200.0,1947.6846976280212,1568462
1008,131.0,1950.166268825531,1570555
1009,148.0,1953.00546336174,1572868
1010,129.0,1955.5186285972595,1574908
1011,132.0,1958.10573554039,1576985
1012,200.0,1962.0742988586426,1580191
1013,197.0,1965.961032152176,1583331
1014,176.0,1969.4613790512085,1586136
1015,200.0,1973.486069202423,1589371
1016,200.0,1977.3592677116394,1592542
1017,109.0,1979.4946794509888,1594281
1018,93.0,1981.2941200733185,1595764
1019,149.0,1984.2209510803223,1598157
1020,88.0,1985.9278259277344,1599534
1021,200.0,1989.9163782596588,1602751
1022,200.0,1993.8256828784943,1605948
1023,200.0,1997.6730098724365,1609139
1024,80.0,1999.1507251262665,1610402
1025,86.0,2000.8720071315765,1611798
1026,97.0,2002.7721376419067,1613324
1027,111.0,2004.9744482040405,1615096
1028,76.0,2006.443255662918,1616274
1029,166.0,2009.6676394939423,1618927
1030,178.0,2013.2133219242096,1621796
1031,76.0,2014.7414212226868,1623038
1032,78.0,2016.2402439117432,1624263
1033,149.0,2019.074969291687,1626681
1034,123.0,2021.542890548706,1628679
1035,111.0,2023.6575050354004,1630445
1036,200.0,2027.6077468395233,1633651
1037,82.0,2029.2287337779999,1634953
1038,119.0,2031.5303637981415,1636827
1039,200.0,2035.523136138916,1640050
1040,200.0,2039.4976272583008,1643255
1041,95.0,2041.416677236557,1644783
1042,149.0,2044.3392522335052,1647205
1043,200.0,2048.3209302425385,1650452
1044,81.0,2049.982650756836,1651780
1045,200.0,2053.9710216522217,1655011
1046,159.0,2057.1128647327423,1657541
1047,123.0,2059.5778822898865,1659534
1048,167.0,2062.897714138031,1662272
1049,200.0,2066.877431154251,1665475
1050,74.0,2068.3397917747498,1666652
1051,200.0,2072.295074224472,1669889
1052,200.0,2076.357738494873,1673157
1053,131.0,2078.9105985164642,1675257
1054,74.0,2080.3708226680756,1676465
1055,85.0,2082.0262928009033,1677834
1056,157.0,2085.1389644145966,1680359
1057,172.0,2088.5221843719482,1683082
1058,200.0,2092.4717795848846,1686252
1059,77.0,2093.976987361908,1687454
1060,170.0,2097.265703201294,1690156
1061,93.0,2099.0590856075287,1691619
1062,200.0,2102.8677105903625,1694745
1063,88.0,2104.6397607326508,1696181
1064,192.0,2108.4338235855103,1699261
1065,200.0,2112.4965240955353,1702555
1066,200.0,2116.3901238441467,1705734
1067,192.0,2120.1960682868958,1708806
1068,200.0,2124.103780031204,1712018
1069,136.0,2126.661064386368,1714209
1070,151.0,2129.589256286621,1716604
1071,159.0,2132.927237033844,1719291
1072,121.0,2135.2786178588867,1721221
1073,195.0,2139.1448488235474,1724406
1074,160.0,2142.353367805481,1727004
1075,92.0,2144.1866068840027,1728491
1076,111.0,2146.4000968933105,1730286
1077,102.0,2148.4101464748383,1731909
1078,139.0,2151.226377725601,1734176
1079,200.0,2155.186737537384,1737402
1080,116.0,2157.5255587100983,1739274
1081,150.0,2160.535478115082,1741701
1082,200.0,2164.5310275554657,1744915
1083,200.0,2168.446572780609,1748087
1084,200.0,2172.2924542427063,1751276
1085,155.0,2175.295372247696,1753721
1086,200.0,2179.0590867996216,1756895
1087,200.0,2182.9704389572144,1760073
1088,148.0,2185.903205394745,1762415
1089,77.0,2187.369214296341,1763622
1090,181.0,2191.0246403217316,1766581
1091,109.0,2193.0757105350494,1768303
1092,90.0,2194.862030506134,1769756
1093,87.0,2196.5471885204315,1771136
1094,125.0,2198.8300745487213,1773095
1095,80.0,2200.3453102111816,1774345
1096,200.0,2204.175573348999,1777509
1097,180.0,2207.7280700206757,1780418
1098,93.0,2209.4798741340637,1781841
1099,200.0,2213.4025509357452,1785073
1100,111.0,2215.5602688789368,1786861
1101,200.0,2219.399396419525,1790122
1102,200.0,2223.280781030655,1793311
1103,167.0,2226.6326785087585,1795994
1104,87.0,2228.359439611435,1797398
1105,184.0,2231.990114927292,1800422
1106,200.0,2235.941458463669,1803661
1107,136.0,2238.669324874878,1805841
1108,122.0,2241.0957548618317,1807781
1109,175.0,2244.6039600372314,1810627
1110,79.0,2246.1326072216034,1811872
1111,94.0,2247.9341537952423,1813329
1112,173.0,2251.369724750519,1816155
1113,195.0,2255.015912294388,1819178
1114,156.0,2258.0818326473236,1821715
1115,86.0,2259.7736961841583,1823091
1116,199.0,2263.6341285705566,1826199
1117,115.0,2265.8927030563354,1828021
1118,200.0,2269.8695797920227,1831279
1119,196.0,2273.7548444271088,1834416
1120,200.0,2277.6763343811035,1837697
1121,109.0,2279.8820128440857,1839489
1122,167.0,2283.338484287262,1842289
1123,200.0,2287.2664353847504,1845502
1124,142.0,2290.0945954322815,1847776
1125,200.0,2293.9759528636932,1851019
1126,200.0,2297.9511790275574,1854213
1127,117.0,2300.183538198471,1856026
1128,170.0,2303.456491947174,1858760
1129,103.0,2305.5369193553925,1860483
1130,200.0,2309.536789417267,1863733
1131,200.0,2313.5276143550873,1866984
1132,191.0,2317.2240512371063,1869973
1133,120.0,2319.563079357147,1871882
1134,137.0,2322.0918686389923,1874051
1135,200.0,2326.113984823227,1877307
1136,101.0,2328.1461226940155,1878945
1137,122.0,2330.625373840332,1880961
1138,172.0,2333.982565641403,1883655
1139,200.0,2338.0629830360413,1886966
1140,194.0,2341.9368228912354,1890133
1141,108.0,2344.070168495178,1891908
1142,200.0,2347.973997116089,1895073
1143,200.0,2351.8783254623413,1898294
1144,155.0,2354.9554495811462,1900800
1145,155.0,2358.085718154907,1903321
1146,101.0,2360.0879702568054,1904937
1147,127.0,2362.611558675766,1906975
1148,200.0,2366.5335569381714,1910158
1149,99.0,2368.5166580677032,1911760
1150,117.0,2370.7886962890625,1913654
1151,120.0,2373.1153135299683,1915535
1152,133.0,2375.5746080875397,1917625
1153,115.0,2377.805954694748,1919480
1154,128.0,2380.3456947803497,1921536
1155,143.0,2383.207341194153,1923838
1156,87.0,2384.9281833171844,1925218
1157,169.0,2388.2454113960266,1927894
1158,122.0,2390.6488296985626,1929879
1159,200.0,2394.610204935074,1933112
1160,150.0,2397.698019504547,1935581
1161,200.0,2401.6513283252716,1938780
1162,114.0,2403.8618998527527,1940601
1163,178.0,2407.202409029007,1943369
1164,183.0,2410.782995223999,1946306
1165,194.0,2414.4497385025024,1949365
1166,200.0,2418.4930222034454,1952703
1167,200.0,2422.444584131241,1955913
1168,127.0,2425.0411007404327,1958007
1169,200.0,2428.9362065792084,1961199
1170,100.0,2430.8887147903442,1962801
1171,112.0,2433.1785821914673,1964640
1172,135.0,2435.9031076431274,1966828
1173,119.0,2438.2378969192505,1968720
1174,200.0,2442.168604850769,1971948
1175,118.0,2444.4574370384216,1973810
1176,166.0,2447.6835429668427,1976425
1177,200.0,2451.6360886096954,1979644
1178,86.0,2453.378244161606,1981066
1179,112.0,2455.5967071056366,1982862
1180,200.0,2459.4972448349,1986011
1181,97.0,2461.3499147892,1987544
1182,149.0,2464.311764717102,1989921
1183,200.0,2468.299288749695,1993177
1184,200.0,2472.278824567795,1996396
1185,91.0,2474.1003847122192,1997876
1186,148.0,2477.0261611938477,2000230
1187,200.0,2480.9259810447693,2003430
1188,200.0,2484.8135623931885,2006597
1189,200.0,2488.782946586609,2009793
1190,200.0,2492.682381629944,2012976
1191,156.0,2495.7775349617004,2015486
1192,173.0,2499.1773703098297,2018271
1193,200.0,2503.0882396698,2021453
1194,200.0,2507.0132381916046,2024770
1195,200.0,2510.7357931137085,2027924
1196,153.0,2513.7190499305725,2030335
1197,200.0,2517.5831513404846,2033530
1198,163.0,2520.8517072200775,2036199
1199,116.0,2523.159677028656,2038056
1200,92.0,2524.974842786789,2039530
1201,160.0,2528.0941445827484,2042038
1202,158.0,2531.1943225860596,2044571
1203,122.0,2533.5292563438416,2046522
1204,134.0,2536.2091495990753,2048752
1205,146.0,2539.065145969391,2051112
1206,200.0,2543.108166694641,2054367
1207,200.0,2546.925391435623,2057538
1208,143.0,2549.8452427387238,2059879
1209,114.0,2552.095176935196,2061688
1210,200.0,2555.987830400467,2064833
1211,200.0,2559.7338285446167,2067898
1212,104.0,2561.7688159942627,2069569
1213,173.0,2565.1369998455048,2072321
1214,200.0,2569.061074733734,2075496
1215,136.0,2571.74200797081,2077670
1216,200.0,2575.733752965927,2080900
1217,185.0,2579.3280997276306,2083881
1218,200.0,2583.316294193268,2087102
1219,128.0,2585.8270404338837,2089119
1220,140.0,2588.578246831894,2091357
1221,129.0,2591.0166597366333,2093397
1222,200.0,2594.7858028411865,2096587
1223,200.0,2598.6258125305176,2099737
1224,130.0,2601.056651353836,2101759
1225,200.0,2604.933212041855,2104947
1226,200.0,2608.783797264099,2108097
1227,200.0,2612.755799770355,2111337
1228,192.0,2616.4484164714813,2114395
1229,200.0,2620.2564656734467,2117575
1230,157.0,2623.3228375911713,2120049
1231,145.0,2626.178713321686,2122347
1232,114.0,2628.4762377738953,2124202
1233,100.0,2630.47633433342,2125804
1234,112.0,2632.6771461963654,2127612
1235,200.0,2636.702336549759,2130892
1236,182.0,2640.2775127887726,2133761
1237,100.0,2642.310775756836,2135391
1238,200.0,2646.303421020508,2138593
1239,188.0,2649.989082098007,2141559
1240,200.0,2653.896865129471,2144766
1241,168.0,2657.1628155708313,2147437
1242,124.0,2659.567278146744,2149399
1243,198.0,2663.4481563568115,2152565
1244,200.0,2667.3135454654694,2155787
1245,200.0,2671.16895031929,2158957
1246,137.0,2673.843889474869,2161131
1247,150.0,2676.8173208236694,2163532
1248,200.0,2680.7418506145477,2166738
1249,199.0,2684.7039098739624,2169949
1250,189.0,2688.4138305187225,2172996
1251,125.0,2690.798738718033,2174939
1252,180.0,2694.3509249687195,2177827
1253,200.0,2698.26712846756,2180992
1254,133.0,2700.8159646987915,2183151
1255,200.0,2704.654260158539,2186325
1256,103.0,2706.6767148971558,2187983
1257,120.0,2709.062118291855,2189895
1258,200.0,2712.9744272232056,2193126
1259,160.0,2716.189059495926,2195740
1260,200.0,2720.072860956192,2198909
1261,200.0,2724.0894107818604,2202174
1262,173.0,2727.4192509651184,2204884
1263,200.0,2731.271525144577,2208103
1264,185.0,2734.84863448143,2211014
1265,118.0,2737.2074389457703,2212912
1266,131.0,2739.868701696396,2215061
1267,137.0,2742.538237810135,2217303
1268,177.0,2746.0125262737274,2220124
1269,176.0,2749.4679005146027,2222975
1270,200.0,2753.4054765701294,2226150
1271,200.0,2757.363668680191,2229358
1272,120.0,2759.652408838272,2231232
1273,200.0,2763.5542612075806,2234363
1274,125.0,2766.006079673767,2236359
1275,132.0,2768.575074195862,2238441
1276,200.0,2772.483529806137,2241680
1277,137.0,2775.2281217575073,2243893
1278,144.0,2778.0883429050446,2246191
1279,200.0,2781.9693372249603,2249349
1280,170.0,2785.3787631988525,2252097
1281,145.0,2788.303852081299,2254516
1282,200.0,2792.1612482070923,2257691
1283,129.0,2794.7723186016083,2259790
1284,155.0,2797.902715444565,2262294
1285,200.0,2801.9039072990417,2265514
1286,200.0,2805.75368309021,2268698
1287,179.0,2809.2612586021423,2271526
1288,200.0,2813.1851103305817,2274763
1289,200.0,2817.1070828437805,2277988
1290,200.0,2821.1702404022217,2281273
1291,131.0,2823.8685443401337,2283476
1292,152.0,2826.8301310539246,2285897
1293,150.0,2829.678242444992,2288282
1294,200.0,2833.6670145988464,2291516
1295,149.0,2836.634440422058,2293947
1296,200.0,2840.440530538559,2297121
1297,169.0,2843.6898272037506,2299742
1298,200.0,2847.6684935092926,2302988
1299,200.0,2851.5437734127045,2306164
1300,155.0,2854.5316207408905,2308594
1301,200.0,2858.366899728775,2311743
1302,142.0,2861.174902677536,2314008
1303,200.0,2865.1878485679626,2317250
1304,176.0,2868.5907220840454,2320066
1305,200.0,2872.5384209156036,2323272
1306,117.0,2874.7949047088623,2325110
1307,132.0,2877.3610258102417,2327241
1308,200.0,2881.3132548332214,2330440
1309,167.0,2884.6051619052887,2333113
1310,146.0,2887.4644927978516,2335470
1311,200.0,2891.4346148967743,2338673
1312,134.0,2894.130674600601,2340837
1313,200.0,2898.0700356960297,2344044
1314,159.0,2901.1600937843323,2346578
1315,115.0,2903.4470524787903,2348455
1316,200.0,2907.3868160247803,2351700
1317,200.0,2911.262562274933,2354855
1318,200.0,2915.208415031433,2358060
1319,200.0,2919.108955383301,2361214
1320,200.0,2923.0523595809937,2364414
1321,200.0,2927.0085649490356,2367637
1322,200.0,2931.053593635559,2370910
1323,200.0,2934.8963210582733,2374075
1324,178.0,2938.429851770401,2376966
1325,146.0,2941.3549106121063,2379329
1326,159.0,2944.4836440086365,2381863
1327,132.0,2947.0807976722717,2383964
1328,163.0,2950.382061481476,2386623
1329,122.0,2952.7840509414673,2388601
1330,193.0,2956.4930267333984,2391605
1331,200.0,2960.4343659877777,2394831
1332,137.0,2963.0998640060425,2396980
1333,200.0,2967.030016183853,2400199
1334,114.0,2969.1869728565216,2402029
1335,200.0,2973.1746683120728,2405244
1336,200.0,2977.0140931606293,2408395
1337,200.0,2980.8842720985413,2411627
1338,200.0,2984.7707748413086,2414823
1339,200.0,2988.6948852539062,2417998
1340,200.0,2992.63490152359,2421163
1341,200.0,2996.7493510246277,2424486
1342,187.0,3000.428380250931,2427511
1343,200.0,3004.230233192444,2430592
1344,200.0,3008.217434644699,2433803
1345,133.0,3010.7847635746,2435879
1346,140.0,3013.4704642295837,2438081
1347,162.0,3016.733320713043,2440715
1348,196.0,3020.5472815036774,2443902
1349,200.0,3024.3636140823364,2447095
1350,200.0,3028.3351566791534,2450376
1351,200.0,3032.330532312393,2453639
1352,200.0,3036.1634879112244,2456858
1353,200.0,3040.1473598480225,2460081
1354,200.0,3044.0636699199677,2463253
1355,122.0,3046.532609939575,2465234
1356,144.0,3049.3682582378387,2467518
1357,140.0,3052.1731028556824,2469794
1358,132.0,3054.742059469223,2471873
1359,156.0,3057.730057001114,2474356
1360,127.0,3060.2252955436707,2476370
1361,200.0,3064.1120750904083,2479516
1362,158.0,3067.2036669254303,2482055
1363,200.0,3071.0820927619934,2485228
1364,200.0,3074.961390733719,2488402
1365,177.0,3078.357057094574,2491203
1366,142.0,3081.187510728836,2493528
1367,162.0,3084.3810951709747,2496130
1368,200.0,3088.346976995468,2499342
1369,187.0,3091.9942326545715,2502275
1370,180.0,3095.4311723709106,2505130
1371,200.0,3099.305112838745,2508314
1372,200.0,3103.0804147720337,2511430
1373,195.0,3106.9248781204224,2514540
1374,200.0,3110.770160675049,2517724
1375,178.0,3114.0802896022797,2520597
1376,200.0,3117.9069211483,2523780
1377,200.0,3121.7264308929443,2526914
1378,200.0,3125.6401386260986,2530121
1379,200.0,3129.4732398986816,2533313
1380,175.0,3132.935286283493,2536178
1381,161.0,3136.0783264636993,2538763
1382,200.0,3140.0022270679474,2541939
1383,200.0,3144.0304634571075,2545174
1384,200.0,3148.0199239254,2548407
1385,142.0,3150.786479949951,2550645
1386,200.0,3154.6892800331116,2553835
1387,140.0,3157.485583305359,2556096
1388,200.0,3161.3012874126434,2559299
1389,111.0,3163.4926841259003,2561075
1390,158.0,3166.5504488945007,2563552
1391,200.0,3170.422160387039,2566731
1392,162.0,3173.6296803951263,2569345
1393,200.0,3177.547891139984,2572563
1394,199.0,3181.474591732025,2575770
1395,174.0,3184.915807247162,2578547
1396,200.0,3188.9385335445404,2581787
1397,200.0,3192.8604261875153,2584952
1398,200.0,3196.776617527008,2588110
1399,200.0,3200.72220993042,2591339
1400,200.0,3204.6034700870514,2594476
1401,166.0,3207.8503630161285,2597111
1402,144.0,3210.595395088196,2599395
1403,200.0,3214.555130958557,2602628
1404,200.0,3218.5486164093018,2605851
1405,200.0,3222.5128135681152,2609047
1406,200.0,3226.3294999599457,2612224
1407,171.0,3229.7705392837524,2615014
1408,200.0,3233.7000815868378,2618188
1409,191.0,3237.5309216976166,2621279
1410,200.0,3241.4214086532593,2624460
1411,124.0,3243.8252458572388,2626415
1412,200.0,3247.806229829788,2629665
1413,142.0,3250.623757123947,2631971
1414,190.0,3254.2579214572906,2635034
1415,163.0,3257.4211945533752,2637604
1416,200.0,3261.3232421875,2640819
1417,166.0,3264.530221223831,2643467
1418,127.0,3266.893606901169,2645478
1419,200.0,3270.7399570941925,2648694
1420,200.0,3274.5666251182556,2651905
1421,200.0,3278.531018257141,2655141
1422,200.0,3282.4957027435303,2658318
1423,188.0,3286.195794582367,2661385
1424,185.0,3289.8284180164337,2664325
1425,186.0,3293.4277918338776,2667307
1426,200.0,3297.2460236549377,2670479
1427,200.0,3301.202513217926,2673722
1428,157.0,3304.218584060669,2676211
1429,200.0,3308.1656291484833,2679433
1430,200.0,3311.9247710704803,2682577
1431,161.0,3315.0560371875763,2685149
1432,121.0,3317.488157272339,2687100
1433,200.0,3321.4482457637787,2690289
1434,200.0,3325.3484168052673,2693513
1435,200.0,3329.368303537369,2696777
1436,180.0,3332.9097299575806,2699647
1437,179.0,3336.3811450004578,2702484
1438,200.0,3340.2738852500916,2705677
1439,174.0,3343.724172115326,2708459
1440,200.0,3347.80037522316,2711741
1441,200.0,3351.847878217697,2715007
1442,200.0,3355.780711889267,2718311
1443,200.0,3359.7504880428314,2721576
1444,200.0,3363.65425157547,2724756
1445,200.0,3367.5915038585663,2727932
1446,117.0,3369.9306445121765,2729828
1447,200.0,3373.902121067047,2733073
1448,182.0,3377.5313613414764,2735999
1449,174.0,3380.8837082386017,2738802
1450,200.0,3384.8055295944214,2742043
1451,200.0,3388.812080144882,2745275
1452,200.0,3392.819715499878,2748502
1453,200.0,3396.726858854294,2751669
1454,200.0,3400.671148300171,2754844
1455,200.0,3404.5878627300262,2757996
1456,170.0,3407.8934259414673,2760683
1457,168.0,3411.2578246593475,2763408
1458,124.0,3413.6959466934204,2765371
1459,200.0,3417.6083738803864,2768554
1460,200.0,3421.4627282619476,2771762
1461,200.0,3425.4499633312225,2775015
1462,200.0,3429.4633967876434,2778252
1463,162.0,3432.7522852420807,2780894
1464,200.0,3436.636566877365,2784066
1465,180.0,3440.3212950229645,2787043
1466,164.0,3443.3604431152344,2789614
1467,200.0,3447.3068401813507,2792817
1468,196.0,3451.142882823944,2795921
1469,172.0,3454.520006418228,2798664
1470,160.0,3457.7862932682037,2801310
1471,167.0,3461.03387594223,2803972
1472,200.0,3464.884766817093,2807159
1473,200.0,3468.7991349697113,2810342
1474,166.0,3472.159781217575,2813108
1475,154.0,3475.174239873886,2815556
1476,195.0,3478.9895310401917,2818657
1477,200.0,3482.928279876709,2821839
1478,134.0,3485.6048691272736,2824003
1479,172.0,3488.952307701111,2826727
1480,164.0,3492.1332614421844,2829385
1481,200.0,3496.109486579895,2832597
1482,118.0,3498.3613152503967,2834437
1483,200.0,3502.157336473465,2837591
1484,119.0,3504.5068080425262,2839480
1485,200.0,3508.466136455536,2842696
1486,200.0,3512.3621151447296,2845928
1487,200.0,3516.2821831703186,2849202
1488,200.0,3520.165506362915,2852393
1489,132.0,3522.653118133545,2854488
1490,198.0,3526.5705556869507,2857683
1491,200.0,3530.4183814525604,2860797
1492,200.0,3534.3793666362762,2863991
1493,145.0,3537.2329642772675,2866350
1494,132.0,3539.794097661972,2868459
1495,153.0,3542.8140666484833,2870881
1496,190.0,3546.6335587501526,2873976
1497,200.0,3550.482442378998,2877154
1498,200.0,3554.386385202408,2880324
1499,200.0,3558.2979090213776,2883514
1500,165.0,3561.4672734737396,2886116
1501,179.0,3564.8483448028564,2888953
1502,169.0,3568.1382174491882,2891647
1503,171.0,3571.4319236278534,2894439
1504,126.0,3573.7858119010925,2896414
1505,200.0,3577.719657897949,2899607
1506,200.0,3581.577333211899,2902766
1507,200.0,3585.436977624893,2905950
1508,200.0,3589.3771460056305,2909118
1509,200.0,3593.321439743042,2912318
1510,200.0,3597.1891174316406,2915588
1511,128.0,3599.561386346817,2917552
1512,123.0,3601.980170249939,2919504
1513,200.0,3605.9668850898743,2922731
1514,192.0,3609.805128097534,2925828
1515,200.0,3613.7121884822845,2928995
1516,200.0,3617.609607219696,2932154
1517,120.0,3619.9471004009247,2934067
1518,183.0,3623.478235244751,2936949
1519,149.0,3626.405592918396,2939324
1520,159.0,3629.5081884860992,2941812
1521,120.0,3631.9096693992615,2943751
1522,200.0,3635.761711359024,2946865
1523,200.0,3639.6487095355988,2950045
1524,200.0,3643.565528869629,2953297
1525,200.0,3647.5323429107666,2956507
1526,200.0,3651.3453617095947,2959700
1527,174.0,3654.681616783142,2962454
1528,184.0,3658.3364202976227,2965448
1529,200.0,3662.355754137039,2968681
1530,200.0,3666.272088289261,2971866
1531,148.0,3669.1401629447937,2974218
1532,200.0,3673.0280663967133,2977415
1533,200.0,3676.886692047119,2980539
1534,153.0,3679.86603808403,2982969
1535,200.0,3683.7034068107605,2986158
1536,200.0,3687.5124275684357,2989366
1537,200.0,3691.423066854477,2992593
1538,189.0,3695.127501487732,2995676
1539,131.0,3697.7283203601837,2997760
1540,188.0,3701.524522781372,3000811
1541,109.0,3703.697075843811,3002611
1542,200.0,3707.6000151634216,3005793
1543,125.0,3710.1281695365906,3007844
1544,154.0,3713.112781047821,3010259
1545,200.0,3717.0724127292633,3013483
1546,200.0,3721.017483472824,3016703
1547,200.0,3724.926198720932,3019882
1548,200.0,3728.9066355228424,3023099
1549,189.0,3732.714199781418,3026181
1550,200.0,3736.562040090561,3029311
1551,200.0,3740.3902385234833,3032412
1552,200.0,3744.1406013965607,3035485
1553,121.0,3746.435123205185,3037402
1554,200.0,3750.3423838615417,3040609
1555,200.0,3754.268040418625,3043796
1556,139.0,3756.986770629883,3046004
1557,200.0,3760.860015630722,3049162
1558,130.0,3763.3875052928925,3051240
1559,149.0,3766.2481667995453,3053577
1560,200.0,3770.1530196666718,3056741
1561,134.0,3772.7912151813507,3058896
1562,139.0,3775.477088689804,3061093
1563,131.0,3778.0270671844482,3063192
1564,200.0,3781.8340816497803,3066379
1565,125.0,3784.2896144390106,3068376
1566,188.0,3787.9930617809296,3071429
1567,200.0,3791.880675792694,3074668
1568,153.0,3794.876683950424,3077100
1569,200.0,3798.8148872852325,3080335
1570,200.0,3802.7957005500793,3083554
1571,167.0,3806.0642874240875,3086236
1572,200.0,3810.0684022903442,3089498
1573,154.0,3813.0780811309814,3091945
1574,200.0,3816.8493061065674,3095124
1575,200.0,3820.7872216701508,3098322
1576,194.0,3824.6482989788055,3101445
1577,200.0,3828.5271797180176,3104674
1578,126.0,3830.9715645313263,3106704
1579,147.0,3833.8792808055878,3109045
1580,107.0,3835.9456555843353,3110714
1581,175.0,3839.3349089622498,3113508
1582,132.0,3841.960810661316,3115643
1583,200.0,3845.9186849594116,3118879
1584,193.0,3849.637939453125,3121904
1585,200.0,3853.539078474045,3125075
1586,122.0,3856.009801387787,3127071
1587,123.0,3858.373811006546,3129039
1588,200.0,3862.065418958664,3132222
1589,131.0,3864.6196846961975,3134346
1590,200.0,3868.549996137619,3137626
1591,200.0,3872.2463433742523,3140739
1592,165.0,3875.389794111252,3143375
1593,200.0,3879.3762500286102,3146609
1594,153.0,3882.362458229065,3149073
1595,152.0,3885.3687822818756,3151503
1596,163.0,3888.415576696396,3154082
1597,130.0,3890.93647646904,3156161
1598,189.0,3894.7490425109863,3159248
1599,197.0,3898.6809298992157,3162472
1600,171.0,3901.9837939739227,3165157
1601,139.0,3904.7381830215454,3167419
1602,200.0,3908.7773492336273,3170714
1603,200.0,3912.700419664383,3173885
1604,200.0,3916.599356651306,3177041
1605,200.0,3920.4895401000977,3180239
1606,107.0,3922.580585002899,3181950
1607,200.0,3926.46391582489,3185133
1608,164.0,3929.64084482193,3187740
1609,200.0,3933.5685534477234,3190985
1610,200.0,3937.500759124756,3194175
1611,200.0,3941.424157857895,3197348
1612,175.0,3944.831995010376,3200187
1613,200.0,3948.6152336597443,3203346
1614,200.0,3952.5269594192505,3206605
1615,200.0,3956.4132430553436,3209767
1616,200.0,3960.3130826950073,3212938
1617,189.0,3963.9353697299957,3215901
1618,194.0,3967.6982066631317,3218998
1619,200.0,3971.5620205402374,3222182
1620,162.0,3974.743716955185,3224771
1621,200.0,3978.627347946167,3227944
1622,200.0,3982.5005338191986,3231089
1623,200.0,3986.361616373062,3234302
1624,178.0,3989.797738313675,3237182
1625,176.0,3993.2702231407166,3240000
1626,200.0,3997.096895456314,3243184
1627,200.0,4001.046241044998,3246400
1628,183.0,4004.554379224777,3249275
1629,200.0,4008.4054143428802,3252442
1630,200.0,4012.3171393871307,3255651
1631,168.0,4015.4748187065125,3258334
1632,200.0,4019.3003811836243,3261485
1633,171.0,4022.6259026527405,3264184
1634,200.0,4026.5786414146423,3267399
1635,175.0,4030.067519426346,3270273
1636,200.0,4033.840505361557,3273482
1637,190.0,4037.608969926834,3276549
1638,200.0,4041.3123741149902,3279693
1639,147.0,4044.1380093097687,3282072
1640,114.0,4046.3120374679565,3283887
1641,200.0,4050.3310165405273,3287174
1642,156.0,4053.4458293914795,3289688
1643,200.0,4057.3429479599,3292854
1644,183.0,4060.9050233364105,3295757
1645,200.0,4064.835441350937,3298969
1646,200.0,4068.668872833252,3302119
1647,200.0,4072.6567537784576,3305398
1648,133.0,4075.1974000930786,3307503
1649,200.0,4079.0550150871277,3310684
1650,128.0,4081.4926035404205,3312673
1651,181.0,4085.0160903930664,3315558
1652,200.0,4088.8581511974335,3318727
1653,200.0,4092.809855699539,3321994
1654,154.0,4095.8400509357452,3324473
1655,200.0,4099.6414959430695,3327630
1656,122.0,4101.988898992538,3329563
1657,159.0,4105.02293920517,3332105
1658,200.0,4108.902749538422,3335292
1659,188.0,4112.607286453247,3338311
1660,142.0,4115.259618520737,3340574
1661,200.0,4119.168123245239,3343812
1662,177.0,4122.596626520157,3346629
1663,200.0,4126.551139593124,3349827
1664,200.0,4130.425017118454,3353058
1665,200.0,4134.219952821732,3356259
1666,192.0,4137.825782775879,3359306
1667,157.0,4140.968651294708,3361868
1668,200.0,4144.889114141464,3365065
1669,128.0,4147.460448741913,3367167
1670,200.0,4151.295888185501,3370366
1671,200.0,4155.110700130463,3373524
1672,200.0,4158.974007368088,3376666
1673,176.0,4162.456461906433,3379515
1674,180.0,4165.9838235378265,3382360
1675,136.0,4168.658897638321,3384528
1676,200.0,4172.640036821365,3387777
1677,200.0,4176.6192145347595,3391026
1678,135.0,4179.170913219452,3393184
1679,184.0,4182.743755817413,3396155
1680,156.0,4185.796752214432,3398703
1681,200.0,4189.685174226761,3401950
1682,200.0,4193.4499771595,3405146
1683,200.0,4197.373376131058,3408365
1684,140.0,4200.068108797073,3410593
1685,200.0,4203.891946077347,3413840
1686,200.0,4207.803196191788,3417087
1687,200.0,4211.613104343414,3420268
1688,154.0,4214.654170036316,3422746
1689,200.0,4218.461383342743,3425900
1690,200.0,4222.303073883057,3429070
1691,146.0,4225.24814414978,3431474
1692,177.0,4228.823297262192,3434361
1693,200.0,4232.66345000267,3437535
1694,200.0,4236.674838066101,3440812
1695,200.0,4240.620015382767,3444025
1696,190.0,4244.390762329102,3447148
1697,200.0,4248.19168305397,3450379
1698,165.0,4251.406608819962,3453040
1699,125.0,4253.790198802948,3455019
1700,200.0,4257.728718519211,3458237
1701,200.0,4261.697103500366,3461441
1702,166.0,4264.940709114075,3464067
1703,200.0,4268.870717525482,3467244
1704,176.0,4272.24488735199,3470082
1705,131.0,4274.806271076202,3472197
1706,200.0,4278.709839820862,3475396
1707,200.0,4282.565231084824,3478544
1708,200.0,4286.416722774506,3481691
1709,189.0,4290.0599620342255,3484700
1710,188.0,4293.746989488602,3487697
1711,200.0,4297.732140779495,3490914
1712,200.0,4301.725870370865,3494166
1713,153.0,4304.69064617157,3496597
1714,186.0,4308.284464836121,3499522
1715,165.0,4310.361258983612,3501195
