5319,-20.0,65.203054189682,-20.0
10545,-21.0,102.33700442314148,-21.0
16657,-19.0,146.88109064102173,-19.0
22304,-21.0,187.08708500862122,-21.0
27536,-19.0,224.93931937217712,-19.0
33058,-20.0,264.61092019081116,-20.0
37079,-21.0,292.74168038368225,-21.0
41289,-21.0,322.4442753791809,-21.0
45696,-21.0,353.2621428966522,-21.0
50742,-21.0,389.1908051967621,-21.0
55203,-21.0,420.4501357078552,-21.0
59378,-21.0,450.2954592704773,-21.0
63769,-21.0,481.1803660392761,-21.0
67835,-21.0,509.5415484905243,-21.0
72231,-21.0,539.975602388382,-21.0
76350,-21.0,569.2742068767548,-21.0
81061,-21.0,602.0519931316376,-21.0
86641,-21.0,640.7200067043304,-21.0
92440,-20.0,680.4686913490295,-20.0
97562,-21.0,716.4246225357056,-21.0
101637,-21.0,745.403815984726,-21.0
106165,-21.0,777.7306489944458,-21.0
110606,-21.0,809.5825355052948,-21.0
115342,-20.0,843.0649137496948,-20.0
120641,-19.0,880.3169996738434,-19.0
126000,-19.0,918.0283403396606,-19.0
130437,-21.0,949.6181921958923,-21.0
134859,-21.0,980.469532251358,-21.0
140199,-21.0,1017.7581417560577,-21.0
145048,-20.0,1051.8218793869019,-20.0
149454,-21.0,1082.4836223125458,-21.0
154933,-20.0,1120.84761428833,-20.0
159314,-21.0,1151.988154411316,-21.0
165117,-19.0,1192.8475077152252,-19.0
171620,-20.0,1238.4723389148712,-20.0
177850,-19.0,1282.5022549629211,-19.0
182273,-21.0,1313.4123876094818,-21.0
187902,-21.0,1353.4673564434052,-21.0
192281,-21.0,1384.3994188308716,-21.0
196347,-21.0,1413.3697412014008,-21.0
201666,-21.0,1452.3821539878845,-21.0
205927,-21.0,1483.4262471199036,-21.0
212061,-21.0,1526.433400630951,-21.0
216834,-21.0,1560.0703270435333,-21.0
222371,-19.0,1599.1736612319946,-19.0
226738,-21.0,1630.2227945327759,-21.0
231299,-21.0,1662.151862859726,-21.0
236028,-21.0,1695.661803483963,-21.0
241390,-21.0,1733.9756939411163,-21.0
246069,-21.0,1767.6164309978485,-21.0
251011,-21.0,1802.4280905723572,-21.0
255741,-21.0,1836.0950872898102,-21.0
259850,-21.0,1865.1522805690765,-21.0
264687,-21.0,1898.9823513031006,-21.0
268839,-21.0,1927.693615913391,-21.0
274970,-20.0,1970.6859097480774,-20.0
279798,-21.0,2004.552903175354,-21.0
285070,-20.0,2041.4163274765015,-20.0
289491,-21.0,2072.4645125865936,-21.0
294384,-20.0,2107.9329555034637,-20.0
298773,-21.0,2139.744117975235,-21.0
303127,-21.0,2170.8534417152405,-21.0
307826,-21.0,2204.5557565689087,-21.0
312027,-21.0,2235.0817065238953,-21.0
316494,-21.0,2267.3974668979645,-21.0
321116,-21.0,2300.289187669754,-21.0
326575,-21.0,2339.36164188385,-21.0
331413,-20.0,2373.8782382011414,-20.0
336120,-21.0,2407.1806950569153,-21.0
342102,-21.0,2448.8655123710632,-21.0
347654,-21.0,2487.701351881027,-21.0
351991,-21.0,2518.5769658088684,-21.0
357682,-20.0,2558.769087076187,-20.0
362075,-21.0,2590.0258939266205,-21.0
367088,-21.0,2625.1348547935486,-21.0
372153,-19.0,2660.6242389678955,-19.0
378174,-19.0,2703.9677016735077,-19.0
383602,-21.0,2741.6590638160706,-21.0
389045,-20.0,2780.0795681476593,-20.0
393552,-21.0,2811.442088365555,-21.0
399410,-20.0,2852.4318931102753,-20.0
404165,-21.0,2885.5304391384125,-21.0
408387,-21.0,2915.300776720047,-21.0
413095,-21.0,2948.079618692398,-21.0
417999,-20.0,2982.4166808128357,-20.0
423247,-21.0,3020.0684719085693,-21.0
429076,-21.0,3061.000995874405,-21.0
433793,-21.0,3094.653753757477,-21.0
438308,-21.0,3126.068613767624,-21.0
443026,-21.0,3158.9892008304596,-21.0
447757,-20.0,3192.317867040634,-20.0
453239,-20.0,3231.49622297287,-20.0
457445,-21.0,3261.709569454193,-21.0
462243,-20.0,3295.8741085529327,-20.0
467919,-19.0,3336.022201538086,-19.0
472707,-21.0,3369.528640270233,-21.0
476789,-21.0,3399.1182334423065,-21.0
480898,-21.0,3428.1360471248627,-21.0
487096,-20.0,3472.487284183502,-20.0
491779,-21.0,3507.4354372024536,-21.0
495934,-21.0,3536.883492231369,-21.0
501371,-21.0,3575.535931825638,-21.0
505422,-21.0,3604.7733092308044,-21.0
510110,-21.0,3639.0376245975494,-21.0
515154,-21.0,3675.007875919342,-21.0
519856,-21.0,3708.111052274704,-21.0
524867,-21.0,3743.839199066162,-21.0
529574,-21.0,3777.1094801425934,-21.0
535128,-20.0,3816.305490255356,-20.0
539519,-21.0,3847.322245836258,-21.0
543951,-21.0,3878.5683097839355,-21.0
548678,-21.0,3911.6105399131775,-21.0
553779,-21.0,3947.134147644043,-21.0
558172,-21.0,3978.0009803771973,-21.0
562901,-20.0,4011.6427071094513,-20.0
567404,-21.0,4043.8766388893127,-21.0
572281,-21.0,4078.1717450618744,-21.0
576885,-21.0,4111.062938451767,-21.0
582152,-20.0,4148.489986181259,-20.0
587798,-20.0,4188.4316573143005,-20.0
593157,-21.0,4226.768995046616,-21.0
597921,-21.0,4261.00303196907,-21.0
603798,-20.0,4302.9644067287445,-20.0
609230,-21.0,4342.148343086243,-21.0
614799,-20.0,4381.218835353851,-20.0
620358,-19.0,4421.201295614243,-19.0
625725,-21.0,4459.586637496948,-21.0
630085,-21.0,4491.315056085587,-21.0
634778,-21.0,4524.824212551117,-21.0
640997,-20.0,4569.42081451416,-20.0
646327,-21.0,4607.753793716431,-21.0
651024,-21.0,4640.931198835373,-21.0
655718,-21.0,4673.697621822357,-21.0
660480,-21.0,4707.081165313721,-21.0
665839,-21.0,4745.136070251465,-21.0
670535,-21.0,4778.274355649948,-21.0
677096,-18.0,4825.296970367432,-18.0
682485,-20.0,4863.125375509262,-20.0
686878,-21.0,4894.197626113892,-21.0
693054,-20.0,4937.67483830452,-20.0
698066,-20.0,4972.87676525116,-20.0
702982,-21.0,5008.3837287425995,-21.0
708252,-21.0,5046.394455194473,-21.0
713789,-20.0,5085.805112123489,-20.0
718512,-21.0,5120.028476476669,-21.0
723620,-20.0,5157.686044216156,-20.0
728660,-21.0,5194.006748914719,-21.0
734398,-21.0,5235.511266469955,-21.0
739561,-21.0,5273.5138630867,-21.0
745556,-20.0,5316.08070230484,-20.0
750305,-21.0,5349.3338968753815,-21.0
756308,-21.0,5391.910137891769,-21.0
761852,-20.0,5430.8344712257385,-20.0
766193,-21.0,5461.890917778015,-21.0
771364,-21.0,5498.475238323212,-21.0
775714,-21.0,5530.261548757553,-21.0
780457,-21.0,5564.532803535461,-21.0
785212,-21.0,5598.770768404007,-21.0
789953,-21.0,5632.3383910655975,-21.0
795149,-21.0,5669.919177055359,-21.0
800910,-21.0,5710.627949953079,-21.0
805284,-21.0,5741.774037361145,-21.0
810301,-21.0,5777.435128211975,-21.0
815508,-20.0,5813.811317920685,-20.0
819874,-21.0,5844.621797800064,-21.0
824661,-21.0,5877.913793563843,-21.0
829336,-21.0,5911.58366394043,-21.0
833789,-21.0,5942.8364334106445,-21.0
839710,-21.0,5984.544795036316,-21.0
844785,-20.0,6019.869852304459,-20.0
849473,-21.0,6053.020445346832,-21.0
855434,-19.0,6094.952917575836,-19.0
860789,-21.0,6131.457262039185,-21.0
867500,-17.0,6178.762608766556,-17.0
872757,-21.0,6215.882237672806,-21.0
878166,-21.0,6254.010010480881,-21.0
882240,-21.0,6282.372943878174,-21.0
887075,-20.0,6315.9226722717285,-20.0
891537,-21.0,6346.939625501633,-21.0
896026,-20.0,6378.378150463104,-20.0
900838,-21.0,6412.211293458939,-21.0
906123,-21.0,6449.571870326996,-21.0
911177,-21.0,6484.644837617874,-21.0
915567,-21.0,6515.274827003479,-21.0
919968,-21.0,6546.574361085892,-21.0
924714,-21.0,6580.265227794647,-21.0
928744,-21.0,6608.304451465607,-21.0
933129,-21.0,6639.1664826869965,-21.0
938490,-21.0,6676.6385061740875,-21.0
943469,-21.0,6711.612430810928,-21.0
948745,-21.0,6748.915406703949,-21.0
953511,-21.0,6783.061992883682,-21.0
957558,-21.0,6812.278164863586,-21.0
962231,-21.0,6845.731062412262,-21.0
967637,-21.0,6884.380463600159,-21.0
972402,-21.0,6918.185733556747,-21.0
976479,-21.0,6946.720872402191,-21.0
982285,-20.0,6986.098881006241,-20.0
987706,-20.0,7022.990773200989,-20.0
993475,-18.0,7061.757259607315,-18.0
997585,-21.0,7090.076898813248,-21.0
1002031,-21.0,7120.8577790260315,-21.0
1008866,-20.0,7167.323470830917,-20.0
1013045,-21.0,7196.73828291893,-21.0
1017395,-21.0,7226.309448719025,-21.0
1022825,-21.0,7262.832647562027,-21.0
1027647,-20.0,7295.5164041519165,-20.0
1032309,-21.0,7327.057233095169,-21.0
1037460,-20.0,7361.89753818512,-20.0
1041509,-21.0,7389.724351406097,-21.0
1045581,-21.0,7417.731029033661,-21.0
1050039,-21.0,7447.88373875618,-21.0
1054973,-20.0,7481.223217010498,-20.0
1059903,-20.0,7514.697688102722,-20.0
1065938,-20.0,7556.098227262497,-20.0
1070622,-21.0,7587.66806769371,-21.0
1076068,-19.0,7625.293525695801,-19.0
1081158,-21.0,7659.667546510696,-21.0
1086611,-20.0,7696.414923906326,-20.0
1091804,-20.0,7731.6289498806,-20.0
1096830,-21.0,7765.917890787125,-21.0
1101164,-21.0,7795.047708034515,-21.0
1106144,-21.0,7828.823644399643,-21.0
1110197,-21.0,7857.350162982941,-21.0
1115205,-21.0,7891.733784675598,-21.0
1120180,-21.0,7926.091474533081,-21.0
1124209,-21.0,7954.339534044266,-21.0
1129227,-21.0,7988.5045392513275,-21.0
1134345,-21.0,8024.0427079200745,-21.0
1139847,-19.0,8062.226963996887,-19.0
1145661,-19.0,8102.272334575653,-19.0
1150990,-20.0,8138.490818500519,-20.0
1155702,-21.0,8170.53103351593,-21.0
1160277,-21.0,8201.735528707504,-21.0
1164733,-21.0,8231.955802679062,-21.0
1169161,-21.0,8261.289348125458,-21.0
1173896,-21.0,8293.427016735077,-21.0
1179082,-21.0,8328.650175571442,-21.0
1184772,-21.0,8367.472101688385,-21.0
1190086,-21.0,8403.562091112137,-21.0
1195284,-20.0,8438.516777276993,-20.0
1200331,-21.0,8472.298602819443,-21.0
1204407,-21.0,8500.497582435608,-21.0
1210557,-21.0,8542.807637691498,-21.0
1215312,-20.0,8575.317021846771,-20.0
1221158,-21.0,8614.92080116272,-21.0
1225821,-21.0,8646.604602098465,-21.0
1231890,-21.0,8687.50492811203,-21.0
1237372,-21.0,8724.777035951614,-21.0
1242493,-20.0,8759.334617376328,-20.0
1246586,-21.0,8787.386191129684,-21.0
1251684,-20.0,8822.212524652481,-20.0
1256895,-21.0,8857.670975208282,-21.0
1261464,-21.0,8890.0756752491,-21.0
1267593,-20.0,8932.238059997559,-20.0
1272790,-21.0,8968.606202363968,-21.0
1278146,-21.0,9005.894877195358,-21.0
1283529,-21.0,9043.129754304886,-21.0
1287789,-21.0,9073.425339698792,-21.0
1292485,-21.0,9106.116037845612,-21.0
1296624,-21.0,9138.14228963852,-21.0
1301080,-21.0,9168.884057044983,-21.0
1305515,-20.0,9199.51071858406,-20.0
1309745,-21.0,9228.757936000824,-21.0
1315123,-20.0,9265.464311361313,-20.0
1321166,-21.0,9307.028611898422,-21.0
1325312,-21.0,9335.986165761948,-21.0
1330524,-20.0,9372.7792532444,-20.0
1335262,-21.0,9405.810228824615,-21.0
1340204,-21.0,9439.563054323196,-21.0
1345886,-20.0,9478.713672876358,-20.0
1350299,-21.0,9509.278147220612,-21.0
1355147,-21.0,9543.632374763489,-21.0
1359877,-21.0,9575.615299463272,-21.0
1364576,-21.0,9607.208012104034,-21.0
1370100,-20.0,9644.782080888748,-20.0
1374826,-21.0,9676.853117227554,-21.0
1378879,-21.0,9704.124376773834,-21.0
1384095,-21.0,9739.438505649567,-21.0
1388948,-20.0,9772.03222489357,-20.0
1393714,-21.0,9805.430849552155,-21.0
1398082,-21.0,9835.694386720657,-21.0
1404127,-21.0,9877.948854207993,-21.0
1408236,-21.0,9906.300041675568,-21.0
1413532,-21.0,9943.146780490875,-21.0
1419335,-20.0,9983.285053253174,-20.0
1424114,-21.0,10016.572458028793,-21.0
1428800,-21.0,10048.07543349266,-21.0
1433227,-21.0,10078.934676647186,-21.0
1437585,-21.0,10109.190437078476,-21.0
1441941,-21.0,10139.80558514595,-21.0
1447129,-21.0,10175.897835731506,-21.0
1451855,-21.0,10208.934587955475,-21.0
1456567,-21.0,10241.424921274185,-21.0
1461574,-20.0,10275.750111103058,-20.0
1466049,-21.0,10306.411820173264,-21.0
1470738,-21.0,10338.431286811829,-21.0
1475759,-21.0,10372.95249414444,-21.0
1480881,-21.0,10407.889610052109,-21.0
1486599,-21.0,10448.077152967453,-21.0
1492043,-20.0,10486.84330201149,-20.0
1496713,-21.0,10519.203183412552,-21.0
1501342,-21.0,10551.850788354874,-21.0
1506246,-21.0,10587.437476158142,-21.0
1511163,-21.0,10621.75859618187,-21.0
1517321,-21.0,10665.470457553864,-21.0
1522418,-21.0,10700.964876890182,-21.0
1526987,-21.0,10732.844474077225,-21.0
1531326,-21.0,10763.438831567764,-21.0
1535516,-21.0,10792.557250022888,-21.0
1540695,-21.0,10827.571986198425,-21.0
1545247,-21.0,10859.018074989319,-21.0
1550244,-20.0,10893.862618684769,-20.0
1556956,-19.0,10940.356281995773,-19.0
1561832,-20.0,10973.54037117958,-20.0
1566248,-21.0,11004.330033779144,-21.0
1570393,-21.0,11033.179457902908,-21.0
1576080,-19.0,11073.098455429077,-19.0
1580594,-21.0,11104.921100854874,-21.0
1585959,-21.0,11143.365077972412,-21.0
1590180,-21.0,11173.625104904175,-21.0
1595170,-21.0,11208.19814825058,-21.0
1600557,-20.0,11246.157365322113,-20.0
1605414,-21.0,11280.331962108612,-21.0
1610463,-21.0,11315.65723490715,-21.0
1615132,-21.0,11348.327270030975,-21.0
1620554,-19.0,11385.282570838928,-19.0
1625495,-20.0,11419.706785440445,-20.0
1630953,-21.0,11457.84415435791,-21.0
1636356,-19.0,11495.342141628265,-19.0
1640704,-21.0,11525.324546813965,-21.0
1646399,-21.0,11565.578971862793,-21.0
1651166,-21.0,11598.450844287872,-21.0
1656648,-20.0,11636.838500976562,-20.0
1661452,-21.0,11671.072870492935,-21.0
1665621,-21.0,11701.051965713501,-21.0
1671272,-20.0,11741.429785251617,-20.0
1675897,-21.0,11774.61432671547,-21.0
1680668,-21.0,11807.720801591873,-21.0
1685367,-21.0,11840.597511291504,-21.0
1689772,-21.0,11870.404411315918,-21.0
1694856,-20.0,11906.072078704834,-20.0
1700356,-21.0,11945.37241268158,-21.0
1704693,-21.0,11976.459270238876,-21.0
1710737,-20.0,12019.37083530426,-20.0
1715569,-21.0,12052.95968079567,-21.0
1720231,-21.0,12085.604290485382,-21.0
1724922,-21.0,12118.534998178482,-21.0
1729997,-20.0,12153.65805196762,-20.0
1735318,-21.0,12191.649844408035,-21.0
1740659,-21.0,12230.076937913895,-21.0
1744760,-21.0,12259.229907035828,-21.0
1749507,-21.0,12292.752257108688,-21.0
1753513,-21.0,12320.19992852211,-21.0
1758803,-20.0,12356.702725887299,-20.0
1764425,-21.0,12395.564259529114,-21.0
1770071,-21.0,12434.67056775093,-21.0
1774430,-21.0,12465.029596805573,-21.0
1779187,-21.0,12498.1156270504,-21.0
1784209,-21.0,12533.464406251907,-21.0
1789208,-21.0,12567.893268585205,-21.0
1794376,-21.0,12603.74486541748,-21.0
1799490,-21.0,12638.780262708664,-21.0
1804751,-21.0,12675.023537874222,-21.0
1809125,-21.0,12705.22997713089,-21.0
1813265,-21.0,12733.461771965027,-21.0
1818567,-21.0,12770.175536632538,-21.0
1824400,-21.0,12810.712653398514,-21.0
1829071,-21.0,12843.751275062561,-21.0
1834514,-19.0,12881.823544979095,-19.0
1839167,-21.0,12914.430412054062,-21.0
1843899,-21.0,12947.74949502945,-21.0
1849272,-21.0,12984.888219594955,-21.0
1853689,-21.0,13016.073609828949,-21.0
1859250,-20.0,13054.436401605606,-20.0
1863743,-21.0,13085.790292263031,-21.0
1868707,-21.0,13119.879813194275,-21.0
1873097,-21.0,13150.062501192093,-21.0
1877918,-21.0,13183.076716661453,-21.0
1882360,-21.0,13213.896681547165,-21.0
1888404,-19.0,13256.349209785461,-19.0
1893143,-21.0,13289.302094697952,-21.0
1898994,-21.0,13330.228035449982,-21.0
1903788,-21.0,13363.50325012207,-21.0
1908486,-21.0,13395.734563112259,-21.0
1913220,-21.0,13427.976436853409,-21.0
1917264,-21.0,13456.0801486969,-21.0
1922783,-21.0,13494.668133974075,-21.0
1928263,-20.0,13532.560240983963,-20.0
1932949,-21.0,13564.65915465355,-21.0
1937985,-21.0,13599.76121377945,-21.0
1942129,-21.0,13628.495541095734,-21.0
1947307,-20.0,13664.638492107391,-20.0
1951839,-21.0,13696.401103019714,-21.0
1958080,-20.0,13739.303003072739,-20.0
1962988,-21.0,13773.6191136837,-21.0
1967925,-20.0,13808.420860528946,-20.0
1972752,-21.0,13841.944130659103,-21.0
1976773,-21.0,13869.90915107727,-21.0
1982198,-21.0,13908.22689962387,-21.0
1986671,-21.0,13939.449044466019,-21.0
1991452,-21.0,13972.682079315186,-21.0
1996139,-21.0,14005.655234336853,-21.0
2001509,-21.0,14043.116301298141,-21.0
2005961,-20.0,14073.66403222084,-20.0
2011440,-21.0,14111.120995521545,-21.0
2016689,-21.0,14147.464103221893,-21.0
2020706,-21.0,14175.460552215576,-21.0
2025948,-20.0,14212.183246850967,-20.0
2031008,-21.0,14247.844449520111,-21.0
2035436,-21.0,14279.195782661438,-21.0
2040428,-21.0,14313.636953830719,-21.0
2045515,-20.0,14348.674586772919,-20.0
2050565,-21.0,14383.580124139786,-21.0
2055330,-21.0,14416.139981985092,-21.0
2060154,-21.0,14449.212845087051,-21.0
2065730,-21.0,14487.360287427902,-21.0
2071107,-21.0,14523.714132547379,-21.0
2075304,-21.0,14552.3336353302,-21.0
2079640,-21.0,14582.172656059265,-21.0
2084761,-21.0,14617.517930269241,-21.0
2090087,-20.0,14653.886602163315,-20.0
2094887,-21.0,14687.094992399216,-21.0
2101410,-20.0,14731.551295518875,-20.0
2107335,-19.0,14772.17055106163,-19.0
2113612,-21.0,14815.932334184647,-21.0
2118358,-21.0,14848.163021802902,-21.0
2124889,-19.0,14892.701392173767,-19.0
2129102,-21.0,14921.630789756775,-21.0
2135216,-20.0,14963.48198890686,-20.0
2139639,-21.0,14993.8350315094,-21.0
2144962,-20.0,15030.370876312256,-20.0
2150314,-21.0,15066.718165397644,-21.0
2155668,-20.0,15103.20430278778,-20.0
2161721,-19.0,15144.394119262695,-19.0
2166835,-21.0,15179.782309293747,-21.0
2172647,-19.0,15219.918598890305,-19.0
2177642,-20.0,15255.141660451889,-20.0
2182353,-21.0,15288.181265354156,-21.0
2186984,-21.0,15320.159954547882,-21.0
2191728,-21.0,15352.543473005295,-21.0
2198373,-18.0,15398.362328529358,-18.0
2204546,-20.0,15440.189910411835,-20.0
2209956,-21.0,15477.643342494965,-21.0
2215396,-20.0,15514.510545015335,-20.0
2220886,-20.0,15551.509853601456,-20.0
2226417,-20.0,15589.921221494675,-20.0
2230539,-21.0,15617.873778104782,-21.0
2235827,-21.0,15654.044426202774,-21.0
2240912,-21.0,15688.734486341476,-21.0
2247733,-19.0,15735.773928880692,-19.0
2252580,-21.0,15768.97074007988,-21.0
2258453,-21.0,15809.091028213501,-21.0
2263531,-21.0,15843.623425006866,-21.0
2268461,-20.0,15877.123565912247,-20.0
2272538,-21.0,15904.766610860825,-21.0
2276562,-21.0,15932.393332242966,-21.0
2281546,-20.0,15966.214844703674,-20.0
2286691,-20.0,16001.359759569168,-20.0
2292165,-21.0,16038.429911613464,-21.0
2296200,-21.0,16066.169254779816,-21.0
2303194,-18.0,16114.475891113281,-18.0
2307844,-21.0,16146.853771924973,-21.0
2313280,-21.0,16184.250474452972,-21.0
2318482,-21.0,16219.534219503403,-21.0
2323643,-21.0,16254.445153951645,-21.0
2329331,-21.0,16293.661732673645,-21.0
2335543,-20.0,16336.595755815506,-20.0
2340162,-21.0,16368.880062103271,-21.0
2345015,-20.0,16402.18546795845,-20.0
2350004,-20.0,16436.815923929214,-20.0
2355083,-21.0,16472.038925647736,-21.0
2359415,-21.0,16501.229833602905,-21.0
2365118,-21.0,16541.377495765686,-21.0
2370886,-19.0,16581.24108505249,-19.0
2375928,-21.0,16616.11811542511,-21.0
2380838,-21.0,16650.96280193329,-21.0
2385592,-21.0,16683.806588172913,-21.0
2391039,-21.0,16720.669409513474,-21.0
2396769,-20.0,16760.314549446106,-20.0
2401641,-21.0,16794.222684144974,-21.0
2406541,-20.0,16828.270044326782,-20.0
2410987,-21.0,16858.319516658783,-21.0
2415318,-21.0,16887.88120317459,-21.0
2419806,-21.0,16919.148372650146,-21.0
2423825,-21.0,16946.669785022736,-21.0
2430080,-21.0,16990.296375513077,-21.0
2434504,-21.0,17020.779893159866,-21.0
2440385,-20.0,17061.029906988144,-20.0
2445565,-20.0,17096.32534122467,-20.0
2450816,-21.0,17132.4662399292,-21.0
2456807,-19.0,17173.65612888336,-19.0
2461534,-21.0,17205.855607509613,-21.0
2466888,-21.0,17242.14843726158,-21.0
2472034,-21.0,17276.62504386902,-21.0
2478422,-19.0,17319.911125183105,-19.0
2482774,-21.0,17349.997221946716,-21.0
2488324,-21.0,17387.57634806633,-21.0
2493866,-20.0,17424.71628522873,-20.0
2499531,-21.0,17462.69622516632,-21.0
2505753,-19.0,17503.65640449524,-19.0
2510444,-21.0,17534.33652162552,-21.0
2517024,-19.0,17577.581708192825,-19.0
2522166,-21.0,17610.93514585495,-21.0
2528114,-20.0,17649.465653419495,-20.0
2533336,-21.0,17683.62949156761,-21.0
2539850,-20.0,17725.804220438004,-20.0
2545776,-19.0,17764.438467025757,-19.0
2552276,-20.0,17807.02294564247,-20.0
2557811,-21.0,17842.887236595154,-21.0
2563303,-18.0,17878.9316573143,-18.0
2567622,-21.0,17906.929253578186,-21.0
2571997,-21.0,17935.34163236618,-21.0
2578493,-21.0,17977.694279670715,-21.0
2583542,-21.0,18010.41180086136,-21.0
2588290,-21.0,18041.59237098694,-21.0
2593499,-20.0,18074.839832544327,-20.0
2598203,-21.0,18104.89115357399,-21.0
2602746,-21.0,18134.415954828262,-21.0
2607863,-21.0,18167.710772752762,-21.0
2612447,-21.0,18197.339138269424,-21.0
2617551,-21.0,18237.24686074257,-21.0
2621953,-21.0,18274.496215343475,-21.0
2627541,-21.0,18322.002415180206,-21.0
2633251,-20.0,18367.796937465668,-20.0
2638386,-21.0,18411.40789413452,-21.0
2643480,-21.0,18453.717777252197,-21.0
2649192,-21.0,18499.606165885925,-21.0
2653903,-21.0,18537.997098445892,-21.0
2658670,-20.0,18578.934851646423,-20.0
2663656,-21.0,18613.386470794678,-21.0
2668431,-21.0,18645.707755565643,-21.0
2672873,-21.0,18675.227655410767,-21.0
2678398,-20.0,18712.305797815323,-20.0
2684039,-19.0,18756.10984325409,-19.0
2689637,-20.0,18793.468069076538,-20.0
2696700,-20.0,18840.523943901062,-20.0
2702767,-21.0,18882.583354234695,-21.0
2708280,-19.0,18923.147441864014,-19.0
2712653,-21.0,18951.983953237534,-21.0
2717197,-21.0,18982.2692694664,-21.0
2722756,-20.0,19019.189955949783,-20.0
2728174,-21.0,19055.71157169342,-21.0
2734328,-20.0,19102.699300289154,-20.0
2739042,-21.0,19134.83194708824,-21.0
2744101,-21.0,19168.73911857605,-21.0
2749459,-21.0,19204.74156689644,-21.0
2754628,-21.0,19240.357579231262,-21.0
2760835,-20.0,19283.39198756218,-20.0
2765587,-21.0,19316.2451274395,-21.0
2770702,-21.0,19353.09756040573,-21.0
2776653,-20.0,19392.541443824768,-20.0
2782156,-21.0,19429.613308668137,-21.0
2787951,-18.0,19469.508332252502,-18.0
2793487,-21.0,19506.949683904648,-21.0
2798979,-20.0,19544.472491502762,-20.0
2805636,-21.0,19593.948540210724,-21.0
2811372,-21.0,19634.274673223495,-21.0
2816632,-20.0,19672.981417179108,-20.0
2821848,-21.0,19710.53379392624,-21.0
2827634,-20.0,19749.67918252945,-20.0
2832146,-21.0,19780.288486242294,-21.0
2838247,-18.0,19823.481671094894,-18.0
2842746,-21.0,19856.815695524216,-21.0
2847177,-21.0,19886.477824926376,-21.0
2852023,-20.0,19919.341533899307,-20.0
2856405,-21.0,19948.49989414215,-21.0
2862396,-21.0,19988.573579788208,-21.0
2867554,-21.0,20022.495701551437,-21.0
2873172,-20.0,20059.76741170883,-20.0
2877877,-21.0,20090.958928108215,-21.0
2883759,-21.0,20131.002744436264,-21.0
2889212,-21.0,20168.741089344025,-21.0
2894347,-21.0,20203.939717292786,-21.0
2899965,-21.0,20242.725270032883,-21.0
2904518,-21.0,20273.355014562607,-21.0
2909654,-20.0,20308.40606379509,-20.0
2915351,-21.0,20347.17271065712,-21.0
2919983,-21.0,20378.890945911407,-21.0
2926216,-20.0,20420.88542032242,-20.0
2931416,-21.0,20456.501350402832,-21.0
2936771,-21.0,20493.413208007812,-21.0
2943466,-21.0,20539.208431005478,-21.0
2948439,-20.0,20573.246552467346,-20.0
2954705,-21.0,20615.60995697975,-21.0
2959729,-21.0,20649.411247015,-21.0
2964241,-21.0,20679.858610868454,-21.0
2969604,-21.0,20716.047380924225,-21.0
2975747,-21.0,20757.123335838318,-21.0
2981882,-21.0,20798.33921766281,-21.0
2987714,-21.0,20837.77218937874,-21.0
2992743,-21.0,20872.13542366028,-21.0
2998166,-21.0,20909.70282435417,-21.0
3003939,-20.0,20949.428114652634,-20.0
3008677,-21.0,20981.725822925568,-21.0
3014717,-19.0,21022.884840488434,-19.0
3020595,-20.0,21063.10510802269,-20.0
3026194,-21.0,21104.546720981598,-21.0
3032475,-19.0,21146.525823116302,-19.0
3038124,-20.0,21184.746762752533,-20.0
3044187,-21.0,21225.42268204689,-21.0
3049412,-21.0,21260.60371541977,-21.0
3054059,-21.0,21291.74232029915,-21.0
3059571,-21.0,21330.988570213318,-21.0
3065271,-21.0,21370.07746696472,-21.0
3070524,-21.0,21405.07198357582,-21.0
3076431,-21.0,21443.903980970383,-21.0
3082359,-20.0,21482.838289260864,-20.0
3088352,-20.0,21522.227900981903,-20.0
3094363,-21.0,21563.0548992157,-21.0
3099638,-21.0,21599.051981925964,-21.0
3105019,-20.0,21635.741775035858,-20.0
3110878,-21.0,21676.015820026398,-21.0
3116277,-21.0,21712.965521097183,-21.0
3121496,-20.0,21748.71779680252,-20.0
3127157,-19.0,21787.32346200943,-19.0
3132570,-21.0,21824.51712322235,-21.0
3138198,-21.0,21862.29350209236,-21.0
3143679,-21.0,21898.597096920013,-21.0
3149573,-20.0,21937.693621635437,-20.0
3154989,-21.0,21973.457443714142,-21.0
3160188,-21.0,22008.691490650177,-21.0
3166183,-19.0,22049.07412147522,-19.0
3172232,-21.0,22089.396356105804,-21.0
3176320,-21.0,22117.045543909073,-21.0
3181741,-21.0,22153.043860435486,-21.0
3188176,-20.0,22195.729059934616,-20.0
3194063,-19.0,22234.701998233795,-19.0
3199744,-21.0,22272.49912238121,-21.0
3206457,-18.0,22317.577558517456,-18.0
3211212,-21.0,22349.38555574417,-21.0
3217834,-19.0,22393.265037298203,-19.0
3222919,-21.0,22427.18891811371,-21.0
3228001,-21.0,22460.966126680374,-21.0
3234480,-19.0,22503.928708553314,-19.0
3239748,-21.0,22539.029817581177,-21.0
3245253,-21.0,22575.33998966217,-21.0
3249958,-21.0,22606.341883420944,-21.0
3255065,-21.0,22640.12628173828,-21.0
3260696,-21.0,22677.355974435806,-21.0
3265101,-21.0,22706.711010217667,-21.0
3271930,-17.0,22752.445640563965,-17.0
3277399,-20.0,22788.957633256912,-20.0
3282971,-20.0,22825.84312224388,-20.0
3288923,-21.0,22865.337417840958,-21.0
3293822,-21.0,22897.919206380844,-21.0
3298893,-21.0,22931.793026447296,-21.0
3304230,-21.0,22968.104592323303,-21.0
3309019,-21.0,22999.91578245163,-21.0
3314095,-21.0,23032.16229581833,-21.0
3321058,-20.0,23076.56727528572,-20.0
3327631,-20.0,23119.39668226242,-20.0
3335484,-19.0,23169.54198050499,-19.0
3341248,-20.0,23206.22749066353,-20.0
3346358,-20.0,23238.55029654503,-20.0
3350813,-21.0,23267.970799446106,-21.0
3355750,-20.0,23300.316301584244,-20.0
3362583,-20.0,23343.360491991043,-20.0
3367911,-21.0,23377.68701028824,-21.0
3373748,-20.0,23415.708797693253,-20.0
3379181,-21.0,23449.93813109398,-21.0
3384318,-21.0,23482.54770207405,-21.0
3390289,-19.0,23520.2382478714,-19.0
3396610,-19.0,23560.298976898193,-19.0
3402603,-21.0,23598.708028316498,-21.0
3408321,-20.0,23634.983697652817,-20.0
3413744,-19.0,23669.234782218933,-19.0
3419110,-20.0,23703.355996131897,-20.0
3423507,-21.0,23731.250467538834,-21.0
3430622,-21.0,23776.361961841583,-21.0
3437583,-20.0,23820.702892541885,-20.0
3442478,-21.0,23851.92503428459,-21.0
3448998,-21.0,23893.079923391342,-21.0
3454676,-21.0,23929.393076896667,-21.0
3460454,-21.0,23966.172422885895,-21.0
3465749,-21.0,23999.882107019424,-21.0
3470476,-21.0,24029.872664928436,-21.0
3476102,-21.0,24065.828988313675,-21.0
3481175,-21.0,24098.78059387207,-21.0
3487045,-20.0,24136.140689849854,-20.0
3493337,-21.0,24176.01220703125,-21.0
3500296,-19.0,24219.922856092453,-19.0
3506459,-21.0,24259.1815097332,-21.0
3514251,-20.0,24308.566372156143,-20.0
3519959,-21.0,24344.676096200943,-21.0
3525342,-20.0,24378.894365549088,-20.0
3531863,-21.0,24420.664617300034,-21.0
3538635,-21.0,24464.395940303802,-21.0
3544493,-21.0,24501.56284046173,-21.0
3549240,-21.0,24531.9794652462,-21.0
3554895,-19.0,24567.972013950348,-19.0
3561813,-19.0,24612.237194299698,-19.0
3567174,-21.0,24646.53755426407,-21.0
3573533,-19.0,24686.99619078636,-19.0
3579551,-19.0,24725.341472387314,-19.0
3585241,-21.0,24761.59277844429,-21.0
3591211,-19.0,24799.563776016235,-19.0
3596775,-21.0,24834.993322134018,-21.0
3603142,-21.0,24875.626964330673,-21.0
3609447,-21.0,24916.350526571274,-21.0
3616271,-19.0,24959.727954149246,-19.0
3621634,-21.0,24994.095689058304,-21.0
3627639,-19.0,25032.738630771637,-19.0
3633998,-21.0,25073.432385206223,-21.0
3638364,-21.0,25101.489119529724,-21.0
3644968,-21.0,25143.228526830673,-21.0
3650476,-21.0,25179.296050071716,-21.0
3656489,-21.0,25217.58821249008,-21.0
3662031,-20.0,25253.342940092087,-20.0
3667677,-21.0,25289.773862600327,-21.0
3674489,-21.0,25333.294977903366,-21.0
3680865,-21.0,25374.014755249023,-21.0
3686944,-21.0,25412.877723932266,-21.0
3692033,-21.0,25445.25945663452,-21.0
3699367,-20.0,25491.91335129738,-20.0
3705345,-21.0,25529.984717845917,-21.0
3710327,-21.0,25561.607669353485,-21.0
3716678,-21.0,25601.6552734375,-21.0
3721703,-20.0,25634.177595853806,-20.0
3726947,-21.0,25667.585071325302,-21.0
3732065,-21.0,25699.992195129395,-21.0
3736897,-21.0,25730.510776281357,-21.0
3742875,-20.0,25768.454558849335,-20.0
3748527,-21.0,25804.3079328537,-21.0
3754522,-21.0,25841.948120355606,-21.0
3760208,-21.0,25877.630378961563,-21.0
3766479,-20.0,25917.757520198822,-20.0
3772287,-21.0,25955.23729777336,-21.0
3778020,-21.0,25991.535037994385,-21.0
3783299,-21.0,26024.67298388481,-21.0
3788965,-21.0,26060.257136821747,-21.0
3794610,-21.0,26095.613591194153,-21.0
3800802,-19.0,26134.82896065712,-19.0
3807505,-20.0,26177.713465690613,-20.0
3813792,-21.0,26217.43710899353,-21.0
3820167,-21.0,26258.287991285324,-21.0
3825562,-21.0,26292.343061447144,-21.0
3831913,-21.0,26332.243411779404,-21.0
3837844,-19.0,26369.639492750168,-19.0
3843066,-20.0,26403.413290262222,-20.0
3848129,-21.0,26435.603011131287,-21.0
3853386,-21.0,26468.87832736969,-21.0
3860147,-21.0,26511.88529419899,-21.0
3868095,-21.0,26562.989478588104,-21.0
3874074,-21.0,26601.49758863449,-21.0
3879625,-21.0,26636.91469693184,-21.0
3886975,-21.0,26683.985679149628,-21.0
3892983,-21.0,26721.901461839676,-21.0
3898054,-20.0,26753.900838136673,-20.0
3902616,-21.0,26782.717353343964,-21.0
3908063,-20.0,26817.161641836166,-20.0
3913796,-21.0,26853.836060762405,-21.0
3918839,-21.0,26886.031136751175,-21.0
3924534,-21.0,26922.058452129364,-21.0
3931740,-19.0,26967.658504724503,-19.0
3937320,-20.0,27003.0498650074,-20.0
3943625,-21.0,27043.248852729797,-21.0
3949822,-20.0,27082.689191818237,-20.0
3955267,-21.0,27117.155398845673,-21.0
3959675,-21.0,27145.309128284454,-21.0
3966181,-20.0,27186.433699131012,-20.0
3971577,-21.0,27220.503863096237,-21.0
3976265,-21.0,27250.27729821205,-21.0
3981450,-21.0,27283.609941244125,-21.0
3987160,-21.0,27320.796741724014,-21.0
3993134,-20.0,27358.659660339355,-20.0
3999597,-19.0,27399.520131349564,-19.0
4007652,-17.0,27450.4459733963,-17.0
4013284,-21.0,27486.32968878746,-21.0
4019361,-21.0,27524.94735312462,-21.0
4023727,-21.0,27552.940547704697,-21.0
4029300,-21.0,27588.388884067535,-21.0
4034661,-21.0,27622.72114419937,-21.0
4040967,-18.0,27663.013738155365,-18.0
4046692,-20.0,27699.704164743423,-20.0
4052509,-20.0,27736.93614077568,-20.0
4057963,-21.0,27771.69318175316,-21.0
4065134,-20.0,27817.395278692245,-20.0
4071128,-21.0,27855.69558906555,-21.0
4076911,-21.0,27892.471442222595,-21.0
4082619,-20.0,27928.998656511307,-20.0
4089273,-21.0,27971.12146449089,-21.0
4095182,-20.0,28008.689519643784,-20.0
4101542,-20.0,28048.87368297577,-20.0
4106579,-21.0,28081.05074071884,-21.0
4112262,-21.0,28117.248382806778,-21.0
4117583,-21.0,28152.009741067886,-21.0
4124499,-20.0,28196.42955327034,-20.0
4130391,-20.0,28234.378509044647,-20.0
4136317,-21.0,28271.81202864647,-21.0
4143285,-20.0,28316.162273168564,-20.0
4149107,-20.0,28353.183319807053,-20.0
4154394,-21.0,28387.363122224808,-21.0
4159919,-20.0,28422.467991113663,-20.0
4166074,-20.0,28461.64986515045,-20.0
4170852,-21.0,28492.510509967804,-21.0
4177049,-21.0,28532.180045843124,-21.0
4183632,-20.0,28573.766164541245,-20.0
4189175,-20.0,28609.31336069107,-20.0
4195066,-21.0,28646.659036159515,-21.0
4200888,-21.0,28683.99617099762,-21.0
4207911,-21.0,28728.42680501938,-21.0
4213643,-20.0,28764.95945239067,-20.0
4220002,-20.0,28805.57589650154,-20.0
4225736,-21.0,28842.081035852432,-21.0
4230891,-21.0,28875.08802342415,-21.0
4236223,-21.0,28909.851859807968,-21.0
4243701,-19.0,28957.75323677063,-19.0
4249355,-20.0,28993.529229402542,-20.0
4254648,-21.0,29027.407390117645,-21.0
4262486,-18.0,29076.83405470848,-18.0
4269966,-21.0,29125.27751159668,-21.0
4276598,-20.0,29167.423706293106,-20.0
4283181,-19.0,29209.21645784378,-19.0
4289620,-21.0,29250.754498243332,-21.0
4295457,-20.0,29288.798439502716,-20.0
4300792,-21.0,29322.821553707123,-21.0
4307075,-21.0,29362.778329610825,-21.0
4313404,-21.0,29403.220616340637,-21.0
4320095,-20.0,29445.866731882095,-20.0
4326008,-21.0,29483.474260807037,-21.0
4331427,-20.0,29518.48276090622,-20.0
4338144,-20.0,29561.164900302887,-20.0
4345010,-20.0,29604.740463495255,-20.0
4351062,-20.0,29643.71483707428,-20.0
4359106,-19.0,29694.79090166092,-19.0
4364609,-21.0,29730.02335000038,-21.0
4370195,-21.0,29766.32017827034,-21.0
4375881,-21.0,29803.00807404518,-21.0
4382912,-19.0,29848.142511844635,-19.0
4388076,-21.0,29881.186561107635,-21.0
4395455,-20.0,29928.240382432938,-20.0
4401051,-21.0,29963.795202732086,-21.0
4407214,-20.0,30003.253452062607,-20.0
4413503,-21.0,30043.62150335312,-21.0
4420094,-21.0,30085.737341165543,-21.0
4425722,-21.0,30121.446108818054,-21.0
4433018,-21.0,30167.99162721634,-21.0
4439458,-21.0,30208.668203353882,-21.0
4444748,-21.0,30242.123040914536,-21.0
4449815,-21.0,30274.323272705078,-21.0
4455878,-21.0,30312.70840859413,-21.0
4462588,-19.0,30355.54976582527,-19.0
4468376,-20.0,30392.384857416153,-20.0
4473966,-20.0,30428.121985673904,-20.0
4479867,-21.0,30465.47204399109,-21.0
4487562,-19.0,30514.182146549225,-19.0
4494033,-20.0,30555.305474042892,-20.0
4499665,-21.0,30592.172657966614,-21.0
4507161,-19.0,30640.023798704147,-19.0
4512379,-21.0,30673.786846876144,-21.0
4519049,-20.0,30717.24506354332,-20.0
4524423,-21.0,30751.66347551346,-21.0
4532048,-21.0,30800.28776907921,-21.0
4537709,-21.0,30836.370770454407,-21.0
4543791,-21.0,30875.236560344696,-21.0
4550885,-21.0,30920.478295087814,-21.0
4556753,-20.0,30958.016263008118,-20.0
4563894,-20.0,31003.47762441635,-20.0
4569867,-19.0,31042.09409379959,-19.0
4576854,-21.0,31086.608207464218,-21.0
4582276,-21.0,31121.659729003906,-21.0
4587951,-21.0,31157.968277692795,-21.0
4593793,-21.0,31195.73200750351,-21.0
4599576,-20.0,31232.749969005585,-20.0
4607209,-21.0,31281.335881710052,-21.0
4612703,-21.0,31316.952425956726,-21.0
4619048,-21.0,31357.549344539642,-21.0
4626478,-21.0,31405.353179216385,-21.0
4632564,-21.0,31444.36785554886,-21.0
4639256,-21.0,31487.13415622711,-21.0
4645936,-19.0,31529.700293779373,-19.0
4652699,-20.0,31573.163107156754,-20.0
4658072,-21.0,31607.26610469818,-21.0
4663481,-21.0,31641.547899007797,-21.0
4670146,-21.0,31683.90515613556,-21.0
4675567,-21.0,31718.441829681396,-21.0
4681751,-18.0,31757.889091730118,-18.0
4687742,-21.0,31796.28926539421,-21.0
4693666,-21.0,31835.134860038757,-21.0
4701199,-21.0,31882.775742530823,-21.0
4708597,-20.0,31929.85674715042,-20.0
4714900,-19.0,31969.835683345795,-19.0
4721126,-21.0,32010.115484714508,-21.0
4726729,-21.0,32045.533277988434,-21.0
4731972,-21.0,32078.817087888718,-21.0
4736929,-21.0,32110.440360069275,-21.0
4744818,-21.0,32161.6250936985,-21.0
4751732,-21.0,32206.644882917404,-21.0
4758633,-21.0,32251.027635335922,-21.0
4765190,-21.0,32292.877453804016,-21.0
4772552,-20.0,32339.303936481476,-20.0
4780758,-18.0,32391.741143226624,-18.0
4789084,-21.0,32445.08932709694,-21.0
4795559,-20.0,32486.482077121735,-20.0
4801532,-21.0,32524.4401242733,-21.0
4808490,-21.0,32568.44029569626,-21.0
4815666,-21.0,32613.955512046814,-21.0
4823627,-21.0,32663.976167201996,-21.0
4831543,-19.0,32714.315613031387,-19.0
4838741,-21.0,32759.48982167244,-21.0
4844620,-21.0,32796.92487239838,-21.0
4850328,-21.0,32833.23972058296,-21.0
4858053,-20.0,32882.346782922745,-20.0
4863666,-21.0,32917.84498357773,-21.0
4869410,-21.0,32954.12564325333,-21.0
4876029,-21.0,32996.249200344086,-21.0
4881833,-20.0,33032.74043917656,-20.0
4889656,-21.0,33082.20250701904,-21.0
4895962,-21.0,33122.150617837906,-21.0
4903107,-19.0,33167.505806684494,-19.0
4909233,-21.0,33206.64959692955,-21.0
4916207,-21.0,33250.96768808365,-21.0
4922398,-20.0,33290.35779905319,-20.0
4929214,-20.0,33333.92734026909,-20.0
4936714,-20.0,33382.324875831604,-20.0
4945729,-21.0,33440.16317462921,-21.0
4952212,-21.0,33481.74246048927,-21.0
4958614,-21.0,33522.576867341995,-21.0
4965832,-21.0,33568.64569211006,-21.0
4971567,-21.0,33605.689230680466,-21.0
4978709,-20.0,33651.30931305885,-20.0
4986516,-21.0,33700.641424417496,-21.0
4993145,-21.0,33742.7411904335,-21.0
5000144,-19.0,33787.85716319084,-19.0
5006405,-21.0,33827.75107574463,-21.0
5013371,-21.0,33871.92552256584,-21.0
5019868,-20.0,33913.10414290428,-20.0
5026123,-20.0,33953.37956595421,-20.0
5033805,-19.0,34002.25967884064,-19.0
5038722,-21.0,34033.847435474396,-21.0
5046762,-21.0,34084.92583179474,-21.0
5053534,-20.0,34128.06223464012,-20.0
5061365,-20.0,34178.25748920441,-20.0
5067990,-21.0,34220.21101593971,-21.0
5074200,-21.0,34259.60572886467,-21.0
5080902,-20.0,34302.13855814934,-20.0
5088620,-21.0,34350.889731645584,-21.0
5096240,-20.0,34399.22680950165,-20.0
5101496,-21.0,34432.861221551895,-21.0
5107460,-21.0,34470.83778858185,-21.0
5114305,-20.0,34514.43747925758,-20.0
5122545,-20.0,34566.908465862274,-20.0
5129965,-21.0,34614.42196083069,-21.0
5137548,-21.0,34662.998242139816,-21.0
5144304,-21.0,34706.49207520485,-21.0
5150823,-19.0,34748.02678823471,-19.0
5157449,-21.0,34790.05196094513,-21.0
5164906,-21.0,34837.198422670364,-21.0
5171724,-21.0,34880.48896932602,-21.0
5177444,-21.0,34917.01522278786,-21.0
5184125,-21.0,34959.813717365265,-21.0
5190471,-20.0,35000.59298443794,-20.0
5198117,-19.0,35049.267189741135,-19.0
5205393,-21.0,35095.61578583717,-21.0
5212443,-19.0,35140.52272415161,-19.0
5219136,-19.0,35183.032408714294,-19.0
5226253,-21.0,35228.640917778015,-21.0
5232348,-21.0,35267.42741727829,-21.0
5238860,-20.0,35308.995314121246,-20.0
5248435,-21.0,35370.178208589554,-21.0
5254949,-21.0,35412.27306389809,-21.0
5261914,-21.0,35456.42981219292,-21.0
5270495,-20.0,35510.98797035217,-20.0
5277603,-19.0,35556.567794561386,-19.0
5283791,-20.0,35595.699398994446,-20.0
5290328,-20.0,35637.805292367935,-20.0
5297877,-21.0,35685.58135390282,-21.0
5306227,-19.0,35738.65251350403,-19.0
5313495,-20.0,35784.79994869232,-20.0
5321357,-21.0,35836.015033721924,-21.0
5329974,-21.0,35890.84045171738,-21.0
5337955,-19.0,35941.416467905045,-19.0
5346048,-20.0,35992.912496089935,-20.0
5354757,-18.0,36048.31651139259,-18.0
5360182,-21.0,36083.17991185188,-21.0
5367313,-21.0,36128.23847866058,-21.0
5373267,-21.0,36166.238412857056,-21.0
5379408,-21.0,36206.066779375076,-21.0
5387456,-21.0,36257.05128908157,-21.0
5394308,-21.0,36300.26608109474,-21.0
5402441,-19.0,36352.10006570816,-19.0
5410484,-20.0,36403.50456380844,-20.0
5417503,-20.0,36448.05676865578,-20.0
5425026,-19.0,36496.492178201675,-19.0
5432418,-21.0,36543.429691791534,-21.0
5438564,-20.0,36582.87416148186,-20.0
5447544,-19.0,36640.044585466385,-19.0
5455827,-21.0,36692.66832947731,-21.0
5462646,-19.0,36736.245829343796,-19.0
5470727,-18.0,36787.51138520241,-18.0
5478420,-21.0,36836.476746082306,-21.0
5486495,-21.0,36887.85535931587,-21.0
5494597,-21.0,36939.78076171875,-21.0
5503695,-20.0,36998.10729408264,-20.0
5512260,-20.0,37052.752133369446,-20.0
5519247,-19.0,37097.87879157066,-19.0
5526397,-20.0,37143.54358410835,-20.0
5534709,-20.0,37196.62237882614,-20.0
5542177,-20.0,37244.247370004654,-20.0
5549158,-21.0,37288.60538673401,-21.0
5556393,-21.0,37335.09918522835,-21.0
5562684,-21.0,37375.23597788811,-21.0
5570577,-20.0,37425.630514383316,-20.0
5578161,-21.0,37474.17347240448,-21.0
5585793,-21.0,37523.031908512115,-21.0
5591436,-20.0,37558.65732002258,-20.0
5599201,-19.0,37608.50765752792,-19.0
5606815,-21.0,37657.013368844986,-21.0
5614679,-20.0,37707.14277791977,-20.0
5621991,-21.0,37753.76282930374,-21.0
5629008,-21.0,37798.14860987663,-21.0
5636324,-20.0,37844.554443359375,-20.0
5642857,-21.0,37886.573647260666,-21.0
5649644,-21.0,37931.03582191467,-21.0
5660751,-19.0,38001.97012758255,-19.0
5668198,-20.0,38049.121423482895,-20.0
5675793,-19.0,38097.40979552269,-19.0
5683908,-21.0,38149.6973567009,-21.0
5691364,-21.0,38197.38287234306,-21.0
5698741,-20.0,38244.147018671036,-20.0
5706362,-21.0,38292.42704486847,-21.0
5715432,-20.0,38350.21829986572,-20.0
5724022,-21.0,38405.095395326614,-21.0
5732322,-21.0,38458.23926997185,-21.0
5738987,-21.0,38501.25794363022,-21.0
5745662,-19.0,38544.08195209503,-19.0
5752739,-20.0,38589.2178812027,-20.0
5760259,-21.0,38637.1248383522,-21.0
5767580,-20.0,38684.006628513336,-20.0
5774835,-21.0,38730.946558237076,-21.0
5782005,-21.0,38777.09722971916,-21.0
5790369,-18.0,38830.41527938843,-18.0
5800078,-19.0,38892.73098683357,-19.0
5807058,-21.0,38937.05988264084,-21.0
5815286,-20.0,38989.74030303955,-20.0
5823346,-19.0,39042.044382333755,-19.0
5831531,-19.0,39094.56424665451,-19.0
5838506,-21.0,39138.80184626579,-21.0
5846705,-21.0,39191.3696846962,-21.0
5854937,-21.0,39243.381202459335,-21.0
5862467,-19.0,39291.217144966125,-19.0
5868778,-21.0,39331.319184303284,-21.0
5878394,-19.0,39392.26719236374,-19.0
5885767,-19.0,39440.06142497063,-19.0
5892705,-20.0,39484.6336710453,-20.0
5900952,-21.0,39537.22546982765,-21.0
5908729,-21.0,39586.87908935547,-21.0
5916180,-21.0,39634.83560848236,-21.0
5922966,-21.0,39678.12037348747,-21.0
5930031,-21.0,39722.86303496361,-21.0
5937330,-21.0,39769.34998989105,-21.0
5944735,-21.0,39816.494710445404,-21.0
5952470,-21.0,39865.567338228226,-21.0
5958609,-20.0,39904.63149499893,-20.0
5965525,-21.0,39948.57248163223,-21.0
5973197,-21.0,39996.79991149902,-21.0
5979608,-21.0,40037.5417535305,-21.0
5990035,-15.0,40104.7310154438,-15.0
5997931,-20.0,40155.20186138153,-20.0
6004531,-21.0,40196.93995165825,-21.0
6012899,-21.0,40250.53715848923,-21.0
6022033,-20.0,40308.73011445999,-20.0
6029395,-19.0,40356.09312200546,-19.0
6039093,-16.0,40418.2994697094,-16.0
6046113,-19.0,40463.3863325119,-19.0
6054726,-21.0,40517.6491458416,-21.0
6062910,-19.0,40569.12753653526,-19.0
6069441,-19.0,40610.38631296158,-19.0
6076293,-21.0,40654.2633972168,-21.0
6084100,-20.0,40703.574471473694,-20.0
6091034,-21.0,40748.35193490982,-21.0
6098208,-20.0,40794.47174739838,-20.0
6106862,-20.0,40849.66751384735,-20.0
6114204,-19.0,40896.622641801834,-19.0
6122170,-21.0,40947.783850193024,-21.0
6130283,-20.0,40999.649054288864,-20.0
6136805,-20.0,41040.97041678429,-20.0
6144695,-19.0,41090.835050821304,-19.0
6151141,-21.0,41132.07933664322,-21.0
6159530,-21.0,41185.118619441986,-21.0
6167580,-21.0,41236.195653915405,-21.0
6173287,-21.0,41272.818840026855,-21.0
6181057,-21.0,41322.078777074814,-21.0
6189183,-20.0,41373.96925282478,-20.0
6196585,-19.0,41420.85311937332,-19.0
6206386,-19.0,41482.915509939194,-19.0
6214188,-20.0,41532.81805753708,-20.0
6223556,-19.0,41592.243723630905,-19.0
6231908,-21.0,41644.96759390831,-21.0
6239633,-21.0,41693.94946193695,-21.0
6247253,-20.0,41742.65004467964,-20.0
6256044,-19.0,41798.471207141876,-19.0
6265428,-20.0,41859.13870859146,-20.0
6275118,-19.0,41920.28776931763,-19.0
6282957,-21.0,41969.934819459915,-21.0
6290590,-20.0,42018.93781924248,-20.0
6299975,-21.0,42078.575979948044,-21.0
6307884,-20.0,42129.039008140564,-20.0
6315128,-21.0,42175.29939055443,-21.0
6323754,-17.0,42229.93906259537,-17.0
6331085,-19.0,42276.65514421463,-19.0
6338073,-20.0,42321.2000644207,-20.0
6345801,-20.0,42370.89671635628,-20.0
6353703,-19.0,42421.051515340805,-19.0
6361610,-20.0,42471.00034928322,-20.0
6368803,-20.0,42515.976219415665,-20.0
6377628,-20.0,42571.48528957367,-20.0
6384146,-21.0,42612.713869810104,-21.0
6394102,-21.0,42675.570227622986,-21.0
6401221,-21.0,42720.56939172745,-21.0
6408873,-21.0,42769.564287900925,-21.0
6416558,-21.0,42818.585977077484,-21.0
6423269,-21.0,42861.06056165695,-21.0
6432250,-19.0,42918.22004342079,-19.0
6439893,-19.0,42966.740668296814,-19.0
6446135,-20.0,43006.09901070595,-20.0
6455209,-19.0,43062.9631793499,-19.0
6462039,-20.0,43106.007502794266,-20.0
6470836,-20.0,43161.34016275406,-20.0
6480091,-19.0,43219.49001145363,-19.0
6487290,-21.0,43264.91723942757,-21.0
6496174,-21.0,43321.33587670326,-21.0
6505962,-19.0,43383.161269426346,-19.0
6515255,-19.0,43442.910952568054,-19.0
6522568,-21.0,43489.403232336044,-21.0
6532325,-20.0,43551.23232793808,-20.0
6539277,-21.0,43596.180651426315,-21.0
6547607,-20.0,43649.23276543617,-20.0
6554366,-21.0,43692.13196563721,-21.0
6561137,-21.0,43735.71842646599,-21.0
6568784,-21.0,43784.4697098732,-21.0
6577797,-21.0,43841.7816696167,-21.0
6585207,-21.0,43888.63693189621,-21.0
6592388,-21.0,43935.01855802536,-21.0
6600876,-21.0,43988.91925382614,-21.0
6610928,-18.0,44052.95432138443,-18.0
6619090,-19.0,44106.60696053505,-19.0
6626231,-21.0,44151.71559000015,-21.0
6633588,-21.0,44198.39626407623,-21.0
6640024,-21.0,44240.02858161926,-21.0
6647601,-19.0,44288.76111149788,-19.0
6655059,-21.0,44336.2201924324,-21.0
6663073,-21.0,44387.262578487396,-21.0
6671117,-21.0,44438.33012008667,-21.0
6678650,-19.0,44485.792578697205,-19.0
6685682,-21.0,44530.76023697853,-21.0
6693445,-21.0,44580.490976810455,-21.0
6701678,-21.0,44633.28664636612,-21.0
6709098,-21.0,44680.55134892464,-21.0
6717141,-19.0,44731.746456861496,-19.0
6725897,-20.0,44787.95646119118,-20.0
6733486,-19.0,44836.48133397102,-19.0
6743237,-21.0,44898.55707025528,-21.0
6750642,-21.0,44945.73337006569,-21.0
6757910,-21.0,44991.82042145729,-21.0
6766370,-21.0,45046.07237243652,-21.0
6773705,-21.0,45092.67639827728,-21.0
6782869,-19.0,45151.018852472305,-19.0
6790497,-21.0,45199.48930501938,-21.0
6798257,-21.0,45249.55155873299,-21.0
6805437,-21.0,45296.32026553154,-21.0
6813386,-21.0,45347.2940993309,-21.0
6821712,-19.0,45400.16546535492,-19.0
6829922,-19.0,45453.35938668251,-19.0
6837844,-20.0,45503.91254591942,-20.0
6846570,-21.0,45559.29360485077,-21.0
6853604,-21.0,45603.86208295822,-21.0
6860376,-20.0,45647.81595373154,-20.0
6867640,-21.0,45693.797726631165,-21.0
6875458,-20.0,45743.48296403885,-20.0
6883569,-20.0,45794.76805973053,-20.0
6889510,-21.0,45832.51227355003,-21.0
6897915,-19.0,45886.20455789566,-19.0
6905426,-20.0,45933.83230948448,-20.0
6913578,-20.0,45985.764358997345,-20.0
6922468,-21.0,46042.261793613434,-21.0
6930647,-21.0,46094.31585717201,-21.0
6937714,-20.0,46139.40330076218,-20.0
6946718,-19.0,46196.559141635895,-19.0
6953796,-20.0,46242.06079244614,-20.0
6962056,-19.0,46294.646265506744,-19.0
6969351,-21.0,46341.08499455452,-21.0
6976680,-20.0,46388.241898059845,-20.0
6985675,-21.0,46445.84360790253,-21.0
6993951,-19.0,46498.518330574036,-19.0
7002849,-19.0,46555.51565003395,-19.0
7010736,-19.0,46606.03853392601,-19.0
7019692,-21.0,46663.862337350845,-21.0
7028173,-19.0,46717.99191880226,-19.0
7036183,-21.0,46769.10133051872,-21.0
7043573,-21.0,46816.99953317642,-21.0
7052331,-21.0,46872.822981119156,-21.0
7060952,-20.0,46928.22610259056,-20.0
7069483,-21.0,46983.29306316376,-21.0
7079549,-17.0,47048.444509744644,-17.0
7087414,-19.0,47098.79257941246,-19.0
7094330,-21.0,47143.48400807381,-21.0
7101528,-21.0,47189.39005565643,-21.0
7109587,-21.0,47241.29278469086,-21.0
7118521,-20.0,47298.25813794136,-20.0
7127161,-21.0,47353.30839037895,-21.0
7135494,-19.0,47406.49095082283,-19.0
7143703,-20.0,47458.873282670975,-20.0
7151810,-20.0,47510.53562045097,-20.0
7160690,-18.0,47567.38540792465,-18.0
7168273,-19.0,47616.03071689606,-19.0
7175041,-21.0,47659.419048309326,-21.0
7183743,-21.0,47715.14143538475,-21.0
7193168,-21.0,47775.45147252083,-21.0
7201780,-20.0,47830.74203634262,-20.0
7209879,-19.0,47882.51151371002,-19.0
7219360,-17.0,47943.00708913803,-17.0
7228631,-21.0,48002.53438091278,-21.0
7236036,-20.0,48050.2610578537,-20.0
7243704,-20.0,48099.68495607376,-20.0
7252385,-21.0,48155.55635666847,-21.0
7259807,-21.0,48203.40107536316,-21.0
7267980,-19.0,48255.37327980995,-19.0
7274816,-19.0,48298.942754268646,-19.0
7284226,-19.0,48359.093207359314,-19.0
7292839,-21.0,48414.27734923363,-21.0
7301481,-20.0,48469.735488176346,-20.0
7310657,-20.0,48528.28145289421,-20.0
7316876,-21.0,48567.721521139145,-21.0
7323776,-21.0,48611.55178260803,-21.0
7329535,-21.0,48648.34678316116,-21.0
7339073,-17.0,48710.04616332054,-17.0
7345471,-21.0,48751.12594628334,-21.0
7352842,-21.0,48798.14421272278,-21.0
7361055,-19.0,48850.35503435135,-19.0
7371628,-17.0,48917.79276680946,-17.0
7381655,-19.0,48981.86162829399,-19.0
7390156,-20.0,49036.432533741,-20.0
7398272,-21.0,49090.8974738121,-21.0
7404108,-20.0,49128.567828416824,-20.0
7412529,-20.0,49182.34199333191,-20.0
7420293,-19.0,49232.87919831276,-19.0
7429188,-19.0,49289.99724030495,-19.0
7437001,-21.0,49340.019530296326,-21.0
7445343,-19.0,49393.26102757454,-19.0
7454218,-20.0,49449.811054468155,-20.0
7462803,-21.0,49504.69440793991,-21.0
7470314,-21.0,49553.19174480438,-21.0
7480340,-19.0,49618.23400378227,-19.0
7487833,-20.0,49666.19103264809,-20.0
7496476,-19.0,49721.55551791191,-19.0
7503018,-21.0,49763.246968984604,-21.0
7511618,-19.0,49818.07105135918,-19.0
7519203,-21.0,49866.497379779816,-21.0
7527054,-21.0,49916.6677737236,-21.0
7536658,-19.0,49977.10001015663,-19.0
7545783,-20.0,50034.78681516647,-20.0
7554861,-20.0,50092.46411347389,-20.0
7563587,-21.0,50148.64301919937,-21.0
7572065,-21.0,50202.412994623184,-21.0
7580746,-21.0,50257.8009557724,-21.0
7588267,-20.0,50305.63415980339,-20.0
7595844,-21.0,50354.27229952812,-21.0
7603864,-20.0,50405.05985856056,-20.0
7611726,-19.0,50454.95858383179,-19.0
7621247,-19.0,50515.01573181152,-19.0
7628756,-21.0,50562.476449012756,-21.0
7636564,-19.0,50611.59310936928,-19.0
7643034,-20.0,50652.67250037193,-20.0
7651415,-18.0,50705.47552037239,-18.0
7659637,-19.0,50757.333829164505,-19.0
7667342,-20.0,50805.97372961044,-20.0
7674864,-19.0,50853.135429143906,-19.0
7682167,-19.0,50899.725338459015,-19.0
7691015,-18.0,50955.12700986862,-18.0
7700030,-19.0,51011.82519578934,-19.0
7708683,-21.0,51066.22469687462,-21.0
7716960,-20.0,51118.6059653759,-20.0
7724064,-20.0,51164.27455210686,-20.0
7733489,-20.0,51223.15150856972,-20.0
7742718,-19.0,51280.791044950485,-19.0
7750074,-18.0,51327.19872355461,-18.0
7758556,-19.0,51380.778931856155,-19.0
7769171,-19.0,51447.2312142849,-19.0
7776814,-21.0,51495.541689157486,-21.0
7785373,-21.0,51549.64331960678,-21.0
7792585,-20.0,51594.91750621796,-20.0
7802540,-19.0,51657.765466213226,-19.0
7811677,-18.0,51715.33539700508,-18.0
7820129,-20.0,51768.66910266876,-20.0
7828122,-21.0,51818.87331914902,-21.0
7835195,-19.0,51863.346376657486,-19.0
7844069,-20.0,51919.09686255455,-20.0
7851929,-21.0,51968.48821282387,-21.0
7860767,-20.0,52024.982503414154,-20.0
7870318,-20.0,52084.85233283043,-20.0
7878285,-20.0,52134.91253709793,-20.0
7886053,-21.0,52183.64998149872,-21.0
7894325,-19.0,52236.66444706917,-19.0
7902544,-21.0,52288.55970096588,-21.0
7912183,-19.0,52349.420721292496,-19.0
7921442,-20.0,52407.86453676224,-20.0
7930876,-20.0,52467.04736804962,-20.0
7937675,-20.0,52509.66421580315,-20.0
7944810,-20.0,52554.36660504341,-20.0
7954347,-20.0,52614.35218644142,-20.0
7962702,-19.0,52666.62420773506,-19.0
7970380,-21.0,52714.9040825367,-21.0
7977747,-20.0,52761.20683121681,-20.0
7987334,-19.0,52821.08311700821,-19.0
7996247,-19.0,52876.94773364067,-19.0
8002593,-21.0,52916.35782837868,-21.0
8009879,-21.0,52961.80191493034,-21.0
8017707,-20.0,53011.10748958588,-20.0
8028659,-16.0,53079.439579963684,-16.0
8037517,-21.0,53134.8666601181,-21.0
8045742,-20.0,53186.837235450745,-20.0
8054104,-20.0,53239.67117190361,-20.0
8062411,-18.0,53291.51684880257,-18.0
8068877,-21.0,53332.35589361191,-21.0
8077756,-18.0,53388.45866918564,-18.0
8087725,-19.0,53451.3781144619,-19.0
8095631,-21.0,53500.49615859985,-21.0
8103014,-21.0,53546.55962729454,-21.0
8111389,-21.0,53599.43928050995,-21.0
8119214,-21.0,53648.78554439545,-21.0
8127845,-19.0,53702.72281169891,-19.0
8137362,-20.0,53762.522668361664,-20.0
8145694,-21.0,53814.47156691551,-21.0
8153664,-20.0,53864.13006544113,-20.0
8162337,-18.0,53918.32419037819,-18.0
8172513,-19.0,53982.416801929474,-19.0
8181493,-20.0,54038.00615358353,-20.0
8191338,-21.0,54099.56899166107,-21.0
8201572,-17.0,54163.391720056534,-17.0
8212892,-18.0,54235.28082728386,-18.0
8223573,-19.0,54302.30385971069,-19.0
8232996,-17.0,54361.1417222023,-17.0
8240460,-21.0,54407.8136639595,-21.0
8250856,-20.0,54473.61489248276,-20.0
8259237,-21.0,54525.93144583702,-21.0
8266604,-21.0,54571.6882379055,-21.0
8273795,-20.0,54616.49391365051,-20.0
8283708,-17.0,54678.98925280571,-17.0
8291787,-19.0,54729.47530245781,-19.0
8302597,-19.0,54797.393491983414,-19.0
8311190,-19.0,54851.310982465744,-19.0
8320596,-20.0,54909.993055820465,-20.0
8329867,-20.0,54968.523832798004,-20.0
8338413,-21.0,55022.65964221954,-21.0
8346050,-21.0,55070.060113191605,-21.0
8353764,-21.0,55117.9888753891,-21.0
8363644,-21.0,55179.770886182785,-21.0
8372846,-20.0,55238.73880958557,-20.0
8379847,-19.0,55282.33382487297,-19.0
8390048,-20.0,55346.18292045593,-20.0
8399728,-19.0,55406.48641824722,-19.0
8408842,-21.0,55464.40792441368,-21.0
8418046,-20.0,55522.44498252869,-20.0
8429972,-16.0,55597.230070114136,-16.0
8437548,-21.0,55644.30511856079,-21.0
8446076,-21.0,55697.65454673767,-21.0
8454680,-19.0,55751.41161489487,-19.0
8463863,-19.0,55808.94828057289,-19.0
8472647,-19.0,55864.20678830147,-19.0
8481087,-19.0,55917.097064971924,-19.0
8489101,-18.0,55967.54746198654,-18.0
8496409,-21.0,56014.1178548336,-21.0
8505710,-18.0,56072.51727890968,-18.0
8513807,-21.0,56123.35323572159,-21.0
8522825,-21.0,56179.6756439209,-21.0
8533082,-21.0,56245.02106451988,-21.0
8542752,-21.0,56305.521867990494,-21.0
8551930,-20.0,56362.994138002396,-20.0
8560227,-21.0,56415.22366285324,-21.0
8566375,-21.0,56453.999527454376,-21.0
8573548,-20.0,56498.98948216438,-20.0
8583143,-18.0,56558.69049668312,-18.0
8593246,-18.0,56622.072867155075,-18.0
8602318,-19.0,56678.58970093727,-19.0
8609814,-20.0,56725.68986439705,-20.0
8619852,-19.0,56788.5507247448,-19.0
8626436,-20.0,56829.80432009697,-20.0
8635838,-19.0,56888.77511262894,-19.0
8646316,-19.0,56954.636014938354,-19.0
8655168,-20.0,57010.3335249424,-20.0
8664706,-20.0,57069.77934360504,-20.0
8671546,-20.0,57112.47710633278,-20.0
8681552,-19.0,57174.58688831329,-19.0
8690435,-21.0,57230.49284529686,-21.0
8698016,-20.0,57278.35432815552,-20.0
8707841,-18.0,57340.02486920357,-18.0
8715017,-21.0,57385.12572002411,-21.0
8724239,-19.0,57443.99609565735,-19.0
8732329,-21.0,57496.00168013573,-21.0
8743247,-18.0,57564.55973529816,-18.0
8751423,-19.0,57616.24638795853,-19.0
